Tournament,Stage,Match Type,Team A,Team B,Team A Winrate vs B,Team A Recent H2H vs B,Team A H2H Count,Team A Recent H2H Count,Team A Winrate,Team A Elo,Team A International Elo,Team A LAN Winrate,Team B Winrate vs A,Team B Recent H2H vs A,Team B H2H Count,Team B Recent H2H Count,Team B Winrate,Team B Elo,Team B International Elo,Team B LAN Winrate,Team A K/D Ratio,Team B K/D Ratio,Team A Average Damage,Team B Average Damage,Team A Average Combat Score,Team B Average Combat Score,Team A Average First Kills,Team B Average First Kills,Team A Average First Deaths Per Round,Team B Average First Deaths Per Round,Team A Rating,Team B Rating,Team A KAST,Team B KAST,Team A Clutch Success,Team B Clutch Success,Is LAN,Same Region,Team A Roster Stability,Team B Roster Stability,Roster stability delta,Team A Map Pool Strength,Team B Map Pool Strength,Map pool strength delta,Team A Map Pool Differential,Team B Map Pool Differential,Map pool differential delta,Team A Win
Valorant Champions 2021,Group Stage,Opening (D),Vision Strikers,FULL SENSE,50.0,50.0,0,0,50.0,1500.0,1500.0,50.0,50.0,50.0,0,0,50.0,1500.0,1500.0,50.0,1.0,1.0,130.0,130.0,200.0,200.0,5.0,5.0,0.25,0.25,1.0,1.0,70.0,70.0,15.0,15.0,1,1,100.0,100.0,0.0,50.0,50.0,0.0,0.0,0.0,0.0,1
Valorant Champions 2021,Group Stage,Opening (C),Team Vikings,Crazy Raccoon,50.0,50.0,0,0,50.0,1500.0,1500.0,50.0,50.0,50.0,0,0,50.0,1500.0,1500.0,50.0,1.0,1.0,130.0,130.0,200.0,200.0,5.0,5.0,0.25,0.25,1.0,1.0,70.0,70.0,15.0,15.0,1,0,100.0,100.0,0.0,50.0,50.0,0.0,0.0,0.0,0.0,1
Valorant Champions 2021,Group Stage,Opening (D),FNATIC,Cloud9,50.0,50.0,0,0,50.0,1500.0,1500.0,50.0,50.0,50.0,0,0,50.0,1500.0,1500.0,50.0,1.0,1.0,130.0,130.0,200.0,200.0,5.0,5.0,0.25,0.25,1.0,1.0,70.0,70.0,15.0,15.0,1,0,100.0,100.0,0.0,50.0,50.0,0.0,0.0,0.0,0.0,1
Valorant Champions 2021,Group Stage,Opening (C),Gambit Esports,Team Secret,50.0,50.0,0,0,50.0,1500.0,1500.0,50.0,50.0,50.0,0,0,50.0,1500.0,1500.0,50.0,1.0,1.0,130.0,130.0,200.0,200.0,5.0,5.0,0.25,0.25,1.0,1.0,70.0,70.0,15.0,15.0,1,0,100.0,100.0,0.0,50.0,50.0,0.0,0.0,0.0,0.0,1
Valorant Champions 2021,Group Stage,Opening (B),Sentinels,FURIA,50.0,50.0,0,0,50.0,1500.0,1500.0,50.0,50.0,50.0,0,0,50.0,1500.0,1500.0,50.0,1.0,1.0,130.0,130.0,200.0,200.0,5.0,5.0,0.25,0.25,1.0,1.0,70.0,70.0,15.0,15.0,1,1,100.0,100.0,0.0,50.0,50.0,0.0,0.0,0.0,0.0,1
Valorant Champions 2021,Group Stage,Opening (B),KRÜ Esports,Team Liquid,50.0,50.0,0,0,50.0,1500.0,1500.0,50.0,50.0,50.0,0,0,50.0,1500.0,1500.0,50.0,1.0,1.0,130.0,130.0,200.0,200.0,5.0,5.0,0.25,0.25,1.0,1.0,70.0,70.0,15.0,15.0,1,0,100.0,100.0,0.0,50.0,50.0,0.0,0.0,0.0,0.0,0
Valorant Champions 2021,Group Stage,Winner's (D),Vision Strikers,FNATIC,50.0,50.0,0,0,100.0,1517.6,1517.6,100.0,50.0,50.0,0,0,100.0,1515.2,1515.2,100.0,1.3853846153846154,1.1235294117647057,140.15384615384616,132.76470588235293,207.0,201.11764705882354,3.076923076923077,4.823529411764706,0.07769230769230771,0.08647058823529412,1.1938461538461536,1.0899999999999999,79.46153846153847,75.58823529411765,16.90909090909091,3.764705882352941,1,0,100.0,100.0,0.0,66.66666666666666,33.33333333333333,33.33333333333333,0.0,0.0,0.0,0
Valorant Champions 2021,Group Stage,Opening (A),ENVY,X10 Esports,50.0,50.0,0,0,50.0,1500.0,1500.0,50.0,50.0,50.0,0,0,50.0,1500.0,1500.0,50.0,1.0,1.0,130.0,130.0,200.0,200.0,5.0,5.0,0.25,0.25,1.0,1.0,70.0,70.0,15.0,15.0,1,0,100.0,100.0,0.0,50.0,50.0,0.0,0.0,0.0,0.0,1
Valorant Champions 2021,Group Stage,Winner's (C),Gambit Esports,Team Vikings,50.0,50.0,0,0,100.0,1515.2,1515.2,100.0,50.0,50.0,0,0,100.0,1517.6,1517.6,100.0,1.3716666666666668,1.3053846153846156,135.33333333333334,150.69230769230768,205.83333333333334,221.6153846153846,3.4166666666666665,3.6153846153846154,0.0625,0.07461538461538461,1.095,1.183076923076923,70.66666666666667,79.92307692307692,24.4,29.454545454545453,1,0,100.0,100.0,0.0,66.66666666666666,66.66666666666666,0.0,0.0,0.0,0.0,1
Valorant Champions 2021,Group Stage,Winner's (B),Team Liquid,Sentinels,50.0,50.0,0,0,100.0,1517.6,1517.6,100.0,50.0,50.0,0,0,100.0,1515.2,1515.2,100.0,1.3469230769230771,1.0671428571428572,146.92307692307693,130.14285714285714,226.3846153846154,189.42857142857142,3.3846153846153846,5.285714285714286,0.07230769230769231,0.09285714285714285,1.2253846153846153,1.052857142857143,82.3076923076923,71.71428571428571,32.07692307692308,23.714285714285715,1,0,100.0,100.0,0.0,66.66666666666666,55.55555555555555,11.111111111111107,0.0,0.0,0.0,1
Valorant Champions 2021,Group Stage,Opening (A),Acend,Keyd Stars,50.0,50.0,0,0,50.0,1500.0,1500.0,50.0,50.0,50.0,0,0,50.0,1500.0,1500.0,50.0,1.0,1.0,130.0,130.0,200.0,200.0,5.0,5.0,0.25,0.25,1.0,1.0,70.0,70.0,15.0,15.0,1,0,100.0,100.0,0.0,50.0,50.0,0.0,0.0,0.0,0.0,1
Valorant Champions 2021,Group Stage,Elimination (C),Team Secret,Crazy Raccoon,50.0,50.0,0,0,0.0,1484.8,1484.8,0.0,50.0,50.0,0,0,0.0,1482.4,1482.4,0.0,0.8508333333333334,0.6966666666666667,110.41666666666667,113.25,174.5,170.91666666666666,2.6666666666666665,2.0833333333333335,0.11916666666666668,0.1125,0.7991666666666667,0.7941666666666666,66.16666666666667,60.833333333333336,9.090909090909092,13.666666666666666,1,1,100.0,100.0,0.0,33.33333333333333,33.33333333333333,0.0,0.0,0.0,0.0,1
Valorant Champions 2021,Group Stage,Elimination (B),KRÜ Esports,FURIA,50.0,50.0,0,0,0.0,1482.4,1482.4,0.0,50.0,50.0,0,0,0.0,1484.8,1484.8,0.0,0.7699999999999999,0.9240000000000002,122.6,116.2,185.4,177.8,2.8,4.4,0.13,0.101,0.748,0.933,62.6,68.4,11.0,19.875,1,1,100.0,100.0,0.0,33.33333333333333,44.44444444444444,-11.111111111111114,0.0,0.0,0.0,1
Valorant Champions 2021,Group Stage,Elimination (D),FULL SENSE,Cloud9,50.0,50.0,0,0,0.0,1482.4,1482.4,0.0,50.0,50.0,0,0,0.0,1484.8,1484.8,0.0,0.7418181818181818,0.8792307692307693,122.0,124.53846153846153,172.1818181818182,184.46153846153845,1.8181818181818181,4.461538461538462,0.11090909090909093,0.11384615384615386,0.7881818181818182,0.9038461538461539,64.36363636363636,68.07692307692308,4.818181818181818,21.692307692307693,1,0,100.0,100.0,0.0,33.33333333333333,66.66666666666666,-33.33333333333333,0.0,0.0,0.0,0
Valorant Champions 2021,Group Stage,Winner's (A),Acend,ENVY,50.0,50.0,0,0,100.0,1515.2,1515.2,100.0,50.0,50.0,0,0,100.0,1517.6,1517.6,100.0,1.0664705882352943,1.2144444444444444,123.58823529411765,134.22222222222223,187.58823529411765,203.55555555555554,3.764705882352941,3.3333333333333335,0.0711764705882353,0.08666666666666668,1.1142857142857143,1.1177777777777778,76.88235294117646,71.77777777777777,17.375,8.0,1,0,100.0,100.0,0.0,66.66666666666666,66.66666666666666,0.0,0.0,0.0,0.0,1
Valorant Champions 2021,Group Stage,Elimination (A),Keyd Stars,X10 Esports,50.0,50.0,0,0,0.0,1484.8,1484.8,0.0,50.0,50.0,0,0,0.0,1482.4,1482.4,0.0,0.898,0.8271428571428572,111.73333333333333,119.28571428571429,167.0,180.85714285714286,2.3333333333333335,2.857142857142857,0.09333333333333334,0.1,0.9146153846153846,0.8414285714285713,75.06666666666666,67.14285714285714,26.142857142857142,6.428571428571429,1,0,100.0,100.0,0.0,33.33333333333333,33.33333333333333,0.0,0.0,0.0,0.0,0
Valorant Champions 2021,Group Stage,Decider (B),Sentinels,KRÜ Esports,50.0,50.0,0,0,50.0,1500.1049962102084,1500.1049962102084,50.0,50.0,50.0,0,0,50.0,1497.7049962102083,1497.7049962102083,46.34146341463415,1.0316483516483517,0.9295454545454545,126.22527472527472,132.25454545454545,190.4065934065934,200.0181818181818,4.835164835164836,3.7636363636363637,0.08565934065934065,0.11318181818181819,1.0221978021978022,0.9108181818181819,69.54945054945054,67.25454545454545,18.626373626373628,10.772727272727273,1,1,98.92692307692307,94.30136363636363,4.625559440559442,43.33333333333333,50.0,-6.666666666666671,0.0,0.0,0.0,0
Valorant Champions 2021,Group Stage,Decider (D),Vision Strikers,Cloud9,50.0,50.0,0,0,50.0,1502.2950037897917,1502.2950037897917,53.658536585365866,50.0,50.0,0,0,50.0,1502.2784254408116,1502.2784254408116,53.658536585365866,1.162275641025641,1.0186153846153847,131.8269230769231,132.93589743589743,194.75,197.56410256410254,3.1634615384615383,3.6974358974358976,0.09676282051282054,0.1085897435897436,1.07025641025641,1.0115897435897436,74.18910256410257,70.57179487179488,12.537878787878789,23.060439560439562,1,0,95.67435897435898,96.22897435897436,-0.5546153846153743,72.22222222222221,72.22222222222221,0.0,0.0,0.0,0.0,0
Valorant Champions 2021,Group Stage,Decider (C),Team Vikings,Team Secret,50.0,50.0,0,0,50.0,1502.2950037897917,1502.2950037897917,53.658536585365866,50.0,50.0,0,0,50.0,1502.2784254408116,1502.2784254408116,53.658536585365866,1.1488687782805431,1.286570512820513,142.31674208144796,131.59294871794873,212.42533936651586,199.98076923076923,3.6312217194570136,2.717948717948718,0.091131221719457,0.09035256410256412,1.0856561085972851,1.0649679487179489,74.81447963800905,74.81410256410257,24.521390374331553,29.454545454545457,1,0,96.59027149321267,90.69695512820513,5.893316365007536,50.0,55.55555555555555,-5.55555555555555,0.0,0.0,0.0,0
Valorant Champions 2021,Group Stage,Decider (A),ENVY,X10 Esports,66.66666666666666,66.66666666666666,1,1,50.0,1499.8784254408115,1499.8784254408115,50.0,33.33333333333334,33.33333333333334,1,1,50.0,1500.1215745591885,1500.1215745591885,50.0,1.0343650793650794,1.180904761904762,130.25396825396825,135.54285714285714,191.06349206349205,205.7952380952381,3.0238095238095237,2.895238095238095,0.1111904761904762,0.09133333333333335,0.9938888888888888,1.0207142857142855,70.81746031746032,72.50476190476189,8.571428571428571,8.422619047619047,1,0,95.66388888888889,93.72500000000001,1.9388888888888829,55.55555555555555,44.44444444444444,11.111111111111107,0.0,0.0,0.0,0
Valorant Champions Tour Stage 3: Masters Berlin,Group Stage,Opening (A),Papara SuperMassive,Acend,50.0,50.0,0,0,50.0,1500.0,1500.0,50.0,50.0,50.0,0,0,100.0,1532.9215745591885,1532.9215745591885,100.0,1.0,1.118901960784314,130.0,126.66078431372549,200.0,196.49411764705883,5.0,3.7490196078431373,0.25,0.07358823529411765,1.0,1.1018095238095238,70.0,78.67450980392157,15.0,21.45673076923077,1,1,100.0,99.56333333333333,0.4366666666666674,50.0,66.66666666666666,-16.666666666666657,0.0,0.0,0.0,0
Valorant Champions Tour Stage 3: Masters Berlin,Group Stage,Group D,G2 Esports,F4Q,50.0,50.0,0,0,50.0,1500.0,1500.0,50.0,50.0,50.0,0,0,50.0,1500.0,1500.0,50.0,1.0,1.0,130.0,130.0,200.0,200.0,5.0,5.0,0.25,0.25,1.0,1.0,70.0,70.0,15.0,15.0,1,0,100.0,100.0,0.0,50.0,50.0,0.0,0.0,0.0,0.0,1
Valorant Champions Tour Stage 3: Masters Berlin,Group Stage,Opening (C),100 Thieves,Liberty,50.0,50.0,0,0,50.0,1500.0,1500.0,50.0,50.0,50.0,0,0,50.0,1500.0,1500.0,50.0,1.0,1.0,130.0,130.0,200.0,200.0,5.0,5.0,0.25,0.25,1.0,1.0,70.0,70.0,15.0,15.0,1,1,100.0,100.0,0.0,50.0,50.0,0.0,0.0,0.0,0.0,1
Valorant Champions Tour Stage 3: Masters Berlin,Group Stage,Opening (A),Vision Strikers,Paper Rex,50.0,50.0,0,0,33.33333333333333,1487.0942785016668,1487.0942785016668,36.66666666666667,50.0,50.0,0,0,50.0,1500.0,1500.0,50.0,1.1154754273504273,1.0,129.86378205128207,130.0,194.1875,200.0,3.4006410256410255,5.0,0.10055021367521368,0.25,1.0351709401709401,1.0,72.58440170940172,70.0,12.10858585858586,15.0,1,1,96.06426124608785,100.0,-3.9357387539121476,58.33333333333333,50.0,8.333333333333329,0.0,0.0,0.0,1
Valorant Champions Tour Stage 3: Masters Berlin,Group Stage,Opening (C),Gambit Esports,Crazy Raccoon,50.0,50.0,0,0,100.0,1530.5049962102082,1530.5049962102082,100.0,50.0,50.0,0,0,0.0,1464.9215745591885,1464.9215745591885,0.0,1.2240151515151516,0.6883333333333332,140.3030303030303,111.25,209.91666666666669,166.33333333333331,3.753787878787879,1.9166666666666667,0.07352272727272727,0.12875,1.0570454545454546,0.7445833333333334,70.83333333333334,58.91666666666667,21.381818181818183,6.833333333333333,1,0,98.67159090909091,98.26458333333333,0.40700757575757507,66.66666666666666,27.777777777777775,38.888888888888886,0.0,0.0,0.0,1
Valorant Champions Tour Stage 3: Masters Berlin,Group Stage,Opening (B),Keyd Stars,ENVY,50.0,50.0,0,0,0.0,1467.0784254408115,1467.0784254408115,0.0,50.0,50.0,0,0,33.33333333333333,1484.6890629982465,1484.6890629982465,34.92063492063492,0.7785454545454545,1.0186676286676286,113.5030303030303,131.92688792688793,168.54545454545456,193.86050986050986,2.303030303030303,3.44011544011544,0.10666666666666667,0.1204906204906205,0.8250349650349651,0.9822895622895622,68.16969696969697,70.999518999519,17.98051948051948,8.547619047619047,1,1,96.86468531468532,96.41332929162932,0.4513560230559932,33.33333333333333,46.666666666666664,-13.333333333333336,0.0,0.0,0.0,0
Valorant Champions Tour Stage 3: Masters Berlin,Group Stage,Opening (B),KRÜ Esports,ZETA DIVISION,50.0,50.0,0,0,66.66666666666666,1513.0099924204164,1513.0099924204164,63.33333333333333,50.0,50.0,0,0,50.0,1500.0,1500.0,50.0,0.9673892773892773,1.0,135.86200466200467,130.0,204.75571095571095,200.0,3.714219114219114,5.0,0.1028904428904429,0.25,0.9366993006993006,1.0,67.83636363636363,70.0,9.54079254079254,15.0,1,0,95.1739532975814,100.0,-4.826046702418594,57.77777777777777,50.0,7.7777777777777715,0.0,0.0,0.0,1
Valorant Champions Tour Stage 3: Masters Berlin,Group Stage,Group D,Sentinels,G2 Esports,50.0,50.0,0,0,33.33333333333333,1484.8000000000002,1484.8000000000002,33.333333333333336,50.0,50.0,0,0,100.0,1515.2,1515.2,100.0,1.0606544566544567,1.0928571428571427,130.77240537240536,136.42857142857142,197.91550671550672,204.23809523809524,4.667887667887668,9.047619047619047,0.08066178266178266,0.1038095238095238,1.0423540903540904,1.0666666666666667,70.6107448107448,73.14285714285714,17.655677655677653,9.789473684210526,1,1,98.67220528511376,100.0,-1.3277947148862381,38.095238095238095,72.22222222222221,-34.12698412698412,0.0,0.0,0.0,1
Valorant Champions Tour Stage 3: Masters Berlin,Group Stage,Winner's (C),Gambit Esports,100 Thieves,50.0,50.0,0,0,100.0,1544.8216502238242,1544.8216502238242,100.0,50.0,50.0,0,0,100.0,1517.6,1517.6,100.0,1.741936026936027,1.526923076923077,146.16498316498317,150.3846153846154,221.6851851851852,233.6153846153846,3.3173400673400675,3.230769230769231,0.07382996632996633,0.08307692307692308,1.1984006734006734,1.2469230769230768,76.18518518518518,81.38461538461539,27.58787878787879,49.0,1,0,92.91970148997869,100.0,-7.080298510021308,66.66666666666666,66.66666666666666,0.0,0.0,0.0,0.0,0
Valorant Champions Tour Stage 3: Masters Berlin,Group Stage,Winner's (B),ENVY,KRÜ Esports,50.0,50.0,0,0,50.0,1501.397726401212,1501.397726401212,51.76470588235295,50.0,50.0,0,0,75.0,1527.6410826237268,1527.6410826237268,72.1518987341772,1.0176118326118324,0.9849537227478403,134.8896103896104,134.73473879062112,195.58982683982686,202.80207733443027,3.357864357864358,3.815076100370218,0.12120129870129871,0.09643253805018512,0.9833838383838385,0.9644362402303579,69.08297258297259,68.14197860962567,10.716269841269842,10.688927738927738,1,1,96.89314376413395,95.49496264733426,1.398181116799691,46.666666666666664,57.49999999999999,-10.833333333333329,0.0,0.0,0.0,1
Valorant Champions Tour Stage 3: Masters Berlin,Group Stage,Winner's (A),Vision Strikers,Acend,50.0,50.0,0,0,50.0,1505.347741462623,1505.347741462623,53.658536585365866,50.0,50.0,0,0,100.0,1548.8588439695027,1548.8588439695027,100.0,1.1716065705128205,1.1463790849673205,130.4205638111888,130.21830065359475,195.75426136363637,202.50718954248364,3.186844405594406,3.254901960784314,0.0940490238927739,0.08750326797385621,1.0616054778554778,1.107206349206349,73.7564831002331,76.73856209150325,12.331439393939394,19.89423076923077,1,0,96.233627244905,99.55449293696971,-3.3208656920647144,62.85714285714287,72.22222222222221,-9.365079365079346,0.0,0.0,0.0,1
Valorant Champions Tour Stage 3: Masters Berlin,Group Stage,Group D,F4Q,Sentinels,50.0,50.0,0,0,0.0,1484.8,1484.8,0.0,50.0,50.0,0,0,50.0,1501.3265894462445,1501.3265894462445,50.0,0.7746666666666665,1.079935286935287,122.8,131.78763736263735,178.33333333333334,199.7282967032967,11.533333333333333,6.389804639804639,0.10066666666666668,0.08299633699633699,0.7766666666666666,1.0503766788766788,63.2,71.16639194139194,6.0,16.63064713064713,1,0,100.0,98.75147719927706,1.248522800722938,27.777777777777775,43.0,-15.222222222222225,0.0,0.0,0.0,0
Valorant Champions Tour Stage 3: Masters Berlin,Group Stage,Group D,F4Q,G2 Esports,33.333333333333336,33.333333333333336,1,1,0.0,1468.0365544780293,1468.0365544780293,0.0,66.66666666666666,66.66666666666666,1,1,50.0,1498.6734105537557,1498.6734105537557,50.0,0.7746666666666665,1.0928571428571427,122.8,136.42857142857142,178.33333333333334,204.23809523809524,11.533333333333333,9.047619047619047,0.10066666666666668,0.1038095238095238,0.7766666666666666,1.0666666666666667,63.2,73.14285714285714,6.0,9.789473684210526,1,0,100.0,100.0,0.0,31.25,58.333333333333336,-27.083333333333336,0.0,0.0,0.0,0
Valorant Champions Tour Stage 3: Masters Berlin,Group Stage,Elimination (B),Keyd Stars,ZETA DIVISION,50.0,50.0,0,0,0.0,1450.3697620378462,1450.3697620378462,0.0,50.0,50.0,0,0,0.0,1485.3689097966896,1485.3689097966896,0.0,0.814956228956229,1.2133333333333336,117.85387205387205,131.33333333333334,176.51178451178453,210.16666666666666,2.9797979797979797,3.3333333333333335,0.10851851851851853,0.09583333333333334,0.8544677544677546,1.0458333333333332,67.59461279461279,65.33333333333333,18.61664261664262,4.545454545454546,1,0,97.0545163842875,100.0,-2.9454836157125044,33.33333333333333,50.0,-16.66666666666667,0.0,0.0,0.0,1
Valorant Champions Tour Stage 3: Masters Berlin,Group Stage,Elimination (C),Crazy Raccoon,Liberty,50.0,50.0,0,0,0.0,1450.6049205455724,1450.6049205455724,0.0,50.0,50.0,0,0,0.0,1482.4,1482.4,0.0,0.5949494949494949,0.6218181818181819,104.2878787878788,109.18181818181819,154.46464646464645,162.27272727272728,1.7323232323232325,2.0,0.12371212121212122,0.1318181818181818,0.6569949494949495,0.700909090909091,52.45959595959596,59.54545454545455,4.555555555555555,2.125,1,0,95.43891384857999,100.0,-4.561086151420014,27.777777777777775,33.33333333333333,-5.555555555555554,0.0,0.0,0.0,1
Valorant Champions Tour Stage 3: Masters Berlin,Group Stage,Elimination (A),Paper Rex,Papara SuperMassive,50.0,50.0,0,0,0.0,1481.746537039044,1481.746537039044,0.0,50.0,50.0,0,0,0.0,1484.0627305896858,1484.0627305896858,0.0,0.7727272727272727,0.88,113.36363636363636,129.0909090909091,167.0,192.0909090909091,2.8181818181818183,3.272727272727273,0.08090909090909092,0.10545454545454545,0.8518181818181817,0.8745454545454545,62.90909090909091,68.18181818181819,11.909090909090908,6.545454545454546,1,0,100.0,100.0,0.0,33.33333333333333,33.33333333333333,0.0,0.0,0.0,0.0,0
Valorant Champions Tour Stage 3: Masters Berlin,Group Stage,Group D,G2 Esports,Sentinels,33.333333333333336,33.333333333333336,1,1,66.66666666666666,1514.7254533304538,1514.7254533304538,68.33333333333333,66.66666666666666,66.66666666666666,1,1,60.0,1518.0900349682152,1518.0900349682152,61.22448979591836,1.0928571428571427,1.079935286935287,136.42857142857142,131.78763736263735,204.23809523809524,199.7282967032967,9.047619047619047,6.389804639804639,0.1038095238095238,0.08299633699633699,1.0666666666666667,1.0503766788766788,73.14285714285714,71.16639194139194,9.789473684210526,16.63064713064713,1,1,100.0,98.75147719927706,1.248522800722938,68.14814814814815,50.55555555555556,17.592592592592595,0.0,0.0,0.0,1
Valorant Champions Tour Stage 3: Masters Berlin,Group Stage,Decider (B),KRÜ Esports,Keyd Stars,50.0,50.0,0,0,60.0,1508.71419881738,1508.71419881738,56.43564356435643,50.0,50.0,0,0,25.0,1469.736736535657,1469.736736535657,25.882352941176475,0.9252357054709996,1.0221262626262626,130.62415466886054,123.02676767676768,196.45984368572604,185.40656565656565,3.579333607568901,3.0757575757575757,0.098055121349239,0.09457070707070707,0.9166399012751955,0.9649417249417249,66.80449197860962,70.96868686868687,10.55114219114219,13.962481962481963,1,1,94.76260653330657,92.83351997090163,1.9290865624049331,53.333333333333336,50.0,3.3333333333333357,0.0,0.0,0.0,1
Valorant Champions Tour Stage 3: Masters Berlin,Group Stage,Decider (A),Acend,Papara SuperMassive,66.66666666666666,66.66666666666666,1,1,75.0,1529.0661588683283,1529.0661588683283,74.11764705882354,33.33333333333334,33.33333333333334,1,1,50.0,1499.161400668707,1499.161400668707,46.34146341463415,1.0305535444947211,1.124375,124.41372549019607,133.17045454545456,191.57269984917045,201.48295454545456,3.1334841628959276,3.7613636363636367,0.09293514328808447,0.09835227272727273,1.025404761904762,1.032897727272727,72.57315233785822,72.9346590909091,17.899839743589745,6.951298701298701,1,1,95.02605601660011,94.45767045454545,0.5683855620546581,62.5,50.0,12.5,0.0,0.0,0.0,1
Valorant Champions Tour Stage 3: Masters Berlin,Group Stage,Group D,Sentinels,F4Q,66.66666666666666,66.66666666666666,1,1,50.0,1500.3196011144728,1500.3196011144728,40.59405940594059,33.333333333333336,33.333333333333336,1,1,0.0,1451.9845117013313,1451.9845117013313,0.0,1.079935286935287,0.7746666666666665,131.78763736263735,122.8,199.7282967032967,178.33333333333334,6.389804639804639,11.533333333333333,0.08299633699633699,0.10066666666666668,1.0503766788766788,0.7766666666666666,71.16639194139194,63.2,16.63064713064713,6.0,1,0,98.75147719927706,100.0,-1.248522800722938,52.43386243386243,25.151515151515152,27.282347282347278,0.0,0.0,0.0,1
Valorant Champions Tour Stage 2: Masters Copenhagen,Group Stage,Opening (B),DRX,NORTHEPTION,50.0,50.0,0,0,50.0,1500.0,1500.0,50.0,50.0,50.0,0,0,50.0,1500.0,1500.0,50.0,1.0,1.0,130.0,130.0,200.0,200.0,5.0,5.0,0.25,0.25,1.0,1.0,70.0,70.0,15.0,15.0,1,1,100.0,100.0,0.0,50.0,50.0,0.0,0.0,0.0,0.0,1
Valorant Champions Tour Stage 2: Masters Copenhagen,Group Stage,Opening (A),LOUD,KRÜ Esports,50.0,50.0,0,0,50.0,1500.0,1500.0,50.0,50.0,50.0,0,0,66.66666666666666,1524.3479644189047,1524.3479644189047,78.21782178217822,1.0,0.9753154688448805,130.0,133.3058431764314,200.0,201.12129830953359,5.0,3.7684922920217034,0.25,0.0952840296957944,1.0,0.9495808701102818,70.0,67.83707664884135,15.0,14.84023754023754,1,1,100.0,94.56816253317152,5.431837466828483,50.0,58.787878787878775,-8.787878787878775,0.0,0.0,0.0,0
Valorant Champions Tour Stage 2: Masters Copenhagen,Group Stage,Opening (A),OpTic Gaming,Guild Esports,50.0,50.0,0,0,50.0,1500.0,1500.0,50.0,50.0,50.0,0,0,50.0,1500.0,1500.0,50.0,1.0,1.0,130.0,130.0,200.0,200.0,5.0,5.0,0.25,0.25,1.0,1.0,70.0,70.0,15.0,15.0,1,0,100.0,100.0,0.0,50.0,50.0,0.0,0.0,0.0,0.0,0
Valorant Champions Tour Stage 2: Masters Copenhagen,Group Stage,Opening (B),FunPlus Phoenix,XERXIA Esports,50.0,50.0,0,0,50.0,1500.0,1500.0,50.0,50.0,50.0,0,0,50.0,1500.0,1500.0,50.0,1.0,1.0,130.0,130.0,200.0,200.0,5.0,5.0,0.25,0.25,1.0,1.0,70.0,70.0,15.0,15.0,1,0,100.0,100.0,0.0,50.0,50.0,0.0,0.0,0.0,0.0,1
Valorant Champions Tour Stage 2: Masters Copenhagen,Group Stage,Winner's (A),Guild Esports,KRÜ Esports,50.0,50.0,0,0,100.0,1517.6,1517.6,100.0,50.0,50.0,0,0,71.42857142857143,1538.484502824621,1538.484502824621,78.21782178217822,1.2938461538461539,0.9808826467649997,146.92307692307693,132.80296762061468,231.23076923076923,200.07335773470228,4.538461538461538,3.791360740100236,0.08307692307692308,0.09524345402496662,1.163846153846154,0.9638244192782007,78.76923076923077,68.27871876023137,16.307692307692307,17.2610199324485,1,0,100.0,94.82496020241804,5.1750397975819595,66.66666666666666,61.42857142857142,5.238095238095234,0.0,0.0,0.0,1
Valorant Champions Tour Stage 2: Masters Copenhagen,Group Stage,Winner's (B),FunPlus Phoenix,DRX,50.0,50.0,0,0,100.0,1515.2,1515.2,100.0,50.0,50.0,0,0,100.0,1517.6,1517.6,100.0,1.0273333333333334,1.894,129.66666666666666,146.73333333333332,200.2,228.8,4.266666666666667,2.8,0.11666666666666668,0.07866666666666669,0.952,1.3706666666666663,66.6,83.73333333333333,14.857142857142858,43.75,1,0,100.0,100.0,0.0,50.0,66.66666666666666,-16.666666666666657,0.0,0.0,0.0,0
Valorant Champions Tour Stage 2: Masters Copenhagen,Group Stage,Elimination (B),XERXIA Esports,NORTHEPTION,50.0,50.0,0,0,0.0,1484.8,1484.8,0.0,50.0,50.0,0,0,0.0,1482.4,1482.4,0.0,0.9974999999999999,0.5833333333333334,131.375,98.26666666666667,198.3125,143.86666666666667,4.625,1.8666666666666667,0.09437500000000001,0.12200000000000003,1.013125,0.6180000000000001,71.375,52.666666666666664,6.9375,3.0,1,1,100.0,100.0,0.0,50.0,33.33333333333333,16.66666666666667,0.0,0.0,0.0,0
Valorant Champions Tour Stage 2: Masters Copenhagen,Group Stage,Elimination (A),OpTic Gaming,LOUD,50.0,50.0,0,0,0.0,1482.4,1482.4,0.0,50.0,50.0,0,0,0.0,1485.8634615942838,1485.8634615942838,0.0,0.8807692307692305,1.0211764705882354,142.3846153846154,134.47058823529412,208.30769230769232,203.23529411764707,3.0,4.352941176470588,0.11384615384615385,0.08411764705882352,0.9538461538461539,1.0076470588235296,71.15384615384616,71.29411764705883,23.846153846153847,9.4375,1,1,100.0,100.0,0.0,33.33333333333333,33.33333333333333,0.0,0.0,0.0,0.0,1
Valorant Champions Tour Stage 2: Masters Copenhagen,Group Stage,Decider (B),FunPlus Phoenix,NORTHEPTION,50.0,50.0,0,0,50.0,1500.1049962102084,1500.1049962102084,50.0,50.0,50.0,0,0,50.0,1497.7049962102083,1497.7049962102083,46.34146341463415,0.9143809523809525,0.8516666666666668,124.4047619047619,114.16274509803921,188.49285714285713,170.1686274509804,3.6333333333333333,3.109803921568627,0.12940476190476194,0.10894117647058826,0.8977857142857143,0.8263529411764706,66.08571428571429,62.21568627450981,22.67857142857143,12.59375,1,0,98.1025,92.70764705882353,5.394852941176481,54.166666666666664,44.44444444444444,9.722222222222221,0.0,0.0,0.0,1
Valorant Champions Tour Stage 2: Masters Copenhagen,Group Stage,Decider (A),KRÜ Esports,OpTic Gaming,50.0,50.0,0,0,62.5,1522.3719231376772,1522.3719231376772,59.4059405940594,50.0,50.0,0,0,50.0,1497.751518366751,1497.751518366751,46.34146341463415,0.9653877005347593,0.9375274725274725,131.87567359111478,135.87087912087912,198.53534186401833,203.43956043956047,3.980902186049245,3.5714285714285716,0.09468417611799965,0.10585164835164837,0.9557502130222719,0.9751373626373627,68.29195583827936,69.50549450549451,17.853392440892442,13.387362637362637,1,1,95.10179261255966,99.2548076923077,-4.15301507974803,61.42857142857142,44.44444444444444,16.98412698412698,0.0,0.0,0.0,0
Valorant Champions Tour Stage 1: Masters Reykjavík,Group Stage,Opening (A),DRX,ZETA DIVISION,50.0,50.0,0,0,100.0,1532.6950037897916,1532.6950037897916,100.0,50.0,50.0,0,0,0.0,1466.0019352988788,1466.0019352988788,0.0,1.5599411764705882,0.9279166666666667,142.39607843137253,117.625,222.04705882352943,184.91666666666666,3.4588235294117644,2.3333333333333335,0.07786274509803923,0.11041666666666666,1.2344509803921566,0.8729166666666666,80.57254901960783,57.83333333333333,28.3125,2.272727272727273,1,1,95.23245098039217,93.94791666666667,1.2845343137255014,55.55555555555555,41.666666666666664,13.888888888888886,0.0,0.0,0.0,1
Valorant Champions Tour Stage 1: Masters Reykjavík,Group Stage,Opening (B),KRÜ Esports,Team Liquid,33.333333333333336,33.333333333333336,1,1,55.55555555555556,1503.5268138913532,1503.5268138913532,39.42307692307692,66.66666666666666,66.66666666666666,1,1,100.0,1532.6950037897916,1532.6950037897916,100.0,0.9381224004753417,1.1956043956043958,129.44504319210202,140.10439560439562,195.07181903064256,212.79945054945057,3.7608019431548843,3.6565934065934065,0.09487078281195929,0.0932967032967033,0.9379395832925245,1.1230494505494506,68.02719306836954,75.76098901098901,16.657560957560957,20.35989010989011,1,0,95.05678737672835,96.41826923076923,-1.3614818540408749,55.35714285714286,66.66666666666666,-11.309523809523796,0.0,0.0,0.0,0
Valorant Champions Tour Stage 1: Masters Reykjavík,Group Stage,Opening (B),OpTic Gaming,XERXIA Esports,50.0,50.0,0,0,66.66666666666666,1516.596627613075,1516.596627613075,65.07936507936508,50.0,50.0,0,0,0.0,1469.4950037897918,1469.4950037897918,0.0,1.0686080586080586,0.9661029411764706,137.34981684981685,127.77573529411765,208.6007326007326,192.86213235294116,3.3040293040293043,4.3125,0.09851648351648352,0.1007169117647059,1.0282967032967034,0.9953860294117647,72.23443223443223,69.77573529411765,15.73046398046398,10.233455882352942,1,0,97.29931477392583,99.37913602941177,-2.079821255485939,55.99999999999999,45.83333333333333,10.166666666666664,0.0,0.0,0.0,0
Valorant Champions Tour Stage 1: Masters Reykjavík,Group Stage,Opening (A),FNATIC,Ninjas In Pyjamas,50.0,50.0,0,0,100.0,1530.5049962102082,1530.5049962102082,100.0,50.0,50.0,0,0,50.0,1500.0,1500.0,50.0,1.1492647058823526,1.0,131.88235294117646,130.0,197.52757352941177,200.0,4.849264705882353,5.0,0.08323529411764706,0.25,1.0825,1.0,75.38786764705883,70.0,12.382352941176471,15.0,1,1,99.73750000000001,100.0,-0.26249999999998863,33.33333333333333,50.0,-16.66666666666667,0.0,0.0,0.0,0
Valorant Champions Tour Stage 1: Masters Reykjavík,Group Stage,Winner's (B),XERXIA Esports,Team Liquid,50.0,50.0,0,0,33.33333333333333,1489.466513787711,1489.466513787711,36.66666666666667,50.0,50.0,0,0,100.0,1548.8208961060545,1548.8208961060545,100.0,1.0383543417366947,1.2164029304029305,131.04096638655463,141.75848595848595,198.95570728291318,214.82185592185593,4.160714285714286,3.593284493284493,0.09476365546218489,0.09130891330891332,1.031685924369748,1.144032967032967,71.2314425770308,76.26288156288156,10.393732492997199,17.47069597069597,1,0,98.13310332471598,96.89656888041576,1.2365344443002186,53.333333333333336,70.0,-16.666666666666664,0.0,0.0,0.0,0
Valorant Champions Tour Stage 1: Masters Reykjavík,Group Stage,Winner's (A),Ninjas In Pyjamas,DRX,50.0,50.0,0,0,100.0,1519.1413290646456,1519.1413290646456,100.0,50.0,50.0,0,0,100.0,1546.957435337016,1546.957435337016,100.0,1.0918181818181816,1.600473604826546,128.9090909090909,146.69994972347914,201.1818181818182,229.85188536953243,3.4545454545454546,3.100754147812971,0.09,0.08011362493715436,1.1045454545454545,1.2621980894922071,72.0909090909091,80.8432378079437,20.8,34.02651515151515,1,0,100.0,95.87213422881382,4.12786577118618,66.66666666666666,58.33333333333333,8.333333333333329,0.0,0.0,0.0,0
Valorant Champions Tour Stage 1: Masters Reykjavík,Group Stage,Elimination (B),OpTic Gaming,KRÜ Esports,66.66666666666666,66.66666666666666,1,1,50.0,1496.625117615156,1496.625117615156,48.23529411764705,33.333333333333336,33.333333333333336,1,1,50.0,1487.4009215750903,1487.4009215750903,39.42307692307692,1.0189560439560439,0.9277101604278075,131.83054445554447,128.74720553955848,201.97327672327674,194.1246371275783,3.4325674325674327,3.6780550821727287,0.10320554445554446,0.09658370453076336,0.9978134365634367,0.9248789582966055,70.94855144855146,67.78447376153258,12.184211621711622,15.563233433233432,1,1,97.01919572653793,95.11405489068478,1.905140835853146,49.44444444444444,52.61904761904762,-3.1746031746031775,0.0,0.0,0.0,1
Valorant Champions Tour Stage 1: Masters Reykjavík,Group Stage,Elimination (A),FNATIC,ZETA DIVISION,50.0,50.0,0,0,66.66666666666666,1511.3636671455627,1511.3636671455627,63.33333333333333,50.0,50.0,0,0,0.0,1451.7395037516544,1451.7395037516544,0.0,1.0505354449472095,0.8509188034188035,130.8446455505279,119.57051282051282,197.12094645550528,182.35470085470084,4.104638009049774,2.1709401709401708,0.09600301659125189,0.10771367521367521,1.002948717948718,0.8252777777777777,73.66883484162896,59.09401709401709,8.254901960784315,3.8741258741258746,1,0,96.05658354136843,94.52472272250692,1.531860818861503,29.166666666666664,40.0,-10.833333333333336,0.0,0.0,0.0,0
Valorant Champions Tour Stage 1: Masters Reykjavík,Group Stage,Decider (B),XERXIA Esports,OpTic Gaming,66.66666666666666,66.66666666666666,1,1,25.0,1476.8382456246811,1476.8382456246811,27.848101265822784,33.333333333333336,33.333333333333336,1,1,60.0,1513.757958453485,1513.757958453485,58.87850467289719,1.0126293926661574,1.0663648351648352,132.3261793353705,135.5977688977689,200.30768955309395,207.1786213786214,4.234172077922078,3.252720612720613,0.09834546886936593,0.10389776889776892,1.0087644432773109,1.029317415917416,69.99176375095493,72.70550782550784,10.727117551566081,15.99022644022644,1,0,97.8681460103948,96.54002763052681,1.3281183798679876,47.14285714285714,52.38095238095239,-5.238095238095248,0.0,0.0,0.0,0
Valorant Champions Tour Stage 1: Masters Reykjavík,Group Stage,Decider (A),Ninjas In Pyjamas,ZETA DIVISION,50.0,50.0,0,0,50.0,1502.9474030689362,1502.9474030689362,50.0,50.0,50.0,0,0,25.0,1472.3305718155175,1472.3305718155175,25.882352941176475,0.9131818181818181,0.9358814102564103,121.27272727272728,126.19711538461539,188.3181818181818,192.07371794871796,3.0454545454545454,2.2243589743589745,0.10818181818181818,0.10924679487179488,0.9613636363636362,0.8862660256410256,66.63636363636364,64.2051282051282,11.536363636363637,7.822261072261073,1,0,94.98863636363636,93.98723005710966,1.0014063065267038,55.55555555555555,40.0,15.55555555555555,0.0,0.0,0.0,0
Valorant Champions Tour Stage 2: Masters Reykjavík,Main Event,Upper Round 1,FNATIC,KRÜ Esports,50.0,50.0,0,0,50.0,1490.7725990816996,1490.7725990816996,46.34146341463415,50.0,50.0,0,0,45.45454545454545,1470.2680807367612,1470.2680807367612,18.269230769230766,0.9924015837104072,0.9170698428131583,130.9501508295626,128.01261109656832,197.55737650829565,193.19209435840455,3.87847850678733,3.6103531050055113,0.09483559577677225,0.09647003442190609,0.9723782051282052,0.9184960226938838,71.71829279788838,67.8949761468478,8.869747899159664,14.893848575666759,1,0,96.11446345294425,95.28817191741375,0.8262915355305012,29.166666666666664,50.0,-20.833333333333336,0.0,0.0,0.0,1
Valorant Champions Tour Stage 2: Masters Reykjavík,Main Event,Upper Round 1,Version1,Crazy Raccoon,50.0,50.0,0,0,50.0,1500.0,1500.0,50.0,50.0,50.0,0,0,25.0,1469.811078600851,1469.811078600851,25.0,1.0,0.7578787878787879,130.0,113.07702020202021,200.0,169.07070707070707,5.0,2.077020202020202,0.25,0.1105618686868687,1.0,0.7752462121212121,70.0,58.56691919191919,15.0,12.36111111111111,1,0,100.0,91.815167549076,8.184832450924006,50.0,44.00000000000001,5.999999999999993,0.0,0.0,0.0,1
Valorant Champions Tour Stage 2: Masters Reykjavík,Main Event,Upper Quarterfinals,Sharks Esports,NUTURN,50.0,50.0,0,0,50.0,1500.0,1500.0,50.0,50.0,50.0,0,0,50.0,1500.0,1500.0,50.0,1.0,1.0,130.0,130.0,200.0,200.0,5.0,5.0,0.25,0.25,1.0,1.0,70.0,70.0,15.0,15.0,1,0,100.0,100.0,0.0,50.0,50.0,0.0,0.0,0.0,0.0,0
Valorant Champions Tour Stage 2: Masters Reykjavík,Main Event,Upper Quarterfinals,Team Vikings,X10 Esports,50.0,50.0,0,0,33.33333333333333,1484.6941639824893,1484.6941639824893,34.92063492063492,50.0,50.0,0,0,66.66666666666666,1515.3109370017535,1515.3109370017535,65.07936507936508,1.0307843137254904,1.1235198412698413,137.10859728506787,135.46607142857144,205.5399698340875,203.40515873015875,3.190045248868778,3.5551587301587304,0.0928054298642534,0.09130555555555557,1.0096681749622927,1.0261011904761903,71.95324283559577,71.08650793650793,19.48648247177659,7.656746031746032,1,0,95.32051934836251,94.86955044983331,0.4509688985291973,44.44444444444444,56.666666666666664,-12.222222222222221,0.0,0.0,0.0,1
Valorant Champions Tour Stage 2: Masters Reykjavík,Main Event,Upper Quarterfinals,Team Liquid,Version1,50.0,50.0,0,0,100.0,1561.4491642690843,1561.4491642690843,100.0,50.0,50.0,0,0,100.0,1516.0745607595159,1516.0745607595159,100.0,1.1940127241179872,0.9866666666666668,142.1741276267592,132.22222222222223,215.49797088876036,186.0,3.800226527858107,4.111111111111111,0.09098168498168499,0.08666666666666666,1.1294720936957778,1.0222222222222221,75.80242433005591,71.88888888888889,16.228021978021978,18.125,1,0,97.17110737578136,100.0,-2.828892624218639,74.76190476190476,66.66666666666666,8.095238095238102,0.0,0.0,0.0,0
Valorant Champions Tour Stage 2: Masters Reykjavík,Main Event,Upper Quarterfinals,Sentinels,FNATIC,50.0,50.0,0,0,57.14285714285714,1513.4185211320837,1513.4185211320837,59.4059405940594,50.0,50.0,0,0,60.0,1507.3351085583233,1507.3351085583233,57.692307692307686,1.079935286935287,1.0508101558572147,131.78763736263735,130.9823428858723,199.7282967032967,200.15701231774761,6.389804639804639,3.791671694318753,0.08299633699633699,0.08920180995475115,1.0503766788766788,1.008791452991453,71.16639194139194,73.57463423831071,16.63064713064713,13.75294117647059,1,0,98.75147719927706,95.69013387161952,3.0613433276575392,56.8840579710145,36.666666666666664,20.217391304347835,0.0,0.0,0.0,1
Valorant Champions Tour Stage 2: Masters Reykjavík,Main Event,Lower Round 1,X10 Esports,Crazy Raccoon,50.0,50.0,0,0,50.0,1496.1639892586575,1496.1639892586575,48.23529411764705,50.0,50.0,0,0,20.0,1453.7365178413352,1453.7365178413352,20.0,1.070821699134199,0.7897316017316017,134.78705357142857,116.63304473304474,200.52261904761906,173.3137085137085,3.1890963203463203,2.318759018759019,0.09160416666666667,0.1135923520923521,1.0102008928571427,0.7953398268398268,68.97113095238095,60.45353535353536,6.367559523809524,12.317460317460318,1,1,95.4535457803163,92.54536538609614,2.9081803942201674,49.99999999999999,42.22222222222222,7.7777777777777715,0.0,0.0,0.0,1
Valorant Champions Tour Stage 2: Masters Reykjavík,Main Event,Lower Round 1,Sharks Esports,KRÜ Esports,50.0,50.0,0,0,0.0,1484.8,1484.8,0.0,50.0,50.0,0,0,41.66666666666667,1453.7055712601375,1453.7055712601375,0.0,0.9571428571428571,0.894889780154486,111.92857142857143,125.53428744458155,181.78571428571428,190.2366925558102,3.0714285714285716,3.4155509523156584,0.13000000000000003,0.1022945012503836,0.8985714285714285,0.9000607480754539,57.214285714285715,67.00978874067108,9.461538461538462,13.652694527694528,1,1,100.0,95.00692296261717,4.993077037382832,50.0,47.875816993464056,2.1241830065359437,0.0,0.0,0.0,0
Valorant Champions Tour Stage 2: Masters Reykjavík,Main Event,Upper Semifinals,Sentinels,Team Vikings,50.0,50.0,0,0,62.5,1530.7103859686024,1530.7103859686024,78.84615384615384,50.0,50.0,0,0,50.0,1503.8411117255853,1503.8411117255853,51.76470588235295,1.0688815628815629,1.0502310924369749,131.3101098901099,135.99811463046757,202.63597069597068,206.07164404223226,5.831843711843712,2.9639625080801553,0.08333040293040293,0.10002073906485671,1.05056800976801,1.0230844645550528,71.71978021978022,70.79826546003017,15.237851037851039,14.614861853832442,1,1,98.88320694668218,95.86664268252278,3.016564264159399,58.44907407407408,49.99999999999999,8.44907407407409,0.0,0.0,0.0,1
Valorant Champions Tour Stage 2: Masters Reykjavík,Main Event,Upper Semifinals,Version1,NUTURN,50.0,50.0,0,0,100.0,1533.2484501100232,1533.2484501100232,100.0,50.0,50.0,0,0,100.0,1515.2,1515.2,100.0,1.0026190476190475,1.4854545454545454,128.46825396825398,128.0909090909091,194.71428571428572,223.0,4.984126984126984,4.636363636363637,0.08476190476190476,0.06545454545454545,1.0003968253968254,1.1445454545454545,70.30158730158729,75.54545454545455,24.205357142857142,4.4,1,0,99.23611111111111,100.0,-0.7638888888888857,62.5,50.0,12.5,0.0,0.0,0.0,0
Valorant Champions Tour Stage 2: Masters Reykjavík,Main Event,Lower Round 2,FNATIC,X10 Esports,50.0,50.0,0,0,50.0,1490.0432437218046,1490.0432437218046,38.31775700934579,50.0,50.0,0,0,60.0,1511.6253663360721,1511.6253663360721,58.87850467289719,1.045675129881012,1.1330573593073594,131.9852857382269,136.2429761904762,202.46417693145634,207.2447619047619,3.6782449304508127,3.1646103896103894,0.08896447125858892,0.09075,1.0071410256410258,1.0457607142857142,73.9603433467404,71.61690476190476,13.238562091503267,9.640714285714285,1,0,96.06352878135249,95.23216493704952,0.8313638443029703,33.888888888888886,55.714285714285715,-21.82539682539683,0.0,0.0,0.0,1
Valorant Champions Tour Stage 2: Masters Reykjavík,Main Event,Lower Round 2,Team Liquid,KRÜ Esports,83.33333333333333,83.33333333333333,2,2,80.0,1544.275274918577,1544.275274918577,81.18811881188118,16.666666666666668,16.666666666666668,2,2,46.15384615384615,1472.8765257017785,1472.8765257017785,20.0,1.15481017929439,0.9519692645213007,140.12596876807405,126.22099906127056,213.62504337767496,192.54984638287806,3.9468478889531524,3.4013369737351633,0.09291868131868133,0.10034285322520617,1.0995776749566224,0.9282217556199457,75.54860613071139,68.12146179612243,15.76908424908425,12.602487256333411,1,0,96.7165383335462,94.11180965556177,2.6047286779844256,67.33333333333333,47.875816993464056,19.457516339869272,0.0,0.0,0.0,1
Valorant Champions Tour Stage 2: Masters Reykjavík,Main Event,Lower Round 3,Version1,FNATIC,50.0,50.0,0,0,66.66666666666666,1517.25955585584,1517.25955585584,68.33333333333333,50.0,50.0,0,0,57.14285714285714,1508.735122500024,1508.735122500024,40.0,1.024126984126984,1.1196263018027723,127.35978835978835,132.8127846010199,195.9047619047619,206.2073897507721,5.084656084656085,3.5337337499102204,0.08793650793650794,0.0908584356819651,1.0064550264550265,1.031835164835165,70.96296296296296,75.09299270990448,22.041666666666668,14.22829131652661,1,0,99.30794732869323,95.78524580959595,3.522701519097282,54.285714285714285,40.476190476190474,13.80952380952381,0.0,0.0,0.0,0
Valorant Champions Tour Stage 2: Masters Reykjavík,Main Event,Lower Round 3,Team Vikings,Team Liquid,50.0,50.0,0,0,40.0,1487.5995180483044,1487.5995180483044,41.1214953271028,50.0,50.0,0,0,83.33333333333334,1558.3085063659894,1558.3085063659894,81.18811881188118,0.9840030557677617,1.2169572006940428,130.88940079528317,140.32292269134373,199.87549705196764,216.89266435319067,2.80753364282776,3.6480142664353195,0.109652954888249,0.0926886446886447,0.9690130261894968,1.1325967804125698,68.32952145893321,76.55973587815693,15.164616755793228,17.48938838938839,1,0,94.70906961290714,96.04246064931785,-1.3333910364107027,44.00000000000001,71.42857142857143,-27.428571428571423,0.0,0.0,0.0,0
Valorant Champions Tour Stage 2: Masters Reykjavík,Main Event,Upper Final,Sentinels,NUTURN,50.0,50.0,0,0,66.66666666666666,1546.9519796458833,1546.9519796458833,79.43925233644859,50.0,50.0,0,0,100.0,1531.1888942541832,1531.1888942541832,100.0,1.1254013024013025,1.2405844155844155,130.31398046398047,125.4383116883117,205.89664224664224,208.78571428571428,5.415425315425316,4.568181818181818,0.08133089133089133,0.08165584415584415,1.0702511192511193,1.0226298701298702,72.59981684981685,71.48701298701299,13.344042531542533,9.546153846153846,1,0,98.15275001781232,95.73295454545455,2.4197954723577766,59.93333333333334,53.333333333333336,6.600000000000001,0.0,0.0,0.0,1
Valorant Champions Tour Stage 2: Masters Reykjavík,Main Event,Lower Round 4,FNATIC,Team Liquid,50.0,50.0,0,0,62.5,1526.7668570013489,1526.7668570013489,60.00000000000001,50.0,50.0,0,0,85.71428571428571,1572.3752573534211,1572.3752573534211,81.73076923076923,1.1231957413501532,1.2542050731223662,133.7111865258924,138.1339337354375,207.8746478501074,216.29261340163595,3.5465624857168976,3.577418821779724,0.08802385849444674,0.09285400313971744,1.032742132867133,1.140467570023961,75.12682316662097,77.33691646699165,16.899754901960783,17.669475762332905,1,1,96.05656399915544,96.27441281223003,-0.21784881307458193,43.75,73.57142857142858,-29.821428571428584,0.0,0.0,0.0,1
Valorant Champions Tour Stage 2: Masters Reykjavík,Main Event,Lower Final,NUTURN,FNATIC,50.0,50.0,0,0,66.66666666666666,1514.386855416134,1514.386855416134,63.33333333333333,50.0,50.0,0,0,66.66666666666666,1546.664055762592,1546.664055762592,80.0,1.0663896103896104,1.1220714282086832,121.55887445887447,132.82874699737445,200.19047619047618,207.92276390095017,4.045454545454546,3.545662380466302,0.09243722943722944,0.08978189131130308,0.9077532467532468,1.036198135198135,67.65800865800865,75.05290264383402,8.03076923076923,15.141662476956595,1,0,93.33140075876346,96.26638458627679,-2.934983827513321,46.11111111111111,47.77777777777777,-1.6666666666666643,0.0,0.0,0.0,0
Valorant Champions Tour Stage 2: Masters Reykjavík,Main Event,Grand Final,Sentinels,FNATIC,66.66666666666666,66.66666666666666,1,1,70.0,1563.7540184839324,1563.7540184839324,79.43925233644859,33.333333333333336,33.333333333333336,1,1,70.0,1560.4560052204506,1560.4560052204506,79.43925233644859,1.183590726733584,1.1146976187211481,133.97042481328194,132.03476118652588,212.3659530945245,207.03604306641074,5.070364556078842,3.5577628090863387,0.08217972503686789,0.09030370218017278,1.1115139463710892,1.0330783216783217,74.44919366347938,74.55872349056173,14.866322169893598,16.721246229260935,1,0,96.07073543077837,96.44286567822849,-0.3721302474501158,61.33449883449884,48.7012987012987,12.633200133200141,0.0,0.0,0.0,1
Valorant Champions 2021,Playoffs,Quarterfinals,Acend,Team Secret,50.0,50.0,0,0,80.0,1542.9610734404266,1542.9610734404266,78.84615384615384,50.0,50.0,0,0,66.66666666666666,1519.879265248114,1519.879265248114,69.84126984126983,1.0517369532428358,1.300440947940948,126.77803921568628,136.88014763014763,195.59933634992458,205.47202797202797,3.2126696832579187,2.721056721056721,0.093995173453997,0.08417443667443669,1.0296179271708685,1.1042210567210569,73.21146304675716,75.54273504273505,15.991300366300369,24.603030303030305,1,0,95.54140451132403,92.15954475260206,3.3818597587219728,57.77777777777777,62.5,-4.7222222222222285,0.0,0.0,0.0,1
Valorant Champions 2021,Playoffs,Quarterfinals,Team Liquid,Cloud9,50.0,50.0,0,0,75.0,1552.478058592178,1552.478058592178,60.57692307692308,50.0,50.0,0,0,66.66666666666666,1517.4791507289365,1517.4791507289365,68.33333333333333,1.2089067117093433,1.0135213675213677,135.6171920185078,132.22393162393163,212.176491271886,197.1094017094017,3.5052414690572586,4.153846153846154,0.09158816183816185,0.1032820512820513,1.110409123770966,1.0246153846153845,75.84025645407225,71.22564102564102,16.56306401931402,17.73076923076923,1,0,95.53988791665189,96.85419201672592,-1.3143041000740254,69.77777777777779,66.11111111111111,3.6666666666666714,0.0,0.0,0.0,1
Valorant Champions 2021,Playoffs,Quarterfinals,Gambit Esports,X10 Esports,50.0,50.0,0,0,75.0,1528.4331580290398,1528.4331580290398,75.94936708860759,50.0,50.0,0,0,50.0,1492.9334875578527,1492.9334875578527,58.87850467289719,1.5739520202020203,1.0754965173715174,143.62373737373738,133.92042887667887,217.18696581196582,204.28089133089134,3.7187742812742814,3.1243548118548117,0.07594939782439783,0.09241987179487181,1.169569735819736,1.0030057234432233,76.08119658119658,70.06536935286935,22.857575757575756,9.43136446886447,1,0,93.62405186440029,94.51001122376907,-0.8859593593687833,58.33333333333333,52.083333333333336,6.249999999999993,0.0,0.0,0.0,1
Valorant Champions 2021,Playoffs,Quarterfinals,FNATIC,KRÜ Esports,66.66666666666666,66.66666666666666,1,1,63.63636363636363,1543.0230672385824,1543.0230672385824,79.43925233644859,33.33333333333334,33.33333333333334,1,1,42.857142857142854,1458.8432942543661,1458.8432942543661,20.0,1.097318690816017,0.9305020721575342,131.78026418026417,125.22562157730225,206.6049589373787,190.45955123308065,3.555185441415388,3.3726700470397946,0.09300336561833888,0.09858366983156899,1.0230123779963352,0.9120222424634189,74.21916039248927,67.87809207599123,16.257951117509943,11.834962656391227,1,0,96.43010886308201,93.96896305279083,2.4611458102911854,43.07692307692307,44.02673350041771,-0.9498104234946396,0.0,0.0,0.0,0
Valorant Champions 2021,Playoffs,Semifinals,Acend,Team Liquid,50.0,50.0,0,0,83.33333333333334,1559.3935384010365,1559.3935384010365,79.43925233644859,50.0,50.0,0,0,77.77777777777779,1568.31109612424,1568.31109612424,61.6822429906542,1.071144430732666,1.1975130366709312,127.3453357100416,134.99305957200693,196.5297499885735,210.79324476692898,3.1923762511997804,3.368295447242816,0.09105658393893688,0.09646220446220448,1.039075545369663,1.0997576049681312,73.38834041775219,75.27214715109452,18.10941697191697,18.111612461612463,1,1,95.86312257299272,95.66477584347562,0.1983467295170982,61.42857142857142,71.25,-9.821428571428577,0.0,0.0,0.0,1
Valorant Champions 2021,Playoffs,Semifinals,Gambit Esports,KRÜ Esports,50.0,50.0,0,0,80.0,1542.085461035429,1542.085461035429,80.61224489795919,50.0,50.0,0,0,46.666666666666664,1477.6556731722064,1477.6556731722064,38.31775700934579,1.4847171717171717,0.9407250109367756,141.62121212121212,125.55416988240518,214.4940170940171,190.95711961241375,3.5305749805749804,3.47603050544227,0.08364840714840716,0.0974473226120285,1.1494335664335664,0.915938708350473,75.93162393162393,68.30673209143796,20.926060606060606,12.562631812631812,1,0,94.12556796291985,94.15093411963291,-0.025366156713062082,58.333333333333336,48.253968253968246,10.07936507936509,0.0,0.0,0.0,1
Valorant Champions 2021,Playoffs,Grand Final,Acend,Gambit Esports,50.0,50.0,0,0,85.71428571428571,1577.4451748089416,1577.4451748089416,79.43925233644859,50.0,50.0,0,0,83.33333333333334,1554.4985880330696,1554.4985880330696,80.61224489795919,1.099332588979648,1.412472643097643,128.0762218173983,140.34059343434345,198.2562692209751,211.20334757834758,3.0879708526767353,3.8588124838124838,0.09244410491469315,0.08554033929033929,1.0527240938333375,1.1316113053613053,73.65154453389746,75.49510327635328,17.69118857333143,18.738383838383836,1,1,95.99523885135727,94.45897465619906,1.5362641951582106,64.16666666666666,57.50000000000001,6.66666666666665,0.0,0.0,0.0,1
Valorant Champions Tour Stage 3: Masters Berlin,Playoffs,Quarterfinals,Vision Strikers,Gambit Esports,50.0,50.0,0,0,60.0,1525.1404265637973,1525.1404265637973,63.46153846153847,50.0,50.0,0,0,71.42857142857143,1540.3010238129018,1540.3010238129018,61.22448979591836,1.2340125291375292,1.3972321903242957,132.31826923076923,139.28441843244474,198.25795454545454,209.2645234882077,3.1494755244755246,4.164696414696414,0.09269376456876458,0.08640299758720812,1.0978298368298367,1.1268698406856301,75.04155011655011,75.37926145491936,10.865151515151515,16.817774382480263,1,0,95.78357361246952,94.853927382613,0.9296462298565302,66.66666666666667,53.333333333333336,13.333333333333336,0.0,0.0,0.0,0
Valorant Champions Tour Stage 3: Masters Berlin,Playoffs,Quarterfinals,G2 Esports,KRÜ Esports,50.0,50.0,0,0,75.0,1532.4958871841961,1532.4958871841961,76.82926829268294,50.0,50.0,0,0,46.666666666666664,1465.2425461745659,1465.2425461745659,39.42307692307692,1.0928571428571427,0.9537776425157231,136.42857142857142,125.66855584731746,204.23809523809524,191.45325996329092,9.047619047619047,3.506907698424726,0.1038095238095238,0.09639469103308113,1.0666666666666667,0.9288439715083678,73.14285714285714,68.59304788091166,9.789473684210526,12.721891071891072,1,1,100.0,94.36457951572814,5.635420484271862,61.111111111111114,49.275362318840585,11.835748792270529,0.0,0.0,0.0,1
Valorant Champions Tour Stage 3: Masters Berlin,Playoffs,Quarterfinals,100 Thieves,Acend,50.0,50.0,0,0,100.0,1533.9884921947844,1533.9884921947844,100.0,50.0,50.0,0,0,87.5,1591.6427390291094,1591.6427390291094,78.84615384615384,1.2522115384615384,1.0719160153571918,142.81730769230768,126.46375291375291,218.43269230769232,195.21688262717674,3.3653846153846154,3.3269744960921432,0.09653846153846155,0.0931680035650624,1.0987740384615383,1.0315747585747586,75.4735576923077,72.63627793774853,33.39285714285714,16.940727501665002,1,0,94.81478365384615,95.7728381625389,-0.9580545086927543,55.55555555555555,65.45454545454545,-9.898989898989903,0.0,0.0,0.0,1
Valorant Champions Tour Stage 3: Masters Berlin,Playoffs,Quarterfinals,ENVY,Sentinels,50.0,50.0,0,0,60.0,1520.3246102075586,1520.3246102075586,61.6822429906542,50.0,50.0,0,0,72.72727272727273,1581.1869564658007,1581.1869564658007,100.0,1.1085339105339105,1.1788085525585525,139.24502164502164,135.03245504495504,204.11630591630592,214.24520895770897,3.21962481962482,5.228235653235653,0.1242943722943723,0.08215725940725942,1.0313737373737375,1.1112413697413699,69.9997113997114,74.98471112221112,9.287301587301588,14.716365231990231,1,1,95.64031038707235,96.3244228815618,-0.6841124944894545,52.22222222222223,63.667582417582416,-11.445360195360188,0.0,0.0,0.0,1
Valorant Champions Tour Stage 3: Masters Berlin,Playoffs,Semifinals,Gambit Esports,G2 Esports,50.0,50.0,0,0,75.0,1554.8381817205286,1554.8381817205286,60.0,50.0,50.0,0,0,80.0,1546.7309661066827,1546.7309661066827,81.73076923076923,1.3628666280722201,1.1577922077922076,138.81617382069686,133.3961038961039,208.68338112910482,202.8008658008658,4.115263209013209,6.023809523809524,0.0870449305811148,0.10235930735930736,1.122645725984542,1.1024242424242425,75.07223838843905,74.3896103896104,15.882219251336899,8.644736842105264,1,0,95.17042336959688,98.74848484848485,-3.5780614788879745,50.0,63.003663003663,-13.003663003663,0.0,0.0,0.0,1
Valorant Champions Tour Stage 3: Masters Berlin,Playoffs,Semifinals,100 Thieves,ENVY,50.0,50.0,0,0,100.0,1551.6879145188993,1551.6879145188993,100.0,50.0,50.0,0,0,66.66666666666666,1540.97655206585,1540.97655206585,61.6822429906542,1.2208682983682986,1.0924819624819624,141.57517482517483,138.7967772967773,215.6217948717949,203.8932178932179,4.152680652680653,3.257094757094757,0.09435897435897435,0.1196897546897547,1.0967584498834497,1.0229966329966331,74.52782634032634,69.75901875901876,22.474025974025974,10.332010582010582,1,1,95.76511325601595,95.9665269078111,-0.20141365179514992,53.333333333333336,55.833333333333336,-2.5,0.0,0.0,0.0,0
Valorant Champions Tour Stage 3: Masters Berlin,Playoffs,Grand Final,ENVY,Gambit Esports,50.0,50.0,0,0,71.42857142857143,1559.1189843378015,1559.1189843378015,82.2429906542056,50.0,50.0,0,0,77.77777777777779,1572.0275700593206,1572.0275700593206,80.61224489795919,1.1198416821273962,1.4232318745257342,139.7400948258091,140.57164168677326,205.90847247990106,211.54762083270853,3.39179550608122,4.016986100319434,0.11601978973407545,0.08429634855073452,1.046854256854257,1.143377397456345,70.02201607915893,75.85053668715949,15.513151927437642,18.628639334521687,1,0,95.74226649944134,95.00548036289118,0.7367861365501653,61.33333333333333,53.47985347985348,7.853479853479847,0.0,0.0,0.0,0
Valorant Champions Tour Stage 2: Masters Copenhagen,Playoffs,Upper Quarterfinals,Paper Rex,Guild Esports,50.0,50.0,0,0,0.0,1466.6478669600226,1466.6478669600226,0.0,50.0,50.0,0,0,100.0,1533.7125796869436,1533.7125796869436,100.0,0.7683636363636364,1.2351583710407241,113.9151515151515,142.81447963800906,165.53333333333333,220.6153846153846,3.409090909090909,4.386877828054299,0.09512121212121213,0.09036199095022623,0.8242424242424242,1.141923076923077,64.25454545454545,76.91402714932127,5.954545454545454,13.403846153846153,1,0,99.03484848484848,99.2326923076923,-0.19784382284382218,41.666666666666664,66.66666666666666,-24.999999999999993,0.0,0.0,0.0,1
Valorant Champions Tour Stage 2: Masters Copenhagen,Playoffs,Upper Quarterfinals,FNATIC,FunPlus Phoenix,50.0,50.0,0,0,58.333333333333336,1524.210688320742,1524.210688320742,60.57692307692308,50.0,50.0,0,0,66.66666666666666,1517.58342165102,1517.58342165102,68.33333333333333,1.0895064189623014,0.9881058201058202,131.4830993080993,130.82539682539684,205.56049807354952,196.40264550264547,3.6220152260593435,3.570370370370371,0.09507451372157255,0.11441798941798943,1.0246661084014026,0.9651904761904762,73.72470655025802,68.24232804232804,15.430899635495223,16.69047619047619,1,0,96.57670272123553,96.32145786727646,0.25524485395906993,38.51851851851852,56.666666666666664,-18.148148148148145,0.0,0.0,0.0,1
Valorant Champions Tour Stage 2: Masters Copenhagen,Playoffs,Upper Quarterfinals,LEVIATÁN,DRX,50.0,50.0,0,0,50.0,1500.0,1500.0,50.0,50.0,50.0,0,0,100.0,1563.1513613327254,1563.1513613327254,100.0,1.0,1.5860370218017275,130.0,146.91132592897299,200.0,231.47982311805842,5.0,3.0755656108597282,0.25,0.08713067324832031,1.0,1.2425576580282462,70.0,78.31424653777594,15.0,34.07544191919192,1,0,100.0,96.23209933345761,3.7679006665423884,50.0,63.33333333333333,-13.333333333333329,0.0,0.0,0.0,0
Valorant Champions Tour Stage 2: Masters Copenhagen,Playoffs,Upper Quarterfinals,XSET,OpTic Gaming,50.0,50.0,0,0,50.0,1500.0,1500.0,50.0,50.0,50.0,0,0,66.66666666666666,1529.4947291601927,1529.4947291601927,79.43925233644859,1.0,1.0786373626373627,130.0,134.77086802086802,200.0,206.7094572094572,5.0,3.301509601509602,0.25,0.09597541347541348,1.0,1.0391281496281497,70.0,72.46671106671107,15.0,20.269633144633143,1,1,100.0,96.74950645507762,3.250493544922378,50.0,56.25,-6.25,0.0,0.0,0.0,0
Valorant Champions Tour Stage 2: Masters Copenhagen,Playoffs,Lower Round 1,Guild Esports,FunPlus Phoenix,50.0,50.0,0,0,66.66666666666666,1512.7568656062917,1512.7568656062917,65.07936507936508,50.0,50.0,0,0,50.0,1500.319097540014,1500.319097540014,50.0,1.0755601261483614,0.9110793650793652,134.0581379404909,127.3008658008658,204.28904428904426,188.18834776334776,3.6821609762786234,3.268686868686869,0.10024132730015083,0.10535894660894662,1.02006993006993,0.9141201298701299,71.97298779651722,65.84083694083694,11.602564102564102,13.722402597402597,1,0,93.9361257086261,95.55772393125201,-1.62159822262592,50.0,52.222222222222214,-2.2222222222222143,0.0,0.0,0.0,0
Valorant Champions Tour Stage 2: Masters Copenhagen,Playoffs,Lower Round 1,LEVIATÁN,XSET,50.0,50.0,0,0,0.0,1487.5327868748846,1487.5327868748846,0.0,50.0,50.0,0,0,0.0,1483.890531803847,1483.890531803847,0.0,0.8842857142857142,0.7381818181818183,119.28571428571429,106.0909090909091,181.57142857142858,165.8181818181818,4.571428571428571,2.3636363636363638,0.07714285714285715,0.1481818181818182,0.9214285714285714,0.7963636363636365,67.71428571428571,66.54545454545455,9.461538461538462,6.7,1,1,100.0,100.0,0.0,44.44444444444444,33.33333333333333,11.111111111111114,0.0,0.0,0.0,0
Valorant Champions Tour Stage 2: Masters Copenhagen,Playoffs,Upper Semifinals,Paper Rex,FNATIC,50.0,50.0,0,0,33.33333333333333,1487.6035810406745,1487.6035810406745,34.92063492063492,50.0,50.0,0,0,61.53846153846154,1541.4750124317482,1541.4750124317482,60.57692307692308,0.9493535353535353,1.1039499811400264,120.7878787878788,131.29209166901475,183.46666666666667,205.3495506692905,3.383838383838384,3.504237831047786,0.0920808080808081,0.09699185881991314,0.9232727272727271,1.0308106734894067,68.52525252525253,73.85077807436404,10.072261072261071,16.763138125072512,1,0,95.03530827933531,96.62768418331964,-1.5923759039843333,46.666666666666664,41.66666666666667,4.999999999999993,0.0,0.0,0.0,1
Valorant Champions Tour Stage 2: Masters Copenhagen,Playoffs,Upper Semifinals,DRX,OpTic Gaming,50.0,50.0,0,0,100.0,1575.6185744578409,1575.6185744578409,100.0,50.0,50.0,0,0,71.42857142857143,1545.6041973563458,1545.6041973563458,80.0,1.5036296174413821,1.0990917653774797,143.7290607431784,134.8685362256791,225.46385849444673,206.9587555301841,2.913785822021116,3.349345892203035,0.08877120526532292,0.09356334142048428,1.2072461264225969,1.0505514009799726,77.35806389688743,72.51692117406404,29.631782106782104,20.94539983825698,1,0,95.8205872133044,96.83528392698861,-1.0146967136842022,65.0,60.00000000000001,4.999999999999993,0.0,0.0,0.0,0
Valorant Champions Tour Stage 2: Masters Copenhagen,Playoffs,Lower Round 2,FNATIC,LEVIATÁN,50.0,50.0,0,0,57.14285714285714,1521.167715697988,1521.167715697988,39.42307692307692,50.0,50.0,0,0,0.0,1472.17344726951,1472.17344726951,0.0,1.0872392682014531,0.9039285714285714,131.1503488574917,124.35714285714286,204.58831902807742,189.75,3.4682208431158013,4.642857142857142,0.09814079198112813,0.09000000000000001,1.0225659550533501,0.9210714285714285,73.52077744267869,68.32142857142857,16.065771116138762,13.016483516483518,1,0,96.58785998221524,99.9875,-3.399640017784762,40.056022408963585,52.77777777777778,-12.721755368814193,0.0,0.0,0.0,1
Valorant Champions Tour Stage 2: Masters Copenhagen,Playoffs,Lower Round 2,DRX,FunPlus Phoenix,66.66666666666666,66.66666666666666,1,1,83.33333333333334,1559.108728783474,1559.108728783474,81.18811881188118,33.33333333333334,33.33333333333334,1,1,60.0,1516.063006578033,1516.063006578033,59.4059405940594,1.428358014534485,0.9426134920634922,140.57421728598197,127.89069264069265,220.61988207870561,190.7006782106782,2.8392659627953747,3.239949494949495,0.09675378216554688,0.1071621572871573,1.1599273275743864,0.927671103896104,75.44283102518396,66.64766955266956,28.929262866762866,13.231255411255413,1,0,94.68299533209645,95.91504774417929,-1.2320524120828367,60.74074074074074,51.24999999999999,9.490740740740748,0.0,0.0,0.0,0
Valorant Champions Tour Stage 2: Masters Copenhagen,Playoffs,Upper Final,Paper Rex,OpTic Gaming,50.0,50.0,0,0,50.0,1507.9108777744348,1507.9108777744348,51.76470588235295,50.0,50.0,0,0,75.0,1562.1140430307128,1562.1140430307128,79.43925233644859,1.0052843822843822,1.0801219613719615,124.97552447552448,132.79330253080252,190.7153846153846,204.05557775557776,3.287878787878788,3.3806776556776557,0.08790675990675992,0.09203459040959042,0.9688006993006992,1.042982475857476,69.7016317016317,72.88563936063936,11.304195804195803,19.618891525141525,1,0,94.8908269669321,96.95783805069036,-2.06701108375826,52.77777777777778,60.66666666666667,-7.888888888888893,0.0,0.0,0.0,1
Valorant Champions Tour Stage 2: Masters Copenhagen,Playoffs,Lower Round 3,FunPlus Phoenix,FNATIC,33.33333333333334,33.33333333333334,1,1,66.66666666666666,1535.8324790184372,1535.8324790184372,60.57692307692308,66.66666666666666,66.66666666666666,1,1,60.0,1534.238355690651,1534.238355690651,39.42307692307692,1.0185415464165464,1.0842381318028378,132.15133477633478,131.19217745217745,197.7657166907167,204.28243109287226,3.3363215488215485,3.5481172313525255,0.10111997955747958,0.09796844288608994,0.9706350108225109,1.0251356321238674,68.82760341510341,73.58976265020382,15.616955266955268,16.37119029663147,1,0,94.97886300430581,96.68642713910367,-1.7075641347978632,55.18518518518518,38.42592592592593,16.759259259259252,0.0,0.0,0.0,1
Valorant Champions Tour Stage 2: Masters Copenhagen,Playoffs,Lower Final,OpTic Gaming,FunPlus Phoenix,50.0,50.0,0,0,66.66666666666666,1544.5617555499075,1544.5617555499075,81.73076923076923,50.0,50.0,0,0,71.42857142857143,1550.9627380202264,1550.9627380202264,78.84615384615384,1.051988751988752,1.044260101010101,130.85900395900396,132.97665429808288,201.10923150923153,199.74816532673677,3.38966218966219,3.461745001030715,0.09274869574869576,0.10310283962069677,1.0190613460613462,0.9859524582560297,72.47954267954269,69.49508864151721,17.926194176194176,15.552628324056895,1,0,96.28056398599624,95.16940826968182,1.1111557163144141,57.57575757575757,53.0,4.575757575757571,0.0,0.0,0.0,0
Valorant Champions Tour Stage 2: Masters Copenhagen,Playoffs,Grand Final,Paper Rex,FunPlus Phoenix,50.0,50.0,0,0,60.0,1525.46316525524,1525.46316525524,60.57692307692308,50.0,50.0,0,0,75.0,1568.2385209519612,1568.2385209519612,78.84615384615384,1.043560839160839,1.0573386994949496,126.02041958041957,134.60457251082252,193.945641025641,200.9602002164502,3.2836363636363637,3.6123602092352094,0.08952540792540795,0.10167331800144301,0.9969072261072259,1.0030556231962482,70.76130536130536,69.98875811688312,12.48951048951049,16.03910533910534,1,0,95.02468032924718,95.21187579432419,-0.18719546507701068,56.666666666666664,54.24242424242425,2.424242424242415,0.0,0.0,0.0,0
Valorant Champions Tour Stage 1: Masters Reykjavík,Playoffs,Upper Quarterfinals,G2 Esports,ZETA DIVISION,50.0,50.0,0,0,66.66666666666666,1529.5415777678909,1529.5415777678909,61.6822429906542,50.0,50.0,0,0,40.0,1488.866574667111,1488.866574667111,39.42307692307692,0.9963059163059164,0.95576395173454,125.3011063011063,128.56945701357466,189.45983645983645,195.08250377073904,4.571428571428571,2.7441930618401207,0.1200913900913901,0.10280920060331826,0.9660606060606062,0.9096010558069381,69.11159211159212,65.26998491704373,11.466861598440545,6.920308857808858,1,0,93.17343097234655,94.37942283125334,-1.2059918589067848,60.8843537414966,36.66666666666667,24.217687074829925,0.0,0.0,0.0,1
Valorant Champions Tour Stage 1: Masters Reykjavík,Playoffs,Upper Quarterfinals,LOUD,Team Liquid,50.0,50.0,0,0,0.0,1470.5119432275328,1470.5119432275328,0.0,50.0,50.0,0,0,70.0,1550.259459716335,1550.259459716335,60.00000000000001,1.0275326797385622,1.1500344602765655,131.98529411764707,132.35738997844263,198.45098039215685,206.14119301750878,4.065359477124183,3.286011357063989,0.09344771241830066,0.09845234765234766,1.006045751633987,1.0636000262895,70.59150326797385,74.30856879962144,10.81875,16.4822693972694,1,0,99.94395424836601,94.40281219219024,5.541142056175772,44.44444444444444,68.4593837535014,-24.014939309056956,0.0,0.0,0.0,1
Valorant Champions Tour Stage 1: Masters Reykjavík,Playoffs,Upper Quarterfinals,Paper Rex,DRX,50.0,50.0,0,0,50.0,1512.1251508572109,1512.1251508572109,62.376237623762385,50.0,50.0,0,0,71.42857142857143,1539.3392563430698,1539.3392563430698,60.57692307692308,1.0279673659673658,1.33705412234824,126.16780996780996,137.43724119018236,194.83565323565324,215.77308573779163,3.482395382395383,2.7413488472312,0.09333466533466535,0.1010636814166226,0.9855179265179265,1.1176300170417817,70.57886557886557,74.51143758202582,13.73199948199948,25.90040713254999,1,1,95.37153557745472,93.88595882602827,1.48557675142645,55.55555555555555,56.666666666666664,-1.1111111111111143,0.0,0.0,0.0,0
Valorant Champions Tour Stage 1: Masters Reykjavík,Playoffs,Upper Quarterfinals,The Guard,OpTic Gaming,50.0,50.0,0,0,50.0,1500.0,1500.0,50.0,50.0,50.0,0,0,60.0,1527.2859726181728,1527.2859726181728,60.57692307692308,1.0,1.0432273767898768,130.0,129.76685356310355,200.0,199.43580835830838,5.0,3.4256959706959704,0.25,0.09253632617382618,1.0,1.0067177114552115,70.0,72.41908841158842,15.0,16.496074758574757,1,1,100.0,96.24092944504748,3.7590705549525154,50.0,54.44444444444444,-4.444444444444443,0.0,0.0,0.0,0
Valorant Champions Tour Stage 1: Masters Reykjavík,Playoffs,Lower Round 1,ZETA DIVISION,Team Liquid,50.0,50.0,0,0,33.33333333333333,1473.3176809142317,1473.3176809142317,38.31775700934579,50.0,50.0,0,0,63.63636363636363,1531.630582487066,1531.630582487066,41.1214953271028,0.9544699597787835,1.1456463007861826,129.80788084464555,132.8008358092794,196.70208647561586,206.74333055067646,3.0534942182001004,3.383004977010043,0.10100766716943188,0.0970957171171075,0.915000879839115,1.0609198099958022,66.55832076420312,74.07196094083231,6.6335907148407145,17.40595919232283,1,0,94.8517640770731,94.65505252865736,0.19671154841573468,33.33333333333333,66.48439280018226,-33.151059466848935,0.0,0.0,0.0,1
Valorant Champions Tour Stage 1: Masters Reykjavík,Playoffs,Lower Round 1,Paper Rex,The Guard,50.0,50.0,0,0,42.857142857142854,1498.113314993806,1498.113314993806,62.376237623762385,50.0,50.0,0,0,0.0,1485.991288997909,1485.991288997909,0.0,1.0106386946386945,0.9178571428571429,126.60415457558315,115.07142857142857,195.0178615035758,176.14285714285714,3.349989692846836,3.2857142857142856,0.09738209409637981,0.08428571428571428,0.9744915560629845,0.9557142857142858,70.0914085914086,73.0,12.997176026587791,5.153846153846154,1,0,95.61184334240887,100.0,-4.388156657591125,56.4069264069264,66.66666666666666,-10.259740259740255,0.0,0.0,0.0,1
Valorant Champions Tour Stage 1: Masters Reykjavík,Playoffs,Upper Semifinals,DRX,OpTic Gaming,33.333333333333336,33.333333333333336,1,1,75.0,1553.3510922064747,1553.3510922064747,59.4059405940594,66.66666666666666,66.66666666666666,1,1,63.63636363636363,1541.2946836202639,1541.2946836202639,59.4059405940594,1.3250694158782392,1.0334453425362515,138.65464486493897,129.20850323918506,216.9485088440971,198.48141668937123,3.0163273001508295,3.4040417915417915,0.09673954476895653,0.0929875692489329,1.117926264911559,0.9992320104138287,74.88133141368435,72.05144401053492,24.92066874098124,16.844916447189174,1,0,94.28077237658731,96.32135242672454,-2.040580050137237,55.55555555555555,51.721611721611715,3.8339438339438345,0.0,0.0,0.0,0
Valorant Champions Tour Stage 1: Masters Reykjavík,Playoffs,Upper Semifinals,G2 Esports,LOUD,50.0,50.0,0,0,71.42857142857143,1545.0904715207703,1545.0904715207703,80.0,50.0,50.0,0,0,33.33333333333333,1489.1408204568017,1489.1408204568017,33.333333333333336,1.0105627705627707,0.9730773420479304,128.17027417027418,127.43464052287582,194.73376623376623,192.91176470588235,4.150793650793651,3.7657952069716774,0.11506854256854257,0.10007625272331155,0.9884343434343434,0.9576416122004358,69.5559163059163,69.2276688453159,15.662646198830409,11.245833333333332,1,1,93.93442664103866,97.60368035641618,-3.669253715377522,62.53968253968253,46.666666666666664,15.873015873015866,0.0,0.0,0.0,0
Valorant Champions Tour Stage 1: Masters Reykjavík,Playoffs,Lower Round 2,DRX,ZETA DIVISION,66.66666666666666,66.66666666666666,1,1,66.66666666666666,1537.6238465933404,1537.6238465933404,38.77551020408163,33.33333333333334,33.33333333333334,1,1,42.857142857142854,1491.0451308840788,1491.0451308840788,57.692307692307686,1.2877700363362128,0.9532599655246715,137.26940654661243,128.61627881921999,214.48200786141965,195.39226459814697,3.0839576001340707,3.0839474251238954,0.09967126201685025,0.10467323852617971,1.1003094576991637,0.9181912303382891,73.93618347883053,66.69760827407886,24.95911295494629,7.0573634698634695,1,1,94.33284752939173,95.22581833322319,-0.8929708038314601,56.12244897959183,36.772486772486765,19.349962207105065,0.0,0.0,0.0,0
Valorant Champions Tour Stage 1: Masters Reykjavík,Playoffs,Lower Round 2,G2 Esports,Paper Rex,50.0,50.0,0,0,62.5,1524.6804854035422,1524.6804854035422,60.00000000000001,50.0,50.0,0,0,50.0,1515.0995001218098,1515.0995001218098,62.376237623762385,0.9633835497835497,1.0284755244755244,126.44288600288601,129.11196858696857,192.16034632034632,199.14062881562882,3.907301587301587,3.5284632034632035,0.11125483405483408,0.09340377677877679,0.947680808080808,0.9922634448884449,68.41806637806637,70.92720473970473,16.503450292397662,12.216279023264317,1,0,93.87047209868237,95.57764120935937,-1.7071691106770004,57.56302521008403,60.0,-2.436974789915972,0.0,0.0,0.0,0
Valorant Champions Tour Stage 1: Masters Reykjavík,Playoffs,Upper Final,LOUD,OpTic Gaming,33.333333333333336,33.333333333333336,1,1,50.0,1509.5508065740298,1509.5508065740298,51.898734177215175,66.66666666666666,66.66666666666666,1,1,66.66666666666666,1557.0219292333982,1557.0219292333982,58.16326530612243,1.0575857843137255,1.0353150934033286,129.4093137254902,129.39210836140984,197.2671568627451,198.73051431819815,3.4632352941176467,3.55174419126625,0.09866830065359478,0.09219938945858064,1.0176756535947713,1.0033156173891469,71.11519607843137,71.91970602926484,12.871875,16.19117340992341,1,1,95.8105158564303,96.44620611249145,-0.635690256061153,55.714285714285715,51.42857142857142,4.285714285714292,0.0,0.0,0.0,1
Valorant Champions Tour Stage 1: Masters Reykjavík,Playoffs,Lower Round 3,ZETA DIVISION,Paper Rex,50.0,50.0,0,0,50.0,1508.2707872026065,1508.2707872026065,78.21782178217822,50.0,50.0,0,0,55.55555555555556,1533.1847198781063,1533.1847198781063,62.376237623762385,0.9774618448340875,1.0427474747474745,129.1720564668175,129.9200404533738,197.2807315233786,200.09081535748203,3.2297039969834085,3.521027121027121,0.10330783371040725,0.09020506653839988,0.939745451546003,1.0056871646871646,67.329157239819,71.43956660623327,9.159568036130537,13.5996554280868,1,1,95.10842347103117,95.62391133899818,-0.5154878679670105,39.39393939393939,61.42857142857142,-22.034632034632033,0.0,0.0,0.0,1
Valorant Champions Tour Stage 1: Masters Reykjavík,Playoffs,Lower Final,OpTic Gaming,ZETA DIVISION,50.0,50.0,0,0,61.53846153846154,1539.7579374940644,1539.7579374940644,38.77551020408163,50.0,50.0,0,0,55.55555555555556,1524.5588853743377,1524.5588853743377,77.55102040816325,1.0465804482094074,0.9937315163957321,129.728462016867,129.87516130383779,199.36210371453583,198.2927490084353,3.622424502345317,3.3029467627506843,0.09031074864049977,0.10022424724875706,1.00790219885695,0.9514404013742249,72.07067886864266,67.9839422378638,15.971339557878018,9.4612826987827,1,0,96.54063666420244,95.24507921772947,1.2955574464729693,48.8095238095238,45.55555555555556,3.253968253968246,0.0,0.0,0.0,1
Valorant Champions Tour Stage 1: Masters Reykjavík,Playoffs,Grand Final,LOUD,OpTic Gaming,50.0,50.0,2,2,60.0,1526.8147983133636,1526.8147983133636,61.22448979591836,50.0,50.0,2,2,64.28571428571429,1556.5884918343208,1556.5884918343208,59.4059405940594,1.0466936274509804,1.0543757223168988,129.42745098039217,130.66622493402954,196.37622549019608,200.31583100023227,3.3205882352941174,3.6391900991165698,0.10380964052287582,0.09028855230903551,1.004515522875817,1.0149908173059434,70.6296568627451,72.48399772496411,13.430833333333334,16.01505339898197,1,1,96.14123747685565,96.54853616355376,-0.40729868669811253,60.416666666666664,51.19047619047619,9.226190476190474,0.0,0.0,0.0,0
Valorant Champions 2022,Group Stage,Opening (A),Paper Rex,EDward Gaming,50.0,50.0,0,0,50.0,1516.896621706375,1516.896621706375,43.56435643564357,50.0,50.0,0,0,50.0,1500.0,1500.0,50.0,1.0402060606060606,1.0,129.30136974136974,130.0,199.60173382173383,200.0,3.408924408924409,5.0,0.09191789321789323,0.25,1.0007851148851148,1.0,71.0622766122766,70.0,12.653975599563834,15.0,1,0,95.81669167533161,100.0,-4.183308324668388,56.04166666666666,50.0,6.041666666666657,0.0,0.0,0.0,1
Valorant Champions 2022,Group Stage,Opening (A),LEVIATÁN,Team Liquid,50.0,50.0,0,0,0.0,1459.102807276847,1459.102807276847,0.0,50.0,50.0,0,0,58.333333333333336,1513.9031325172189,1513.9031325172189,21.153846153846153,0.9257440476190476,1.1408979979428895,124.13392857142857,133.02298838072832,190.25,206.4313863381201,4.574404761904762,3.423310117814762,0.09875,0.09683774069068189,0.9290476190476191,1.0558431591628186,68.42261904761905,73.98263086242962,13.368131868131869,17.277684815184816,1,0,99.60506681296424,94.84878256601256,4.7562842469516795,58.0952380952381,65.31127602556174,-7.216037930323637,0.0,0.0,0.0,0
Valorant Champions 2022,Group Stage,Opening (B),ZETA DIVISION,LOUD,50.0,50.0,0,0,50.0,1507.7283310340813,1507.7283310340813,56.43564356435643,50.0,50.0,0,0,50.0,1510.7193592673711,1510.7193592673711,59.4059405940594,0.9760916980894923,1.0255780228758171,128.647645173454,130.15382819794584,196.5368074409251,197.61114028944914,3.4193187531422824,3.52906162464986,0.09980182252388135,0.10555565281668224,0.9395630279034691,0.9919772214441333,67.66554801407742,70.23899976657329,9.295154428904429,12.835218253968256,1,0,95.31986503535235,96.34332409824819,-1.0234590628958387,43.25396825396825,54.047619047619044,-10.79365079365079,0.0,0.0,0.0,0
Valorant Champions 2022,Group Stage,Opening (B),OpTic Gaming,BOOM Esports,50.0,50.0,0,0,66.66666666666666,1572.6839308803133,1572.6839308803133,81.18811881188118,50.0,50.0,0,0,50.0,1500.0,1500.0,50.0,1.057959007495772,1.0,131.4176432717609,130.0,201.45727560021678,200.0,3.7382440925087987,5.0,0.09010264882176647,0.25,1.0160747628188807,1.0,72.29339787663318,70.0,16.12516095016095,15.0,1,0,96.66254898294628,100.0,-3.3374510170537235,54.51127819548872,50.0,4.511278195488721,0.0,0.0,0.0,1
Valorant Champions 2022,Group Stage,Winner's (A),Paper Rex,LEVIATÁN,50.0,50.0,0,0,54.54545454545454,1531.3579916521176,1531.3579916521176,62.376237623762385,50.0,50.0,0,0,0.0,1444.2560264730178,1444.2560264730178,0.0,1.0305616593744935,0.9518080357142857,129.3541863958976,125.21408279220779,199.53633555986497,193.41477272727272,3.3877922434072163,4.362621753246753,0.09468471575958208,0.09656250000000001,0.9960078584517086,0.9651948051948052,71.17960975447606,70.04423701298701,12.810432363239851,11.701098901098902,1,0,95.97647854353743,97.78216226122441,-1.805683717686989,58.23529411764705,64.44444444444444,-6.209150326797392,0.0,0.0,0.0,0
Valorant Champions 2022,Group Stage,Opening (D),DRX,FURIA,50.0,50.0,0,0,60.0,1520.3981902748128,1520.3981902748128,19.387755102040813,50.0,50.0,0,0,0.0,1469.4950037897918,1469.4950037897918,0.0,1.2508055327025915,0.9316428571428572,136.2049658919512,123.27857142857144,212.29630707527767,185.25714285714287,3.1505618401206634,3.95,0.10095413581516524,0.10192857142857142,1.080466011929247,0.9382857142857143,73.33006513094747,71.2,23.206951659451658,22.294642857142858,1,0,94.2340494962782,99.815,-5.580950503721795,55.729166666666664,33.33333333333333,22.395833333333336,0.0,0.0,0.0,1
Valorant Champions 2022,Group Stage,Opening (D),FNATIC,100 Thieves,50.0,50.0,0,0,53.333333333333336,1519.1080966888617,1519.1080966888617,40.59405940594059,50.0,50.0,0,0,75.0,1533.5454822469478,1533.5454822469478,73.17073170731709,1.0641204847440142,1.1121512237762239,130.60786372668727,137.98138111888113,202.96478403404873,207.36634615384617,3.477528996058408,4.0145104895104895,0.09918412916059975,0.09826923076923078,1.0102336713395537,1.0360688374125875,73.295645003145,71.44586975524476,16.74520990447461,23.10551948051948,1,0,96.4757903842436,94.80514041545615,1.670649968787444,40.41353383458647,45.83333333333333,-5.419799498746862,0.0,0.0,0.0,0
Valorant Champions 2022,Group Stage,Winner's (B),OpTic Gaming,LOUD,66.66666666666667,66.66666666666667,3,3,73.33333333333333,1584.7496641109744,1584.7496641109744,81.18811881188118,33.33333333333333,33.33333333333333,3,3,57.14285714285714,1528.167846875849,1528.167846875849,78.84615384615384,1.0804855032222678,1.0560998437836673,131.28533557945323,131.95602856527225,201.8412072241484,201.12823013820912,3.831577425842132,3.5084264475020777,0.08771290523202288,0.10487187823847488,1.0283072414513592,1.0158705854136527,72.56758591082121,71.07298881090898,16.212340437340437,13.858758503401361,1,1,96.55909465791838,96.04308726742875,0.5160073904896336,53.28571428571428,57.57575757575757,-4.290043290043293,0.0,0.0,0.0,1
Valorant Champions 2022,Group Stage,Opening (C),XSET,XERXIA Esports,50.0,50.0,0,0,50.0,1499.2498714092214,1499.2498714092214,46.34146341463415,50.0,50.0,0,0,20.0,1461.1014749179733,1461.1014749179733,21.782178217821784,0.9013131313131313,0.9641035141329258,120.76767676767678,131.4427616501146,186.46464646464648,197.20978800611152,3.404040404040404,3.7691558441558444,0.12353535353535354,0.10576728418640184,0.9190151515151517,0.9681024637127578,69.43939393939394,69.17522918258211,5.908823529411764,12.381694041252866,1,0,95.70719696969697,96.57399877426666,-0.8668018045696897,37.5,42.5,-5.0,0.0,0.0,0.0,1
Valorant Champions 2022,Group Stage,Opening (C),FunPlus Phoenix,KRÜ Esports,50.0,50.0,0,0,77.77777777777779,1581.5765353499903,1581.5765353499903,100.0,50.0,50.0,0,0,40.0,1451.0074672520793,1451.0074672520793,39.42307692307692,1.0620788439955107,0.929889530627611,135.2675565175565,124.09000106876267,202.50430495430496,188.80570751573848,3.750669392336059,3.3302177217347495,0.10048210277376945,0.09709865373704382,1.0088536756453423,0.9094220600864563,70.22281144781145,68.11192899979277,16.256982523649192,13.574416324416324,1,0,95.44936972585012,94.40202078591345,1.0473489399366684,52.820512820512825,47.676767676767675,5.14374514374515,0.0,0.0,0.0,1
Valorant Champions 2022,Group Stage,Winner's (D),DRX,100 Thieves,50.0,50.0,0,0,63.63636363636363,1535.4378873165397,1535.4378873165397,40.59405940594059,50.0,50.0,0,0,80.0,1548.114222680228,1548.114222680228,78.21782178217822,1.2515714632960622,1.1097209790209792,135.08843053114444,135.07843822843822,210.67496447402866,204.6130769230769,3.12288838612368,4.051608391608392,0.09793033325854182,0.09861538461538462,1.0888851856699449,1.0381884032634032,74.07628298617603,71.93002913752915,24.93561261970353,22.355844155844157,1,0,94.42396958428844,95.35120806837499,-0.9272384840865442,59.391534391534385,49.629629629629626,9.76190476190476,0.0,0.0,0.0,1
Valorant Champions 2022,Group Stage,Elimination (B),BOOM Esports,ZETA DIVISION,50.0,50.0,0,0,0.0,1487.9342667693388,1487.9342667693388,0.0,50.0,50.0,0,0,45.45454545454545,1490.2798434256035,1490.2798434256035,56.43564356435643,0.8029999999999999,0.9623863922025687,118.65,127.60695015768546,177.0,195.36679464326525,2.7,3.350895836189954,0.124,0.10060771744595275,0.826,0.9279057829425477,65.9,66.9989830431007,8.35,10.037552977325705,1,1,100.0,95.3548853263611,4.645114673638901,66.66666666666666,41.03703703703704,25.62962962962962,0.0,0.0,0.0,0
Valorant Champions 2022,Group Stage,Elimination (A),EDward Gaming,Team Liquid,50.0,50.0,0,0,0.0,1485.5386300542575,1485.5386300542575,0.0,50.0,50.0,0,0,61.53846153846154,1528.749913321048,1528.749913321048,42.30769230769231,1.0946666666666665,1.1248460151951458,138.33333333333334,132.37164739417656,206.86666666666667,205.4067497821963,3.7333333333333334,3.4420298523418316,0.08533333333333333,0.09887586320165508,1.0486666666666666,1.0442825742699522,75.46666666666667,73.46259942856751,14.2,16.10247829093983,1,0,100.0,94.85621766039255,5.143782339607455,33.33333333333333,60.86956521739131,-27.536231884057983,0.0,0.0,0.0,0
Valorant Champions 2022,Group Stage,Elimination (C),KRÜ Esports,XERXIA Esports,50.0,50.0,0,0,33.33333333333333,1439.7269482417162,1439.7269482417162,18.269230769230766,50.0,50.0,0,0,16.666666666666664,1445.4262246268258,1445.4262246268258,21.153846153846153,0.9182177357558162,0.9600862617774383,123.23153953030115,131.5962407690349,187.33254512257608,198.1748233384263,3.284747636264664,3.565205627705628,0.09898925202764212,0.10995758530685001,0.9055246241890205,0.9526611440030558,67.9652623331261,68.85814553093964,13.67151034151034,15.212017761650115,1,0,94.44633866640372,96.647143394134,-2.2008047277302865,47.676767676767675,42.5,5.176767676767675,0.0,0.0,0.0,1
Valorant Champions 2022,Group Stage,Elimination (D),FURIA,FNATIC,50.0,50.0,0,0,0.0,1454.455306748065,1454.455306748065,0.0,50.0,50.0,0,0,46.666666666666664,1504.5393562555814,1504.5393562555814,40.59405940594059,0.8975054945054944,1.0433768950004245,119.92930402930403,129.89504321386673,179.55604395604396,202.19459172635644,3.6333333333333333,3.393554637084049,0.11077289377289377,0.10133797531444591,0.8852673992673993,0.9982593123651947,68.0051282051282,73.02160654160654,21.47420634920635,16.69392785319256,1,0,97.37138365318351,96.39735521644506,0.9740284367384504,26.666666666666668,38.84740259740259,-12.180735930735924,0.0,0.0,0.0,0
Valorant Champions 2022,Group Stage,Winner's (C),FunPlus Phoenix,XSET,50.0,50.0,0,0,80.0,1592.8570543603535,1592.8570543603535,100.0,50.0,50.0,0,0,66.66666666666666,1514.925121700369,1514.925121700369,65.07936507936508,1.0743255050505052,0.9531831131831132,135.93170995670997,126.84511784511785,203.2902380952381,194.66873866873865,3.721056998556999,3.577052577052577,0.09934298340548342,0.10645946645946647,1.0183319444444445,0.9713947163947164,70.92780303030302,71.52369852369851,16.33128427128427,9.55032679738562,1,0,95.56966461585552,95.64026323353096,-0.07059861767544362,52.820512820512825,37.5,15.320512820512825,0.0,0.0,0.0,0
Valorant Champions 2022,Group Stage,Decider (A),Paper Rex,Team Liquid,50.0,50.0,0,0,50.0,1509.4358506770627,1509.4358506770627,60.57692307692308,50.0,50.0,0,0,64.28571428571429,1544.172181993183,1544.172181993183,42.30769230769231,1.0071057635175282,1.1443899811427454,128.05951934775464,132.99894730558154,197.79467123290655,206.1414324900614,3.3251731928202517,3.4599068409108216,0.09740038338567751,0.09873637846747092,0.9795223550958845,1.0563942585253951,70.38433924463335,73.78669946938412,13.023199363272893,17.404682222539368,1,0,95.69862931288694,94.81302703953133,0.8856022733556017,55.707070707070706,61.80555555555556,-6.098484848484851,0.0,0.0,0.0,0
Valorant Champions 2022,Group Stage,Decider (B),LOUD,ZETA DIVISION,66.66666666666666,66.66666666666666,1,1,50.0,1515.4215969317,1515.4215969317,60.57692307692308,33.33333333333334,33.33333333333334,1,1,50.0,1505.3772280775624,1505.3772280775624,56.43564356435643,1.04707347442182,0.9716319706301325,130.62819166127989,127.78970431121166,199.50803470426632,195.65289508965978,3.444873141564318,3.371654516507458,0.10488789345866552,0.09911262988101223,1.006525651125835,0.9378025232528909,70.23747632065647,67.86017890062008,13.105580357142857,10.796328324453325,1,0,96.19883577907102,95.40665539481324,0.7921803842577759,59.44444444444444,39.067460317460316,20.376984126984127,0.0,0.0,0.0,1
Valorant Champions 2022,Group Stage,Decider (D),100 Thieves,FNATIC,66.66666666666666,66.66666666666666,1,1,66.66666666666666,1529.8723639676045,1529.8723639676045,56.43564356435643,33.33333333333334,33.33333333333334,1,1,53.333333333333336,1517.563275634549,1517.563275634549,38.77551020408163,1.0764341491841494,1.0557431953667247,133.59869852369852,130.69138021020373,202.76645299145298,203.38836462012932,3.90967365967366,3.5144337579631695,0.10140170940170941,0.09909255406902466,1.021379224941725,1.0128600449659273,71.74169094794094,73.25384097384098,20.585425685425687,18.0367849960497,1,0,95.55702823541878,96.66661216096509,-1.1095839255463034,48.0,42.47835497835498,5.521645021645021,0.0,0.0,0.0,0
Valorant Champions 2022,Playoffs,Upper Quarterfinals,LEVIATÁN,LOUD,50.0,50.0,0,0,20.0,1466.1781674480726,1466.1781674480726,21.782178217821784,50.0,50.0,0,0,55.55555555555556,1532.5129223308763,1532.5129223308763,60.57692307692308,1.0232646103896106,1.0804356809675437,127.66217532467533,131.96579999521177,198.4409090909091,201.74788270008858,4.199188311688312,3.2991464962053194,0.09215909090909091,0.10708553492622121,0.9937922077922078,1.0291339121118535,71.2353896103896,71.13701598873166,12.48087912087912,12.950992063492063,1,1,97.18178790338845,95.7747746007241,1.4070133026643532,66.66666666666667,62.136752136752136,4.529914529914535,0.0,0.0,0.0,0
Valorant Champions 2022,Playoffs,Upper Quarterfinals,DRX,FunPlus Phoenix,50.0,50.0,2,2,66.66666666666666,1553.6797460291632,1553.6797460291632,62.376237623762385,50.0,50.0,2,2,72.72727272727273,1574.3036535510143,1574.3036535510143,81.18811881188118,1.2405516191325014,1.067909550045914,135.46439465354908,135.8129181424636,210.8131618789707,203.36612554112554,3.218203242835596,3.7464154532336353,0.09710280548699667,0.09786862127771219,1.0886447535307828,1.0143926767676767,74.07548162621693,71.36618457300276,25.024311568061567,16.65181686999869,1,0,94.66128437217453,95.75339982264407,-1.0921154504695352,61.02756892230576,50.0,11.027568922305761,0.0,0.0,0.0,1
Valorant Champions 2022,Playoffs,Upper Quarterfinals,OpTic Gaming,Team Liquid,50.0,50.0,0,0,73.33333333333333,1597.4959140551234,1597.4959140551234,81.18811881188118,50.0,50.0,0,0,66.66666666666666,1557.8575415198386,1557.8575415198386,62.376237623762385,1.0854081222698868,1.133875093511007,130.75735938897705,132.53790637409833,201.31977865271983,205.17089254627953,3.7803869496516556,3.5625797181834336,0.08818909570821336,0.09809839768075063,1.0287953366894544,1.051356863512591,72.79794305367835,73.68425283809185,16.8526578976579,16.572147852147854,1,0,96.56404398153597,94.94567216930314,1.6183718122328372,51.70068027210885,64.17652859960553,-12.475848327496685,0.0,0.0,0.0,1
Valorant Champions 2022,Playoffs,Upper Quarterfinals,XSET,FNATIC,50.0,50.0,0,0,75.0,1533.478522509708,1533.478522509708,73.17073170731709,50.0,50.0,0,0,60.0,1535.7865547949104,1535.7865547949104,61.22448979591836,1.0059984459984461,1.0883209731445025,127.70328282828282,131.96249132131484,196.79322066822067,205.05058684235155,3.3216783216783217,3.487767091296503,0.10581682206682207,0.09895922073569133,0.9884071484071484,1.035437822743705,72.61499611499612,74.00939652939653,10.959620098039215,19.741546900811606,1,0,96.08603686110622,96.45861036160237,-0.372573500496145,43.33333333333333,44.37543133195307,-1.042097998619738,0.0,0.0,0.0,1
Valorant Champions 2022,Playoffs,Lower Round 1,FunPlus Phoenix,LEVIATÁN,50.0,50.0,0,0,66.66666666666666,1555.6601362835133,1555.6601362835133,60.57692307692308,50.0,50.0,0,0,16.666666666666664,1451.898234172306,1451.898234172306,21.153846153846153,1.0511140572390574,1.0138743548118547,135.41184163059162,126.82104353979355,202.2219787157287,196.27768065268063,3.684214165464166,3.999323593073593,0.09887956950456951,0.09179924242424242,1.0075872264309764,0.9857242757242757,71.19172979797979,71.196158008658,16.80962000962001,11.17851037851038,1,0,95.85815316477614,97.35098412122454,-1.492830956448401,45.53571428571428,62.33766233766234,-16.80194805194806,0.0,0.0,0.0,1
Valorant Champions 2022,Playoffs,Lower Round 1,Team Liquid,FNATIC,33.33333333333334,33.33333333333334,1,1,60.0,1544.38420030929,1544.38420030929,62.376237623762385,66.66666666666666,66.66666666666666,1,1,53.333333333333336,1518.069638818595,1518.069638818595,40.59405940594059,1.1030606138729977,1.0695398283633577,131.2018581086383,131.23993239875594,202.68642799122674,203.78324677501146,3.5643896729345648,3.433895037424449,0.1004151397621986,0.09930265507912567,1.03033122248695,1.023323344629227,72.67550472346139,73.43363895363896,15.600352980352982,17.789165948430654,1,1,95.08439220645407,96.6049724760707,-1.5205802696166302,63.12074829931973,44.37543133195307,18.745316967366662,0.0,0.0,0.0,0
Valorant Champions 2022,Playoffs,Upper Semifinals,DRX,LOUD,50.0,50.0,0,0,69.23076923076923,1572.3232632966642,1572.3232632966642,63.46153846153847,50.0,50.0,0,0,60.0,1546.792855606643,1546.792855606643,61.6822429906542,1.2529567393390921,1.0873254462041229,135.45664401586347,132.10255332902392,210.5198417344345,201.9930944300797,3.2783414549251657,3.2758985132514544,0.09515783443554938,0.10617698143359908,1.0930846675948485,1.0386871875673347,74.44729772489953,71.26998105652517,23.69551837051837,14.202559523809523,1,0,94.84255774641125,95.8679939345123,-1.0254361881010539,64.08163265306122,62.69841269841271,1.38321995464851,0.0,0.0,0.0,0
Valorant Champions 2022,Playoffs,Upper Semifinals,OpTic Gaming,XSET,66.66666666666666,66.66666666666666,1,1,73.33333333333333,1610.969255265672,1610.969255265672,100.0,33.33333333333334,33.33333333333334,1,1,80.0,1551.1954384860235,1551.1954384860235,78.84615384615384,1.0686457291074938,0.9917078477078476,129.99017990179755,126.28989898989899,199.7604624134036,194.18003108003109,3.813549342814049,3.257342657342657,0.0899326854518031,0.1013807303807304,1.0214654221595398,0.9898166278166277,72.45401142974673,71.87381507381507,16.717187812187813,10.807696078431373,1,1,96.70957818276105,96.49785487737822,0.2117233053828329,51.57004830917874,43.33333333333333,8.236714975845409,0.0,0.0,0.0,1
Valorant Champions 2022,Playoffs,Lower Round 2,DRX,FNATIC,50.0,50.0,0,0,64.28571428571429,1553.4322954634245,1553.4322954634245,61.6822429906542,50.0,50.0,0,0,60.0,1537.000109103885,1537.000109103885,60.57692307692308,1.2231851041115747,1.0834792223027518,134.10534526747762,130.14902330784685,208.40578710505181,201.75900435076903,3.2145038784744666,3.450730054259466,0.09539381329454859,0.09823868201515261,1.0774797188106011,1.0332762065820889,73.78347975553858,73.49559181559181,22.21177255284398,17.07805483731954,1,0,94.6542321199071,96.44623307301346,-1.7920009531063528,59.85507246376811,46.37260887260887,13.482463591159238,0.0,0.0,0.0,1
Valorant Champions 2022,Playoffs,Lower Round 2,XSET,FunPlus Phoenix,66.66666666666666,66.66666666666666,1,1,66.66666666666666,1538.5849912734195,1538.5849912734195,81.18811881188118,33.333333333333336,33.333333333333336,1,1,69.23076923076923,1568.1547742288217,1568.1547742288217,60.57692307692308,0.9830898730898731,1.0523104118104118,125.96707268766092,135.2570845820846,193.72845727257493,202.41003163503163,3.3615110379816264,3.6264541014541014,0.10144472629766747,0.09865806415806418,0.9782785623962095,1.0116702602952603,71.4340615811204,70.90005827505829,10.81033496732026,17.01016206016206,1,0,96.67791436378684,95.98996832727312,0.687946036513722,41.9047619047619,48.109243697478995,-6.204481792717097,0.0,0.0,0.0,0
Valorant Champions 2022,Playoffs,Upper Final,LOUD,OpTic Gaming,25.0,25.0,4,4,63.63636363636363,1565.6838234398826,1565.6838234398826,82.2429906542056,75.0,75.0,4,4,80.0,1623.579702478276,1623.579702478276,100.0,1.1113867692764752,1.075740967202732,132.6205030263854,130.70056951218714,203.18160099704218,200.5734494263906,3.281119860531625,3.8351943644590705,0.10410028615175673,0.08935259887171652,1.0500186553642437,1.0291840368781546,72.11210399078045,72.80985558559088,12.91141774891775,18.37606227106227,1,1,95.86547867297318,96.89001977767627,-1.02454110470309,65.27777777777779,51.46666666666667,13.811111111111117,0.0,0.0,0.0,1
Valorant Champions 2022,Playoffs,Lower Round 3,FunPlus Phoenix,DRX,33.33333333333334,33.33333333333334,3,3,71.42857142857143,1582.0642368347474,1582.0642368347474,60.57692307692308,66.66666666666666,66.66666666666666,3,3,66.66666666666666,1567.913937370023,1567.913937370023,79.43925233644859,1.0538517316017317,1.2047135045782105,135.4609436198722,133.25017410149763,203.0275690579262,206.86021611286318,3.661072459286745,3.2742776939835765,0.09855550401978974,0.09418237388972685,1.0180747655122655,1.0670921820010055,71.0341810966811,73.44976629035453,16.652293341579057,21.98981124539948,1,0,96.05222037500971,94.65934591328381,1.3928744617258957,50.529100529100525,61.30050505050505,-10.771404521404527,0.0,0.0,0.0,0
Valorant Champions 2022,Playoffs,Lower Final,OpTic Gaming,DRX,83.33333333333333,83.33333333333333,2,2,73.33333333333333,1603.0737265235812,1603.0737265235812,77.55102040816325,16.666666666666668,16.666666666666668,2,2,66.66666666666666,1586.230351204489,1586.230351204489,79.43925233644859,1.0436999415617063,1.1552673507320566,128.74330455492222,132.82692623824977,197.30165455459573,206.20688277952982,3.789382398647105,3.2824828221887046,0.08983123135034901,0.09663023713759007,1.0073925838867015,1.0502785067873304,71.85327438900967,72.81626201685025,16.295109890109888,20.62870013428837,1,0,96.6711922614748,95.43211332726703,1.2390789342077682,49.766899766899755,62.40404040404041,-12.637140637140654,0.0,0.0,0.0,1
Valorant Champions 2022,Playoffs,Grand Final,LOUD,OpTic Gaming,40.0,40.0,5,5,66.66666666666666,1586.1897993945774,1586.1897993945774,82.2429906542056,60.0,60.0,5,5,73.33333333333333,1617.5374204682232,1617.5374204682232,77.55102040816325,1.1273267607256579,1.0420029718647366,133.1910166630755,128.67057728219493,203.88313424728867,196.92286667580785,3.263248761042879,3.8802914895561953,0.1022030400835548,0.09289183741095507,1.0615171007505566,1.0053319778260954,72.45276199154875,72.09569863143392,13.323561507936509,14.268209305314569,1,1,95.82252093295617,96.72190324972931,-0.8993823167731421,67.05882352941177,51.00164203612479,16.057181493286976,0.0,0.0,0.0,1
Valorant Champions 2023,Group Stage,Opening (D),Team Liquid,Natus Vincere,50.0,50.0,0,0,53.333333333333336,1525.453730024,1525.453730024,60.57692307692308,50.0,50.0,0,0,50.0,1500.0,1500.0,50.0,1.0816979765103603,1.0,129.4956310024112,130.0,200.03111663591542,200.0,3.4255618341067255,5.0,0.10120634855340739,0.25,1.016078475234203,1.0,71.81506516302183,70.0,15.024162504162506,15.0,1,1,94.71011523685755,100.0,-5.289884763142453,61.4039408866995,50.0,11.403940886699502,0.0,0.0,0.0,0
Valorant Champions 2023,Group Stage,Opening (D),DRX,LOUD,33.333333333333336,33.333333333333336,1,1,60.0,1571.7666572598469,1571.7666572598469,60.57692307692308,66.66666666666666,66.66666666666666,1,1,69.23076923076923,1605.3734767521833,1605.3734767521833,100.0,1.1370570120511296,1.129273285204251,131.93209557871324,133.15608015862838,204.15091130002895,203.98119274648508,3.2988821091762266,3.3442134312460583,0.09852328526593233,0.1026408629111356,1.0410628205128205,1.0632627488709592,72.27365952130658,72.3936426480693,20.790366800955038,13.341407203907202,1,0,95.39138526192028,95.98083138254823,-0.5894461206279544,60.0,70.62770562770564,-10.627705627705637,0.0,0.0,0.0,1
Valorant Champions 2023,Group Stage,Opening (B),FUT Esports,T1,50.0,50.0,0,0,50.0,1500.0,1500.0,50.0,50.0,50.0,0,0,50.0,1500.0,1500.0,50.0,1.0,1.0,130.0,130.0,200.0,200.0,5.0,5.0,0.25,0.25,1.0,1.0,70.0,70.0,15.0,15.0,1,0,100.0,100.0,0.0,50.0,50.0,0.0,0.0,0.0,0.0,1
Valorant Champions 2023,Group Stage,Opening (B),Evil Geniuses,FunPlus Phoenix,50.0,50.0,0,0,50.0,1500.0,1500.0,50.0,50.0,50.0,0,0,66.66666666666666,1563.7478230002814,1563.7478230002814,39.42307692307692,1.0,1.032113468013468,130.0,133.4894733044733,200.0,200.04054593554594,5.0,3.6095935545935545,0.25,0.09731847041847043,1.0,1.0020549663299663,70.0,70.92819865319865,15.0,15.971770081770082,1,0,100.0,95.64715737892669,4.352842621073307,50.0,48.62155388471178,1.3784461152882201,0.0,0.0,0.0,1
Valorant Champions 2023,Group Stage,Winner's (D),Natus Vincere,DRX,50.0,50.0,0,0,100.0,1518.8871044184314,1518.8871044184314,100.0,50.0,50.0,0,0,60.0,1588.4323575794426,1588.4323575794426,59.4059405940594,1.0454545454545454,1.090787781281899,129.0,130.37824942486708,190.8181818181818,201.4479198470375,4.0,3.4232410835352014,0.10181818181818182,0.10154892629157336,1.0354545454545454,1.018661111111111,73.0,71.22579627344334,13.727272727272727,19.737841548429785,1,0,100.0,96.17073865719246,3.8292613428075413,50.0,60.62861869313482,-10.628618693134818,0.0,0.0,0.0,0
Valorant Champions 2023,Group Stage,Opening (C),NRG,Bilibili Gaming,50.0,50.0,0,0,50.0,1500.0,1500.0,50.0,50.0,50.0,0,0,50.0,1500.0,1500.0,50.0,1.0,1.0,130.0,130.0,200.0,200.0,5.0,5.0,0.25,0.25,1.0,1.0,70.0,70.0,15.0,15.0,1,0,100.0,100.0,0.0,50.0,50.0,0.0,0.0,0.0,0.0,0
Valorant Champions 2023,Group Stage,Opening (C),FNATIC,ZETA DIVISION,33.333333333333336,33.333333333333336,1,1,53.333333333333336,1522.5184671972866,1522.5184671972866,60.57692307692308,66.66666666666666,66.66666666666666,1,1,46.15384615384615,1488.285902678386,1488.285902678386,36.53846153846153,1.054668764786412,0.9539916415284063,129.77168125991656,126.91238977839657,199.75769716122656,193.88669605909425,3.516089531383649,3.354900027071973,0.09828661229837701,0.09705071160614148,1.028217383052677,0.9260780688014851,72.95397961515609,67.59282786092741,16.20444372620843,10.517123581546658,1,0,96.64595095564276,95.36356467187785,1.2823862837649074,44.87326007326007,37.16153127917834,7.711728794081729,0.0,0.0,0.0,1
Valorant Champions 2023,Group Stage,Winner's (B),Evil Geniuses,FUT Esports,50.0,50.0,0,0,100.0,1520.7935087071535,1520.7935087071535,100.0,50.0,50.0,0,0,100.0,1517.6,1517.6,100.0,1.2814285714285716,1.3992307692307693,148.57142857142858,150.15384615384616,219.71428571428572,233.07692307692307,3.7142857142857144,2.6153846153846154,0.09142857142857143,0.06692307692307693,1.2185714285714284,1.2269230769230772,76.0,84.92307692307692,27.0,50.666666666666664,1,0,100.0,100.0,0.0,66.66666666666666,66.66666666666666,0.0,0.0,0.0,0.0,1
Valorant Champions 2023,Group Stage,Opening (A),Paper Rex,KRÜ Esports,50.0,50.0,0,0,46.15384615384615,1495.750491150407,1495.750491150407,40.59405940594059,50.0,50.0,0,0,33.33333333333333,1455.1762641877128,1455.1762641877128,37.62376237623762,1.007493232257938,0.9415118534028751,128.24724862869658,123.80801011853643,197.96980641279285,188.5639176715957,3.3715884417241884,3.26906136175486,0.09880914510326276,0.09934219320411271,0.9808777783302671,0.9164658006596087,70.40971974229893,68.33781135273395,12.422513697966187,12.72928811928812,1,0,95.8641105407176,93.94146167002947,1.9226488706881355,51.66666666666667,47.785547785547784,3.881118881118887,0.0,0.0,0.0,1
Valorant Champions 2023,Group Stage,Opening (A),EDward Gaming,Giants Gaming,50.0,50.0,0,0,0.0,1470.1163613821227,1470.1163613821227,0.0,50.0,50.0,0,0,50.0,1500.0,1500.0,50.0,0.9192564102564103,1.0,122.16666666666667,130.0,184.77948717948718,200.0,3.1743589743589746,5.0,0.0915128205128205,0.25,0.9158717948717949,1.0,69.57948717948719,70.0,11.253846153846155,15.0,1,0,95.35217948717948,100.0,-4.647820512820516,33.33333333333333,50.0,-16.66666666666667,0.0,0.0,0.0,1
Valorant Champions 2023,Group Stage,Winner's (C),FNATIC,Bilibili Gaming,50.0,50.0,0,0,53.333333333333336,1538.3899424524661,1538.3899424524661,61.6822429906542,50.0,50.0,0,0,100.0,1517.6,1517.6,100.0,1.0724936806113277,1.0581818181818183,129.9346442228795,128.72727272727272,199.71392611745554,201.72727272727272,3.5551467704408877,2.6363636363636362,0.09974115775292246,0.10545454545454545,1.0366483594836535,1.0463636363636366,73.12973719091366,73.0,14.551110392875099,10.3,1,0,96.43723523655679,100.0,-3.5627647634432122,46.73992673992674,66.66666666666666,-19.92673992673992,0.0,0.0,0.0,1
Valorant Champions 2023,Group Stage,Elimination (D),Team Liquid,LOUD,33.33333333333334,33.33333333333334,1,1,46.666666666666664,1506.5666256055686,1506.5666256055686,39.42307692307692,66.66666666666666,66.66666666666666,1,1,64.28571428571429,1588.7077764325875,1588.7077764325875,82.2429906542056,1.057062079074463,1.1167537648325188,127.6501609169411,132.51159824253588,197.21949270429147,203.18729802649804,3.440604569149461,3.486293424252292,0.10225592120298005,0.1011665155603402,0.9979861675418952,1.0593154096658908,71.1562617442184,72.32743007796911,15.10023088023088,13.040830498866214,1,0,94.89464496257183,96.09512936592873,-1.2004844033568958,61.4039408866995,65.63146997929606,-4.227529092596555,0.0,0.0,0.0,0
Valorant Champions 2023,Group Stage,Elimination (B),FunPlus Phoenix,T1,50.0,50.0,0,0,60.0,1542.954314293128,1542.954314293128,38.31775700934579,50.0,50.0,0,0,0.0,1482.4,1482.4,0.0,1.0213579124579126,0.7076923076923077,132.91169552669552,118.61538461538461,199.1872126022126,181.0,3.56514911014911,1.6923076923076923,0.09727402597402598,0.12615384615384617,0.9956549663299664,0.770769230769231,70.91486531986533,60.76923076923077,15.474627224627225,9.6,1,0,95.47953932039154,100.0,-4.520460679608462,46.857142857142854,33.33333333333333,13.523809523809526,0.0,0.0,0.0,0
Valorant Champions 2023,Group Stage,Winner's (A),Paper Rex,EDward Gaming,66.66666666666666,66.66666666666666,1,1,50.0,1511.3044207431772,1511.3044207431772,40.59405940594059,33.333333333333336,33.333333333333336,1,1,33.33333333333333,1486.620529653731,1486.620529653731,31.666666666666664,1.0205294299537997,0.950985754985755,128.4114061941793,125.57407407407408,198.16027478590505,191.8159544159544,3.325565890691941,3.412535612535612,0.09863446590757516,0.09619373219373219,0.9882826123456375,0.9392849002849003,71.02331118927758,70.53447293447293,12.300497413417583,15.012368024132732,1,0,95.90647498333188,96.03206408396984,-0.12558910063796702,53.28798185941043,41.666666666666664,11.621315192743765,0.0,0.0,0.0,1
Valorant Champions 2023,Group Stage,Elimination (A),KRÜ Esports,Giants Gaming,50.0,50.0,0,0,33.33333333333333,1439.6223345949427,1439.6223345949427,18.269230769230766,50.0,50.0,0,0,0.0,1483.4958317283917,1483.4958317283917,0.0,0.9530876109786327,0.9882352941176471,124.45043436096067,136.11764705882354,189.35179645947446,206.76470588235293,3.3054249981184967,4.470588235294118,0.09903916290108242,0.09588235294117647,0.930708224902033,1.0088235294117647,68.70750832243091,74.88235294117646,12.414136604136605,19.058823529411764,1,0,94.21039107094427,100.0,-5.789608929055731,46.427235316124204,50.0,-3.5727646838757963,0.0,0.0,0.0,0
Valorant Champions 2023,Group Stage,Elimination (C),ZETA DIVISION,NRG,50.0,50.0,0,0,42.857142857142854,1472.4144274232065,1472.4144274232065,17.75700934579439,50.0,50.0,0,0,0.0,1482.4,1482.4,0.0,0.9322779528478058,0.9766666666666668,125.13942687214747,135.44444444444446,191.51167231461346,207.0,3.2321474277356628,4.444444444444445,0.09667695947843007,0.09555555555555556,0.912332232718262,0.9477777777777777,67.01152197475726,71.44444444444444,9.84526554794412,13.333333333333334,1,0,95.20729064157659,100.0,-4.792709358423409,35.49382716049383,33.33333333333333,2.1604938271605008,0.0,0.0,0.0,0
Valorant Champions 2023,Group Stage,Decider (D),Natus Vincere,LOUD,50.0,50.0,0,0,50.0,1506.689653522905,1506.689653522905,53.658536585365866,50.0,50.0,0,0,66.66666666666666,1602.2225942951454,1602.2225942951454,82.2429906542056,1.1039037433155081,1.129212604752775,131.11764705882354,132.61082502636683,192.82085561497325,203.17481149139817,4.0,3.4538738626354726,0.10326203208556149,0.10114935391692358,1.0362566844919785,1.0667549884154373,74.61764705882354,72.5965104970136,15.893048128342246,14.038108465608467,1,0,99.97192513368984,96.10375987638412,3.8681652573057193,50.0,66.75238095238095,-16.752380952380946,0.0,0.0,0.0,0
Valorant Champions 2023,Group Stage,Decider (A),EDward Gaming,Giants Gaming,66.66666666666666,66.66666666666666,1,1,25.0,1470.268838781334,1470.268838781334,23.170731707317074,33.33333333333334,33.33333333333334,1,1,50.0,1498.8850761397684,1498.8850761397684,53.658536585365866,0.9024700854700854,1.06178431372549,123.54594017094017,137.42549019607844,186.2465811965812,205.54901960784315,3.174786324786325,3.901960784313726,0.1032991452991453,0.0976078431372549,0.90657905982906,1.059078431372549,69.11239316239316,73.47450980392156,12.300942684766214,18.904411764705884,1,0,96.03270480364667,98.24107843137254,-2.2083736277258765,41.666666666666664,55.55555555555555,-13.888888888888886,0.0,0.0,0.0,1
Valorant Champions 2023,Group Stage,Decider (C),Bilibili Gaming,NRG,66.66666666666666,66.66666666666666,1,1,50.0,1501.051898272321,1501.051898272321,50.0,33.33333333333334,33.33333333333334,1,1,50.0,1499.4943013612442,1499.4943013612442,50.0,0.8977575757575758,1.3024242424242423,120.4969696969697,143.78472222222223,185.53030303030303,222.0625,2.2515151515151515,3.1313131313131315,0.11306060606060607,0.06965277777777779,0.9065151515151517,1.2195138888888888,66.86666666666667,77.40972222222223,5.15,48.33333333333333,1,0,95.10530303030302,90.48923611111111,4.616066919191908,50.0,44.44444444444444,5.555555555555557,0.0,0.0,0.0,1
Valorant Champions 2023,Playoffs,Upper Quarterfinals,FNATIC,LOUD,50.0,50.0,0,0,53.333333333333336,1554.938044180145,1554.938044180145,61.6822429906542,50.0,50.0,0,0,73.33333333333333,1613.345353255957,1613.345353255957,81.73076923076923,1.090652188769836,1.1377267659728185,131.46518035341563,132.34611914401387,200.60250420603361,203.02949558725874,3.5253099406040582,3.452566673092989,0.09899989901166371,0.10161558485374275,1.0486949795302736,1.0713933326420169,73.40199826317475,72.743569320543,17.58764885441356,14.697830687830686,1,0,96.00189538564051,96.1428045026833,-0.14090911704279563,49.14965986394558,67.88320653705269,-18.733546673107107,0.0,0.0,0.0,0
Valorant Champions 2023,Playoffs,Upper Quarterfinals,Paper Rex,FUT Esports,50.0,50.0,0,0,53.333333333333336,1527.6561116155742,1527.6561116155742,60.57692307692308,50.0,50.0,0,0,50.0,1500.1617686062236,1500.1617686062236,50.0,1.0355608012902129,1.1746153846153846,129.1484235590118,140.13247863247864,198.97625646684472,218.2051282051282,3.370528164645812,2.9743589743589745,0.09739216818040349,0.09623931623931625,1.0003971048559284,1.1023504273504274,71.43953488777018,76.18376068376068,12.756654728713553,32.55555555555556,1,0,95.73892417498138,95.63995726495726,0.09896691002411728,53.28798185941043,66.66666666666666,-13.378684807256228,0.0,0.0,0.0,1
Valorant Champions 2023,Playoffs,Upper Quarterfinals,DRX,Bilibili Gaming,50.0,50.0,0,0,60.0,1600.629808474969,1600.629808474969,80.61224489795919,50.0,50.0,0,0,66.66666666666666,1518.5729958135014,1518.5729958135014,66.66666666666666,1.0518180843122018,0.9902828282828283,128.68127972789736,125.42020202020201,198.22367742279505,195.220202020202,3.611119871413989,2.5232323232323233,0.09973074447339153,0.10492929292929294,1.0077520202020203,0.9727878787878789,71.32882657647363,68.86666666666666,18.01393582452406,8.33076923076923,1,0,96.49359220860374,94.82964013036693,1.663952078236818,59.37839937839937,53.333333333333336,6.0450660450660365,20.641025641025646,0.0,20.641025641025646,1
Valorant Champions 2023,Playoffs,Upper Quarterfinals,Evil Geniuses,EDward Gaming,50.0,50.0,0,0,100.0,1538.2317401009298,1538.2317401009298,100.0,50.0,50.0,0,0,40.0,1489.3151787476643,1489.3151787476643,39.42307692307692,1.1700476190476192,1.0133606837606837,144.61904761904762,126.55982905982906,214.1904761904762,192.24341880341882,3.723809523809524,3.0936752136752137,0.09004761904761906,0.09925470085470087,1.1366190476190474,0.9501863247863248,73.0,70.88991452991453,20.67857142857143,12.890754147812974,1,0,97.13166666666666,95.31925717758743,1.8124094890792293,66.66666666666666,46.666666666666664,19.999999999999993,0.0,0.0,0.0,1
Valorant Champions 2023,Playoffs,Lower Round 1,FNATIC,FUT Esports,50.0,50.0,0,0,46.666666666666664,1540.2692151486292,1540.2692151486292,61.6822429906542,50.0,50.0,0,0,33.33333333333333,1483.9516459280876,1483.9516459280876,33.33333333333333,1.0774299665476135,1.0297435897435898,131.0982287864641,135.8761978761979,198.9782876818171,205.2882672882673,3.491121906416024,2.8010878010878013,0.09964092465268935,0.10355348355348355,1.0417975436328377,1.0136881636881638,72.97920624038271,72.00129500129499,16.56514885441356,27.037037037037038,1,1,95.8120250228994,94.34909230783772,1.462932715061683,47.22655122655122,50.0,-2.773448773448777,0.0,0.0,0.0,1
Valorant Champions 2023,Playoffs,Lower Round 1,Bilibili Gaming,EDward Gaming,50.0,50.0,0,0,50.0,1505.0541355915957,1505.0541355915957,50.0,50.0,50.0,0,0,33.33333333333333,1476.241205752388,1476.241205752388,39.42307692307692,0.9727121212121213,0.9861339031339033,124.43181818181819,126.4977742165242,194.09848484848484,191.15076566951566,2.459090909090909,3.0155626780626776,0.10969696969696971,0.10489975071225072,0.9679242424242425,0.9380719373219374,69.25,70.21034544159544,8.931410256410256,11.638128456510811,1,1,95.51264021285628,95.62316443370128,-0.11052422084499369,43.33333333333333,49.52380952380952,-6.19047619047619,0.0,0.0,0.0,0
Valorant Champions 2023,Playoffs,Upper Semifinals,LOUD,Paper Rex,50.0,50.0,0,0,80.0,1628.0141822874727,1628.0141822874727,81.73076923076923,50.0,50.0,0,0,60.0,1543.8662342937102,1543.8662342937102,61.6822429906542,1.1489826582287108,1.0725584702878819,132.33702823492297,130.59084780143604,203.54868750645068,201.97112826171647,3.412836033362349,3.398033992151639,0.10100615724431514,0.09856233135056665,1.0778243090729933,1.0188399952988187,73.00552218249587,72.15841600665131,15.064497354497353,12.644766616825441,1,0,96.18786174992904,95.8434845131335,0.34437723679553756,69.46428571428571,54.76190476190476,14.702380952380949,23.750000000000004,0.0,23.750000000000004,0
Valorant Champions 2023,Playoffs,Upper Semifinals,DRX,Evil Geniuses,50.0,50.0,0,0,60.0,1614.1486686968747,1614.1486686968747,81.18811881188118,50.0,50.0,0,0,100.0,1551.305713096206,1551.305713096206,100.0,1.0477736398677575,1.1892474323062558,129.17757602419366,143.05975723622782,198.81182557094323,214.577964519141,3.785934686228804,4.090382819794584,0.09996778151042857,0.08258076563958917,1.009129797979798,1.1440205415499531,71.47845620610327,73.72549019607844,18.340126300714537,21.49404761904762,1,0,96.46106368390218,97.62953445160167,-1.168470767699489,60.86846486846487,61.11111111111111,-0.2426462426462379,21.701631701631708,0.0,21.701631701631708,0
Valorant Champions 2023,Playoffs,Lower Round 2,LOUD,EDward Gaming,50.0,50.0,0,0,73.33333333333333,1609.2031170746295,1609.2031170746295,62.376237623762385,50.0,50.0,0,0,42.857142857142854,1492.698864152378,1492.698864152378,59.4059405940594,1.168653598399651,1.006924297924298,133.50967780757256,128.4107905982906,205.6828755406387,194.3514499389499,3.540186460712776,3.0292124542124546,0.10057880681696471,0.1066601037851038,1.0959225996712838,0.9631092796092797,73.73629141326509,71.02156593406593,14.760860990860989,13.204110105580694,1,0,96.75526699305571,95.41442444452231,1.3408425485334021,68.5,48.148148148148145,20.351851851851855,15.833333333333332,0.0,15.833333333333332,1
Valorant Champions 2023,Playoffs,Lower Round 2,DRX,FNATIC,66.66666666666666,66.66666666666666,1,1,60.0,1593.3995094435713,1593.3995094435713,59.4059405940594,33.33333333333334,33.33333333333334,1,1,53.333333333333336,1555.0410696118397,1555.0410696118397,61.6822429906542,1.020603269497387,1.1142715955068896,127.7835019501196,131.6979271273389,196.3333070524247,199.8099618899619,3.806675426969545,3.527622660563837,0.09537518891783599,0.09599989901166373,0.9960186868686869,1.0617945270415858,71.47993768758474,73.37558633088045,17.11234852293676,17.30125996552467,1,0,95.73055629788959,95.6935905401365,0.03696575775309441,59.733229733229734,49.81060606060606,9.922623672623672,22.156177156177158,0.0,22.156177156177158,0
Valorant Champions 2023,Playoffs,Upper Final,Paper Rex,Evil Geniuses,50.0,50.0,0,0,66.66666666666666,1562.6772995065535,1562.6772995065535,81.73076923076923,50.0,50.0,0,0,100.0,1572.0548723495094,1572.0548723495094,100.0,1.0772441845735965,1.311935574229692,131.15021288080112,142.45390883626177,203.1285885791768,216.06983702571938,3.3647006588183057,3.6586962057550294,0.09846391865215395,0.08079921059332824,1.0233955508543744,1.1782426788897375,72.37079695903226,76.02139037433155,13.659052331111154,22.370535714285715,1,0,96.10733571729196,97.08138326408103,-0.9740475467890661,53.57142857142857,62.5,-8.92857142857143,0.0,0.0,0.0,1
Valorant Champions 2023,Playoffs,Lower Round 3,FNATIC,LOUD,33.333333333333336,33.333333333333336,1,1,60.0,1571.9124321596555,1571.9124321596555,79.43925233644859,66.66666666666666,66.66666666666666,1,1,73.33333333333333,1619.4889806385638,1619.4889806385638,81.18811881188118,1.1193668336021279,1.1622657988353808,131.26795513854339,133.67176931084052,199.28363135774902,205.6488886125341,3.503813136754313,3.6756984432835824,0.09324079537020714,0.0997727065990998,1.060858952811894,1.0909334929174712,73.53300930006813,73.4962042672956,18.149871076635783,14.62336099086099,1,0,95.68681309570741,96.88388566399672,-1.1970725682893146,52.22466883366537,70.11904761904762,-17.89437878538225,0.0,17.698412698412703,-17.698412698412703,0
Valorant Champions 2023,Playoffs,Lower Final,Evil Geniuses,LOUD,50.0,50.0,0,0,80.0,1556.4447114167508,1556.4447114167508,81.73076923076923,50.0,50.0,0,0,73.33333333333333,1632.620461843672,1632.620461843672,80.61224489795919,1.2413131652661067,1.168990798835381,140.26900942195059,133.5406581997294,212.39704609116376,206.10583305697855,3.8681334351922585,3.790142887728027,0.08287466259230966,0.09676992882132202,1.1355353195823783,1.1014751595841379,74.59358288770053,74.1525931561845,22.34642857142857,16.501993469493467,1,1,96.03113873232036,97.16724219274514,-1.1361034604247777,68.0,69.51020408163265,-1.5102040816326507,0.0,13.571428571428578,-13.571428571428578,1
Valorant Champions 2023,Playoffs,Grand Final,Paper Rex,Evil Geniuses,66.66666666666666,66.66666666666666,1,1,66.66666666666666,1578.287460439312,1578.287460439312,100.0,33.333333333333336,33.333333333333336,1,1,83.33333333333334,1574.9249394065293,1574.9249394065293,81.18811881188118,1.0635362480656598,1.2003048307042117,131.82894303953128,139.25049030776586,202.93017588076412,211.199292795268,3.4424784365960837,4.100637511783023,0.10049249008072537,0.08634292058131067,1.020830471489295,1.1092618891256663,72.22349537173066,74.46833661694343,13.719491891550716,22.48313492063492,1,0,96.17244316094093,95.83411530008122,0.3383278608597067,52.0,66.66666666666667,-14.666666666666671,0.0,0.0,0.0,0
Valorant Champions 2024,Group Stage,Opening (B),Gen.G,Sentinels,50.0,50.0,0,0,50.0,1500.0,1500.0,50.0,50.0,50.0,0,0,66.66666666666666,1560.5350146075093,1560.5350146075093,80.0,1.0,1.1493682860349526,130.0,135.45619935619936,200.0,213.1837754837755,5.0,4.980653913987247,0.25,0.08687482887482888,1.0,1.091530790197457,70.0,73.95222185222185,15.0,14.303435761769094,1,0,100.0,96.02304904813175,3.976950951868247,50.0,60.070207570207565,-10.070207570207565,0.0,0.0,0.0,1
Valorant Champions 2024,Group Stage,Opening (B),FunPlus Phoenix,Team Heretics,50.0,50.0,0,0,60.0,1522.3175094902786,1522.3175094902786,38.31775700934579,50.0,50.0,0,0,50.0,1500.0,1500.0,50.0,1.0297515632515633,1.0,133.23994949494949,130.0,199.95260942760942,200.0,3.542926887926888,5.0,0.09482005772005773,0.25,1.0002613155363156,1.0,71.22788119288118,70.0,13.584151034151034,15.0,1,0,95.63169208839822,100.0,-4.368307911601775,46.21315192743764,50.0,-3.786848072562357,0.0,0.0,0.0,0
Valorant Champions 2024,Group Stage,Opening (A),DRX,KRÜ Esports,50.0,50.0,0,0,60.0,1576.5281468957555,1576.5281468957555,59.4059405940594,50.0,50.0,0,0,26.666666666666668,1424.233090183566,1424.233090183566,17.75700934579439,1.0399878848820026,0.931373325264347,128.25762782424547,123.1805930911194,196.8144259335436,187.12322503090306,3.887328107622225,3.280028172721671,0.09527728681993389,0.1012402211021406,1.0070956099456099,0.9193113995052076,71.27294468059173,68.32232313724575,18.26386367445191,10.432126022126022,1,0,95.9078777049274,94.4663526551343,1.4415250497930998,57.079236552920754,45.95959595959596,11.119640593324796,23.021978021978022,0.0,23.021978021978022,1
Valorant Champions 2024,Group Stage,Opening (A),FNATIC,Bilibili Gaming,66.66666666666666,66.66666666666666,1,1,53.333333333333336,1558.7809509545473,1558.7809509545473,60.57692307692308,33.333333333333336,33.333333333333336,1,1,40.0,1488.5964771916056,1488.5964771916056,41.1214953271028,1.093459762895057,0.9660363636363636,131.26351069409893,125.57212121212122,198.353530347648,194.51878787878786,3.568863641804818,3.033939393939394,0.09306301759242937,0.10335757575757576,1.0441559225088637,0.9496727272727273,72.95321132027014,69.69333333333334,16.714156790921496,10.587985347985349,1,0,95.35236370193239,95.7879463994962,-0.4355826975638166,50.84084084084085,44.074074074074076,6.7667667667667715,0.0,0.0,0.0,1
Valorant Champions 2024,Group Stage,Opening (C),LEVIATÁN,TALON,50.0,50.0,0,0,14.285714285714285,1439.4035962269977,1439.4035962269977,20.5607476635514,50.0,50.0,0,0,50.0,1500.0,1500.0,50.0,1.0105936028257456,1.0,127.04141394319967,130.0,196.0691808191808,200.0,3.8695500927643782,5.0,0.09310064935064935,0.25,0.9862052233480805,1.0,70.86943413729128,70.0,11.204956947814091,15.0,1,0,97.54714126877975,100.0,-2.452858731220246,59.12698412698413,50.0,9.126984126984127,0.0,0.0,0.0,1
Valorant Champions 2024,Group Stage,Opening (C),Team Vitality,Trace Esports,50.0,50.0,0,0,50.0,1500.0,1500.0,50.0,50.0,50.0,0,0,50.0,1500.0,1500.0,50.0,1.0,1.0,130.0,130.0,200.0,200.0,5.0,5.0,0.25,0.25,1.0,1.0,70.0,70.0,15.0,15.0,1,0,100.0,100.0,0.0,50.0,50.0,0.0,0.0,0.0,0.0,0
Valorant Champions 2024,Group Stage,Opening (D),G2 Esports,Paper Rex,33.333333333333336,33.333333333333336,1,1,55.55555555555556,1506.5952656472457,1506.5952656472457,40.0,66.66666666666666,66.66666666666666,1,1,60.0,1560.5171309595898,1560.5171309595898,78.84615384615384,0.9541159211159211,1.0450153303868475,128.18388648388648,130.9579578843356,194.33732563732565,201.1450206850826,3.682010582010582,3.4916012436136277,0.1128975468975469,0.1015019367743826,0.9382525252525252,1.0102609708145311,67.81135161135161,71.79407566862675,13.752875243664718,13.386158558217382,1,0,94.3560893955193,96.20835927119951,-1.8522698756802072,55.15873015873015,51.1904761904762,3.968253968253954,0.0,19.90740740740741,-19.90740740740741,1
Valorant Champions 2024,Group Stage,Opening (D),EDward Gaming,FUT Esports,50.0,50.0,0,0,37.5,1482.4130005884438,1482.4130005884438,40.59405940594059,50.0,50.0,0,0,25.0,1469.179791464877,1469.179791464877,25.0,0.995985231271996,0.9466258741258742,128.8520888323278,127.77078477078477,194.39575399069884,192.53438228438227,3.0476197209653093,2.578088578088578,0.1070040614002011,0.11039238539238541,0.9605147373051786,0.9536752136752137,70.48210548642534,67.7964257964258,12.891831636500754,21.755050505050505,1,0,95.7038634594698,93.90202657590056,1.801836883569237,43.03030303030303,41.666666666666664,1.3636363636363669,0.0,0.0,0.0,1
Valorant Champions 2024,Group Stage,Winner's (B),Gen.G,Team Heretics,50.0,50.0,0,0,100.0,1520.6358562390253,1520.6358562390253,100.0,50.0,50.0,0,0,100.0,1516.1750306630995,1516.1750306630995,100.0,1.152222222222222,1.0294736842105263,127.55555555555556,130.0,193.22222222222223,193.94736842105263,3.3333333333333335,3.5789473684210527,0.08222222222222222,0.10526315789473684,1.0166666666666666,1.0184210526315787,79.88888888888889,69.78947368421052,18.333333333333332,7.388888888888889,1,0,100.0,100.0,0.0,66.66666666666666,66.66666666666666,0.0,0.0,0.0,0.0,0
Valorant Champions 2024,Group Stage,Winner's (A),FNATIC,DRX,50.0,50.0,2,2,60.0,1572.873209093371,1572.873209093371,60.57692307692308,50.0,50.0,2,2,60.0,1585.4616753254534,1585.4616753254534,59.4059405940594,1.1183486517839458,1.0302427868427868,131.35410898469723,127.30002978502979,198.39626539038304,195.17349456099456,3.5762710492122256,3.7662496762496764,0.0913023338317456,0.09792924760424762,1.0556488000017412,0.99934560994561,73.40449337155219,70.85407213157212,17.484527161291865,18.170808118896353,1,0,95.50112041107681,96.04629734974006,-0.5451769386632463,51.60818713450293,55.81290504367426,-4.204717909171336,0.0,24.945054945054945,-24.945054945054945,0
Valorant Champions 2024,Group Stage,Winner's (C),LEVIATÁN,Trace Esports,50.0,50.0,0,0,25.0,1460.042469630416,1460.042469630416,40.0,50.0,50.0,0,0,100.0,1515.2,1515.2,100.0,1.0260194024725275,1.089375,128.00290386696636,127.3125,196.7105332167832,192.125,3.802522997835498,4.625,0.09262973484848486,0.0875,0.9997629037629038,1.00625,71.11075487012987,73.0,12.506260406260406,16.866666666666667,1,0,97.38454053783387,100.0,-2.615459462166129,61.72161172161172,50.0,11.721611721611723,0.0,0.0,0.0,0
Valorant Champions 2024,Group Stage,Winner's (D),EDward Gaming,G2 Esports,50.0,50.0,0,0,44.44444444444444,1499.3429715825675,1499.3429715825675,62.376237623762385,50.0,50.0,0,0,60.0,1526.9050566984324,1526.9050566984324,40.0,1.011838724093626,0.9846967635539065,129.09074562873582,129.70307153164296,195.21844799173232,197.7696557410843,2.9904767890062005,3.740424654710369,0.10792953605943803,0.10637971552257267,0.9737908776046031,0.9655151515151515,71.13224191385956,68.68245722531437,14.19750113720702,14.81675020885547,1,0,95.74167372617309,94.27583300319019,1.4658407229829038,45.0,55.76441102756892,-10.764411027568919,0.0,0.0,0.0,0
Valorant Champions 2024,Group Stage,Elimination (B),Sentinels,FunPlus Phoenix,50.0,50.0,0,0,61.53846153846154,1539.899158368484,1539.899158368484,60.00000000000001,50.0,50.0,0,0,53.333333333333336,1506.142478827179,1506.142478827179,18.269230769230766,1.1076536796536796,1.0236728595478595,131.8883571983572,132.55383838383838,207.2653979353979,199.12946127946128,4.793699633699633,3.6632972582972583,0.08607623487623488,0.09531542809042809,1.0651554889554888,0.9925113155363156,72.96811077811078,71.12834415584416,12.873092185592185,14.374031986531985,1,0,95.31981431236437,95.73169850944097,-0.41188419707660273,57.70089285714286,44.870129870129865,12.830762987012996,0.0,24.166666666666664,-24.166666666666664,1
Valorant Champions 2024,Group Stage,Elimination (A),Bilibili Gaming,KRÜ Esports,50.0,50.0,0,0,33.33333333333333,1474.5042190527818,1474.5042190527818,20.5607476635514,50.0,50.0,0,0,20.0,1415.2995617538681,1415.2995617538681,18.269230769230766,0.9343636363636364,0.942420944311966,123.2878787878788,123.47558055979108,190.9989898989899,187.69189671010105,2.9060606060606062,3.2146146388870847,0.1056868686868687,0.10087180004950903,0.928838383838384,0.9188677904826511,68.85555555555555,68.2358569718322,8.823321123321124,9.17974506974507,1,0,95.82349737109332,94.47882564030252,1.3446717307908074,41.0,47.557806178495824,-6.557806178495824,0.0,0.0,0.0,0
Valorant Champions 2024,Group Stage,Elimination (C),TALON,Team Vitality,50.0,50.0,0,0,0.0,1479.3611265965817,1479.3611265965817,0.0,50.0,50.0,0,0,0.0,1484.8,1484.8,0.0,0.9653333333333334,0.9326666666666665,118.26666666666667,130.8,185.13333333333333,192.06666666666666,2.6666666666666665,3.8666666666666667,0.11266666666666668,0.11600000000000002,0.8993333333333332,0.968,68.66666666666667,67.13333333333334,0.0,7.214285714285714,1,0,100.0,100.0,0.0,33.33333333333333,50.0,-16.66666666666667,0.0,0.0,0.0,0
Valorant Champions 2024,Group Stage,Elimination (D),FUT Esports,Paper Rex,33.333333333333336,33.333333333333336,1,1,20.0,1452.2498204707533,1452.2498204707533,20.0,66.66666666666666,66.66666666666666,1,1,53.333333333333336,1540.2073399084031,1540.2073399084031,57.692307692307686,0.944767365967366,1.022673450044967,126.58996114996114,130.74975275613048,192.10750582750583,200.48724290730482,2.755804195804196,3.396900388912773,0.10524724164724167,0.10392244959489542,0.9486735042735044,0.9955361844897449,68.73047397047397,71.450485925037,18.432611832611833,12.859662831721655,1,0,94.5345807407098,96.18937229423918,-1.6547915535293782,40.0,50.11494252873564,-10.11494252873564,0.0,20.27777777777778,-20.27777777777778,0
Valorant Champions 2024,Group Stage,Decider (B),Gen.G,Sentinels,66.66666666666666,66.66666666666666,1,1,50.0,1505.240709783033,1505.240709783033,53.658536585365866,33.33333333333334,33.33333333333334,1,1,64.28571428571429,1555.7945111420136,1555.7945111420136,60.00000000000001,1.0945486111111111,1.1321094057457695,129.27777777777777,131.95911260456717,197.11111111111111,207.41298802207893,3.947916666666667,4.64073704073704,0.08329861111111111,0.08582688019051656,1.0183333333333333,1.0763029697575153,73.72569444444444,73.47606030333303,16.947916666666664,13.389679764679766,1,0,99.94166666666666,95.37019273485097,4.571473931815689,55.55555555555555,57.97258297258296,-2.4170274170274126,0.0,0.0,0.0,0
Valorant Champions 2024,Group Stage,Decider (A),FNATIC,KRÜ Esports,50.0,50.0,2,2,53.333333333333336,1555.9106225098215,1555.9106225098215,60.57692307692308,50.0,50.0,2,2,26.666666666666668,1435.8699884931011,1435.8699884931011,39.42307692307692,1.1007133241486182,0.9877029955940173,129.57405200464024,125.09609338030391,195.84241923653687,189.91753773574206,3.4190060919472685,3.0812813055537513,0.0932909378203496,0.09994872312643212,1.0400875464404877,0.941739585354446,72.89053325759208,69.41534415131939,16.554210419210417,8.216108706108706,1,0,95.08221758735193,93.8069006900713,1.2753168972806321,50.7977207977208,48.19476819476819,2.6029526029526124,0.0,0.0,0.0,1
Valorant Champions 2024,Group Stage,Decider (C),LEVIATÁN,Team Vitality,50.0,50.0,0,0,22.22222222222222,1447.2354923750386,1447.2354923750386,41.1214953271028,50.0,50.0,0,0,50.0,1502.1245061895709,1502.1245061895709,53.658536585365866,1.020383259714142,1.154060606060606,127.93722173795703,139.76363636363635,196.33746743452627,211.169696969697,3.7721773052655405,3.296969696969697,0.09416760744701921,0.10163636363636364,0.9931879405997053,1.108090909090909,70.72589975384092,72.97575757575757,12.98595696242755,21.607142857142858,1,0,97.44966398757238,95.09681818181818,2.3528458057541997,59.04761904761904,62.5,-3.452380952380963,0.0,0.0,0.0,1
Valorant Champions 2024,Group Stage,Decider (D),EDward Gaming,Paper Rex,16.666666666666668,16.666666666666668,2,2,40.0,1485.346265308384,1485.346265308384,41.836734693877546,83.33333333333333,83.33333333333333,2,2,60.0,1553.444497642499,1553.444497642499,57.692307692307686,1.0230759043158424,1.0370976924692095,129.00272369744118,131.21064741702511,195.69660319255908,200.5530437731057,3.101955425895054,3.2803058723182565,0.10571552982191527,0.1006122042846501,0.9784644214230902,1.0073889983425588,70.71901772247361,72.09695057150165,13.688862134597429,13.348215020273843,1,0,95.93050168088496,96.128868731226,-0.19836705034104796,42.56410256410256,50.66666666666667,-8.10256410256411,0.0,20.27777777777778,-20.27777777777778,1
Valorant Champions 2024,Playoffs,Upper Quarterfinals,DRX,Sentinels,50.0,50.0,0,0,66.66666666666666,1602.424261909003,1602.424261909003,60.57692307692308,50.0,50.0,0,0,66.66666666666666,1570.8515349285328,1570.8515349285328,60.00000000000001,1.0391049663299663,1.1467821067821067,127.16958106708107,132.9776714026714,194.7491355866356,208.68160265660265,3.7656086506086504,4.534311984311985,0.09597732452732453,0.08685645835645835,0.9985667637917638,1.088883782883783,71.26496956746956,73.92881285381286,17.84636367445191,13.904825498575498,1,0,96.03535137732588,95.3329199303013,0.7024314470245798,56.560439560439555,58.71848739495798,-2.1580478345184275,27.32600732600733,23.214285714285722,4.111721611721606,0
Valorant Champions 2024,Playoffs,Upper Quarterfinals,Trace Esports,EDward Gaming,50.0,50.0,0,0,100.0,1528.0069772553775,1528.0069772553775,100.0,50.0,50.0,0,0,45.45454545454545,1503.4879290192573,1503.4879290192573,61.22448979591836,1.1021874999999999,1.0507641910892684,130.875,130.17894667681819,199.34375,197.68140397184516,4.375,3.204986216054327,0.0865625,0.10188042818035078,1.04125,0.9946468002241996,73.34375,71.40766317016318,19.433333333333334,13.62623830417948,1,1,98.775,95.72645489784868,3.048545102151323,50.0,46.8888888888889,3.1111111111111,0.0,0.0,0.0,0
Valorant Champions 2024,Playoffs,Upper Quarterfinals,G2 Esports,LEVIATÁN,50.0,50.0,0,0,63.63636363636363,1540.9017629726159,1540.9017629726159,58.87850467289719,50.0,50.0,0,0,30.0,1467.593094140204,1467.593094140204,41.1214953271028,0.983889079874374,1.0370372414350355,129.4166581784229,129.15888417954596,197.15874289109584,198.19602838338133,3.714048043459808,3.764190343969756,0.10727342755283932,0.09328930824077883,0.9690169340463458,1.0060999157705042,68.50891477803242,71.17638670153376,14.50142113863089,15.557361266184795,1,1,94.6357220798017,97.2265778346686,-2.590855754866908,57.44047619047619,60.56547619047619,-3.125,0.0,0.0,0.0,0
Valorant Champions 2024,Playoffs,Upper Quarterfinals,Team Heretics,FNATIC,50.0,50.0,0,0,100.0,1531.5701771190918,1531.5701771190918,100.0,50.0,50.0,0,0,60.0,1566.0584026363667,1566.0584026363667,59.4059405940594,1.0423684210526316,1.1230540104231281,129.21052631578948,130.62405200464025,195.3421052631579,197.94388982477219,3.4210526315789473,3.4430256997904056,0.10868421052631579,0.09293554566348684,1.0168421052631578,1.055031173891468,72.57894736842104,73.13293521837639,14.247076023391813,17.52921041921042,1,1,99.94473684210527,95.3461907878916,4.598546054213671,75.0,52.28726578350638,22.712734216493622,0.0,0.0,0.0,1
Valorant Champions 2024,Playoffs,Lower Round 1,DRX,Trace Esports,50.0,50.0,0,0,66.66666666666666,1583.2292743792225,1583.2292743792225,39.42307692307692,50.0,50.0,0,0,66.66666666666666,1509.166976822521,1509.166976822521,63.33333333333333,1.0375156806156807,1.0108522727272726,126.97553344803345,123.61363636363637,194.90746891996892,189.0776515151515,3.820370555370555,3.765151515151515,0.09866780071780074,0.09285984848484848,0.9974893828393828,0.9699242424242424,71.12092194842195,70.65340909090908,20.10608589667413,15.155555555555557,1,0,96.00080363984388,96.33060526566462,-0.32980162582073547,54.81772196057909,42.00000000000001,12.817721960579085,28.97435897435898,0.0,28.97435897435898,1
Valorant Champions 2024,Playoffs,Lower Round 1,G2 Esports,FNATIC,50.0,50.0,0,0,58.333333333333336,1519.6423215853038,1519.6423215853038,38.31775700934579,50.0,50.0,0,0,60.0,1546.7170527533042,1546.7170527533042,39.42307692307692,0.959506342604382,1.1215668309359483,127.58023936847465,130.43943662002485,194.99295664393702,197.38491546579783,3.6964377670260027,3.41738467414938,0.10769983683709175,0.0936022123301535,0.9492496203868753,1.0527234815837756,68.55113412368314,72.98421726965844,15.556818789894127,16.691603581603584,1,0,94.57712992310114,95.24059997221914,-0.6634700491180041,57.44047619047619,51.40350877192983,6.036967418546361,0.0,0.0,0.0,0
Valorant Champions 2024,Playoffs,Upper Semifinals,Sentinels,EDward Gaming,50.0,50.0,0,0,66.66666666666666,1590.0465224583133,1590.0465224583133,60.00000000000001,50.0,50.0,0,0,50.0,1522.3279294521137,1522.3279294521137,62.376237623762385,1.1380186480186478,1.0596449529429406,132.9024659101582,130.53625667597223,208.34345739730355,198.39684252974692,4.515189084419854,3.215681809160911,0.08753782969167585,0.10033483694309932,1.0887498655190964,1.0069262335388498,74.24198109582724,71.20702457264957,15.56049826242134,13.228813683593096,1,0,95.5159851121799,95.6672091753095,-0.15122406312958958,59.98015873015874,49.16666666666667,10.81349206349207,23.849206349206355,29.999999999999993,-6.150793650793638,0
Valorant Champions 2024,Playoffs,Upper Semifinals,LEVIATÁN,Team Heretics,50.0,50.0,0,0,36.36363636363637,1488.852535527516,1488.852535527516,61.6822429906542,50.0,50.0,0,0,100.0,1550.9115270021543,1550.9115270021543,100.0,1.0472055730217493,1.1469122807017544,129.90201592079936,129.80701754385964,198.75396519701334,195.8947368421053,3.7856275854270507,3.214035087719298,0.09430341153202115,0.10334502923976607,1.0020100244378318,1.0438947368421052,71.28156366806098,73.80818713450292,15.896302449778386,21.754460938671468,1,0,97.31718098111502,98.6602030169915,-1.343022035876487,60.56547619047619,80.00000000000001,-19.434523809523824,0.0,0.0,0.0,1
Valorant Champions 2024,Playoffs,Lower Round 2,Sentinels,FNATIC,83.33333333333333,83.33333333333333,2,2,66.66666666666666,1571.9208489376488,1571.9208489376488,61.6822429906542,16.666666666666668,16.666666666666668,2,2,60.0,1562.9483010990282,1562.9483010990282,58.87850467289719,1.1271711621711622,1.1537954023645198,132.722619444048,130.6718175724058,207.6321115392544,197.84174086262323,4.494873380587666,3.3265910233557294,0.08952688581260008,0.09321173613967733,1.0835094905094906,1.0599552276155217,74.20271870986156,73.1365982220394,15.394089045874761,16.654301994301996,1,0,95.62878235457214,95.12882479611872,0.49995755845341705,59.46886446886447,52.42424242424243,7.044622044622038,19.4047619047619,0.0,19.4047619047619,1
Valorant Champions 2024,Playoffs,Lower Round 2,Team Heretics,DRX,50.0,50.0,0,0,75.0,1530.2008249331684,1530.2008249331684,73.17073170731709,50.0,50.0,0,0,66.66666666666666,1597.1333234826777,1597.1333234826777,60.57692307692308,1.0899919028340082,1.053977219077219,129.79757085020242,128.60630267880268,194.0172064777328,197.2613150738151,3.083603238866397,3.7998577348577345,0.10673954116059378,0.10102677507677509,1.0104210526315789,1.0022073315573317,73.04844804318489,71.25938348688348,17.711679037336932,19.580159970748205,1,0,97.66246205239152,95.70990373764747,1.9525583147440528,66.66666666666666,55.6193031774427,11.047363489223955,0.0,30.760073260073263,-30.760073260073263,1
Valorant Champions 2024,Playoffs,Upper Final,EDward Gaming,LEVIATÁN,50.0,50.0,0,0,53.84615384615385,1540.4536029727783,1540.4536029727783,81.18811881188118,50.0,50.0,0,0,41.66666666666667,1509.563237596502,1509.563237596502,82.2429906542056,1.0537551044917086,1.048549553047715,130.21689965356018,130.5546257051772,198.2124700274587,199.4633569861511,3.287848297213622,3.80349195330813,0.09823807433800885,0.09333368279324161,1.0072218487104174,1.0065647446235682,71.38044871794872,71.6081000290559,13.755591329233862,16.73272169007463,1,0,95.83703493357046,97.37754503957635,-1.5405101060058826,51.37844611528822,60.924369747899156,-9.545923632610936,35.71428571428572,0.0,35.71428571428572,1
Valorant Champions 2024,Playoffs,Lower Round 3,Team Heretics,Sentinels,50.0,50.0,0,0,80.0,1548.293367258565,1548.293367258565,78.21782178217822,50.0,50.0,0,0,73.33333333333333,1586.7283951376312,1586.7283951376312,81.73076923076923,1.103460188933873,1.1175978465978464,130.31805668016196,131.91254005254007,196.78709851551957,206.07568505568506,3.280215924426451,4.414262774262775,0.1044582995951417,0.08946318866318867,1.029936842105263,1.0742279054279054,73.45209176788123,74.15110889110889,18.089343229869545,16.901149776149776,1,0,97.50249914609915,95.60555548474161,1.8969436613575397,66.66666666666666,60.63298490127759,6.033681765389069,0.0,21.626984126984116,-21.626984126984116,1
Valorant Champions 2024,Playoffs,Lower Final,LEVIATÁN,Team Heretics,66.66666666666666,66.66666666666666,1,1,38.46153846153847,1495.7111140499642,1495.7111140499642,63.46153846153847,33.33333333333334,33.33333333333334,1,1,83.33333333333334,1565.1680398734495,1565.1680398734495,78.21782178217822,1.0376867669158392,1.1003344711703844,130.6863211637533,129.99053742954672,199.12515003849845,196.9990526845016,3.8083515466434017,3.419787780159297,0.09548750206555637,0.10244073985869652,1.0028289950371398,1.0251434468524252,71.38696412938495,73.12184117911671,15.676358483145814,17.24111935822462,1,0,97.44003908705243,97.68944653006716,-0.24940744301473217,59.391534391534385,61.11111111111111,-1.7195767195767218,0.0,0.0,0.0,0
Valorant Champions 2024,Playoffs,Grand Final,EDward Gaming,Team Heretics,50.0,50.0,0,0,57.14285714285714,1554.305726519316,1554.305726519316,80.61224489795919,50.0,50.0,0,0,85.71428571428571,1579.295704077857,1579.295704077857,78.84615384615384,1.0626885634145695,1.1145724038603295,130.50392782956638,130.43549824788215,199.03762973137972,197.64580455664048,3.405943166740381,3.5477880220914275,0.09664123709537796,0.10224243867587521,1.0139749099369844,1.0376417514374172,71.68940826330532,73.82623980766395,14.511144329526683,16.662030878478244,1,0,95.89894620601167,97.6074870967702,-1.7085408907585276,53.476190476190474,67.55952380952381,-14.083333333333336,36.82539682539683,0.0,36.82539682539683,1
VCT 2025: EMEA Kickoff,Main Event,Upper Round 1,BBL Esports,GIANTX,50.0,50.0,0,0,50.0,1500.0,1500.0,50.0,50.0,50.0,0,0,50.0,1500.0,1500.0,50.0,1.0,1.0,130.0,130.0,200.0,200.0,5.0,5.0,0.25,0.25,1.0,1.0,70.0,70.0,15.0,15.0,0,1,100.0,100.0,0.0,50.0,50.0,0.0,0.0,0.0,0.0,1
VCT 2025: EMEA Kickoff,Main Event,Upper Round 1,Karmine Corp,Natus Vincere,50.0,50.0,0,0,50.0,1500.0,1500.0,50.0,50.0,50.0,0,0,33.33333333333333,1495.5668945620932,1495.5668945620932,36.66666666666667,1.0,1.0353475935828877,130.0,127.25490196078431,200.0,189.91978609625667,5.0,3.9607843137254903,0.25,0.1045276292335116,1.0,0.9992691622103388,70.0,72.41176470588236,15.0,14.553698752228163,0,1,100.0,98.16906754998375,1.830932450016249,50.0,44.44444444444444,5.555555555555557,0.0,0.0,0.0,1
VCT 2025: EMEA Kickoff,Main Event,Upper Round 1,Team Liquid,KOI,50.0,50.0,0,0,40.0,1493.0518077430106,1493.0518077430106,18.269230769230766,50.0,50.0,0,0,50.0,1500.0,1500.0,50.0,1.03296491308256,1.0,125.88362920304097,130.0,194.28184088242912,200.0,3.294585675762146,5.0,0.10523028017733901,0.25,0.9764719975014092,1.0,70.49742233801058,70.0,14.651512931512933,15.0,0,1,94.58016574839549,100.0,-5.419834251604513,58.242331145556946,50.0,8.242331145556946,0.0,0.0,0.0,1
VCT 2025: EMEA Kickoff,Main Event,Upper Round 1,Apeks,Gentle Mates,50.0,50.0,0,0,50.0,1500.0,1500.0,50.0,50.0,50.0,0,0,50.0,1500.0,1500.0,50.0,1.0,1.0,130.0,130.0,200.0,200.0,5.0,5.0,0.25,0.25,1.0,1.0,70.0,70.0,15.0,15.0,0,1,100.0,100.0,0.0,50.0,50.0,0.0,0.0,0.0,0.0,0
VCT 2025: EMEA Kickoff,Main Event,Upper Quarterfinals,FNATIC,BBL Esports,50.0,50.0,0,0,53.333333333333336,1548.1407548990458,1548.1407548990458,39.42307692307692,50.0,50.0,0,0,100.0,1515.2,1500.0,50.0,1.1323509579200755,1.2482352941176469,128.9448334454217,137.64705882352942,195.35507419595655,211.11764705882354,3.4304005471652532,4.352941176470588,0.09306570439364557,0.09176470588235294,1.0449044339647282,1.072941176470588,72.71850298394415,74.76470588235294,14.891664631664632,28.875,0,1,95.33777989127469,100.0,-4.6622201087253075,50.7487922705314,50.0,0.7487922705314034,17.870370370370363,0.0,17.870370370370363,0
VCT 2025: EMEA Kickoff,Main Event,Upper Quarterfinals,Team Vitality,Karmine Corp,50.0,50.0,0,0,33.33333333333333,1481.7669044244055,1481.7669044244055,34.92063492063492,50.0,50.0,0,0,100.0,1515.0060660769084,1500.0,50.0,1.053989121989122,1.4227272727272728,135.22703962703963,124.81818181818181,204.5233877233877,195.27272727272728,2.992851592851593,3.4545454545454546,0.11006526806526806,0.1109090909090909,1.0248811188811189,1.158181818181818,70.77871017871018,81.27272727272727,18.09920634920635,35.166666666666664,0,1,94.25622590953289,100.0,-5.743774090467113,55.99999999999999,66.66666666666666,-10.666666666666664,0.0,0.0,0.0,1
VCT 2025: EMEA Kickoff,Main Event,Upper Quarterfinals,FUT Esports,Team Liquid,50.0,50.0,0,0,16.666666666666664,1439.0126627366574,1439.0126627366574,0.0,50.0,50.0,0,0,46.666666666666664,1508.5557444996184,1493.0518077430106,18.269230769230766,0.9296138306138305,1.0460982464158934,125.46599326599328,125.91399957341133,190.02548562548563,193.8359149565032,2.7580419580419577,3.244215305391776,0.10706500906500908,0.10459324314030198,0.9367150997150997,0.9812127382421499,67.83949753949754,70.5581630787513,16.616920116920117,16.313100233100233,0,1,94.92375770863663,94.54096893294478,0.38278877569185,38.888888888888886,58.242331145556946,-19.35344225666806,0.0,0.0,0.0,1
VCT 2025: EMEA Kickoff,Main Event,Upper Quarterfinals,Team Heretics,Gentle Mates,50.0,50.0,0,0,75.0,1563.004296110152,1563.004296110152,59.4059405940594,50.0,50.0,0,0,100.0,1517.6,1500.0,50.0,1.0847073751169187,1.2546153846153847,129.2506261842882,140.76923076923077,196.26616594358214,214.23076923076923,3.6477927801995644,3.923076923076923,0.10158169905878212,0.08230769230769232,1.0201647933773053,1.1584615384615384,73.293612005619,74.6923076923077,16.132848447239894,43.75,0,1,97.23815531145752,100.0,-2.7618446885424817,59.54545454545455,66.66666666666666,-7.1212121212121104,0.0,0.0,0.0,1
VCT 2025: EMEA Kickoff,Main Event,Lower Round 1,Karmine Corp,GIANTX,50.0,50.0,0,0,50.0,1498.3563025230253,1500.0,50.0,50.0,50.0,0,0,0.0,1484.8,1500.0,50.0,1.2148251748251748,0.84,126.56293706293707,121.3125,195.4825174825175,180.875,3.9580419580419584,3.625,0.10814685314685316,0.11125000000000002,1.0702447552447552,0.933125,77.13636363636363,66.25,26.333333333333332,13.875,0,1,96.9222027972028,100.0,-3.0777972027972,50.0,50.0,0.0,0.0,0.0,0.0,0
VCT 2025: EMEA Kickoff,Main Event,Lower Round 1,FNATIC,Natus Vincere,50.0,50.0,0,0,53.333333333333336,1531.503928669621,1548.1407548990458,39.42307692307692,50.0,50.0,0,0,25.0,1480.5608284851849,1495.5668945620932,36.66666666666667,1.1452279632676692,1.001232917409388,130.3384163331222,125.1078431372549,196.79714193214193,187.50928401663697,3.552682187093952,3.831699346405229,0.09333664913517856,0.1020068330362448,1.0537422236260472,0.9738963161021984,72.85896644205468,72.23937908496733,17.224997964997964,21.540274064171122,0,1,95.36178901193279,97.79089801570356,-2.429109003770776,49.82376961100366,37.5,12.323769611003662,19.688552188552183,0.0,19.688552188552183,1
VCT 2025: EMEA Kickoff,Main Event,Lower Round 1,Team Liquid,Apeks,50.0,50.0,0,0,40.0,1487.4792143986917,1493.0518077430106,18.269230769230766,50.0,50.0,0,0,0.0,1482.4,1500.0,50.0,0.9988161951338422,0.8036363636363636,125.28323034264211,113.63636363636364,191.26155598214422,172.8181818181818,3.2595999207763913,2.3636363636363638,0.10736247390953274,0.10545454545454545,0.954238379267791,0.8381818181818183,69.96329128387951,70.27272727272727,15.929261849261849,28.333333333333332,0,1,95.377836739964,100.0,-4.622163260036004,58.242331145556946,33.33333333333333,24.908997812223618,0.0,0.0,0.0,1
VCT 2025: EMEA Kickoff,Main Event,Lower Round 1,Gentle Mates,KOI,50.0,50.0,0,0,50.0,1504.3751664547312,1500.0,50.0,50.0,50.0,0,0,0.0,1484.4960632433922,1500.0,50.0,1.0981900452488689,0.9117647058823529,126.82579185520362,125.41176470588235,194.3212669683258,186.58823529411765,3.5497737556561084,3.2941176470588234,0.09321266968325792,0.11352941176470589,1.0318778280542986,0.92,68.72850678733032,72.29411764705883,43.75,31.11111111111111,0,1,95.5695701357466,100.0,-4.430429864253398,66.66666666666666,50.0,16.666666666666657,0.0,0.0,0.0,1
VCT 2025: EMEA Kickoff,Main Event,Upper Semifinals,BBL Esports,Team Heretics,50.0,50.0,0,0,100.0,1531.8368262294248,1500.0,50.0,50.0,50.0,0,0,77.77777777777779,1576.2291296554206,1563.004296110152,59.4059405940594,1.053235294117647,1.1116843334372613,129.61764705882354,129.3825010527006,197.20588235294116,196.3477030609619,3.764705882352941,3.617482471288502,0.10176470588235294,0.10064206583002855,0.9773529411764705,1.0298687052242714,70.8235294117647,73.40682178277244,32.74519230769231,17.318087508657683,0,1,96.65441176470588,97.22455766284536,-0.5701458981394723,55.55555555555555,59.54545454545455,-3.9898989898989967,0.0,0.0,0.0,0
VCT 2025: EMEA Kickoff,Main Event,Upper Semifinals,FUT Esports,Team Vitality,50.0,50.0,0,0,28.57142857142857,1460.089192837584,1439.0126627366574,0.0,50.0,50.0,0,0,50.0,1498.4166679782886,1481.7669044244055,34.92063492063492,0.9672014652014652,1.0484085081585082,128.15266955266955,134.04527972027972,194.16470196470195,203.76754079254079,2.8835164835164835,3.30019425019425,0.10384792984792986,0.10588228438228438,0.959002553002553,1.0217163947163947,69.45982905982906,70.65347707847708,20.457360100217244,23.84940476190476,0,1,94.92673389453337,95.02204735988695,-0.09531346535358409,38.888888888888886,57.77777777777777,-18.888888888888886,0.0,0.0,0.0,0
VCT 2025: EMEA Kickoff,Main Event,Lower Round 2,Gentle Mates,FNATIC,50.0,50.0,0,0,66.66666666666666,1518.7064210575331,1500.0,50.0,50.0,50.0,0,0,53.333333333333336,1544.4910487253167,1548.1407548990458,39.42307692307692,1.151501696832579,1.1340385693282753,130.77969457013575,131.50015875736463,201.46417797888387,198.42138435638435,3.6165158371040724,3.632606429518194,0.09255844645550527,0.09479877034729976,1.076668552036199,1.048155102413926,72.63150452488688,72.55025432084257,40.25,19.596426536426534,0,1,95.75723936639974,95.44416606153288,0.3130733048668617,61.11111111111111,50.7996632996633,10.311447811447806,0.0,20.244107744107737,-20.244107744107737,0
VCT 2025: EMEA Kickoff,Main Event,Lower Round 2,GIANTX,Team Liquid,50.0,50.0,0,0,50.0,1500.5927754751847,1500.0,50.0,50.0,50.0,0,0,40.0,1502.4570190838235,1493.0518077430106,18.269230769230766,0.935,0.9807276170452641,119.65625,126.50141216082393,182.4375,191.12449304508127,4.081730769230769,3.35843441961089,0.09793269230769233,0.10607576062281945,0.9473317307692308,0.9499073769367887,69.4326923076923,69.42995795054618,20.854166666666664,16.465928515928518,0,1,99.50276442307693,95.61720221493238,3.885562208144549,55.55555555555555,59.31051587301588,-3.7549603174603305,0.0,0.0,0.0,0
VCT 2025: EMEA Kickoff,Main Event,Lower Round 3,FUT Esports,FNATIC,33.33333333333334,33.33333333333334,1,1,25.0,1444.4229051107625,1439.0126627366574,0.0,66.66666666666666,66.66666666666666,1,1,60.0,1560.7872728801804,1548.1407548990458,39.42307692307692,0.9288974358974359,1.1609904409860292,125.40281662781663,132.59534592314006,189.83642191142192,200.30551982875514,2.6961538461538463,3.6076509927980513,0.10673232323232323,0.09490572221895752,0.9301849261849262,1.056486653216065,69.06581196581196,72.45684968626145,22.11894008769009,21.845593203093202,0,1,94.55555950929556,95.19495995179028,-0.6394004424947184,35.714285714285715,50.7996632996633,-15.085377585377586,0.0,20.244107744107737,-20.244107744107737,1
VCT 2025: EMEA Kickoff,Main Event,Lower Round 3,BBL Esports,Team Liquid,50.0,50.0,0,0,66.66666666666666,1516.4734433847536,1500.0,50.0,50.0,50.0,0,0,46.666666666666664,1519.9625832401773,1493.0518077430106,18.269230769230766,0.9761568627450979,1.0032730715907185,127.21176470588235,128.67474549415726,192.49281045751636,193.64247284306109,3.176470588235294,3.3362121973886683,0.11162091503267974,0.1074050535521124,0.9513464052287581,0.9686629324923443,70.0156862745098,70.30349330408154,31.60790598290598,19.069716394716394,0,1,96.98023071336709,95.20954205499152,1.770688658375576,50.0,60.27417027417027,-10.274170274170267,0.0,0.0,0.0,0
VCT 2025: EMEA Kickoff,Main Event,Upper Final,Team Vitality,Team Heretics,50.0,50.0,0,0,60.0,1514.0829557051102,1481.7669044244055,34.92063492063492,50.0,50.0,0,0,80.0,1591.5925125000917,1563.004296110152,59.4059405940594,1.1070904428904427,1.120606809184444,135.7634965034965,130.74425094743054,206.3594871794872,197.8038418457748,3.276519036519036,3.701188769614197,0.09343310023310022,0.09839604106520752,1.0613731157731157,1.0389727437927534,72.30459984459984,73.98432142267703,27.946190476190473,19.211278757791916,0,1,94.75309404866805,97.19882829177499,-2.4457342431069407,59.04761904761904,62.222222222222214,-3.1746031746031775,0.0,0.0,0.0,1
VCT 2025: EMEA Kickoff,Main Event,Lower Round 4,FUT Esports,Team Liquid,66.66666666666666,66.66666666666666,1,1,33.33333333333333,1467.706611513358,1439.0126627366574,0.0,33.33333333333334,33.33333333333334,1,1,46.666666666666664,1535.0099415846403,1493.0518077430106,18.269230769230766,0.9563703703703703,0.9980067239033183,126.42643529310196,128.92737707310462,191.75203315203316,193.9483739594885,2.7384615384615385,3.500486519557727,0.10436035569368902,0.10293615403058129,0.9544378831045497,0.9679037618384368,69.4687559354226,70.18834178893003,26.4168356335023,19.53638306138306,0,1,94.33318411823109,95.21742417437679,-0.8842400561456998,35.714285714285715,61.22867328749682,-25.514387573211103,0.0,0.0,0.0,0
VCT 2025: EMEA Kickoff,Main Event,Lower Final,Team Heretics,Team Liquid,50.0,50.0,0,0,72.72727272727273,1570.129987634543,1563.004296110152,59.4059405940594,50.0,50.0,0,0,53.333333333333336,1547.3017664028512,1493.0518077430106,18.269230769230766,1.085345033142883,1.0322954939567943,129.27989755551536,130.64573714440587,195.24316200855563,197.22430978836553,3.579593096343485,3.636671902801934,0.09779805386093245,0.09980602925339768,1.0141900976628335,0.9918681112145509,73.49814344210307,70.88709401709403,19.586010991932042,21.941096866096867,0,1,96.17156187027548,95.61428223841003,0.5572796318654554,58.974358974358964,62.153275296132435,-3.178916321773471,0.0,0.0,0.0,0
VCT 2025: EMEA Kickoff,Main Event,Grand Final,Team Vitality,Team Liquid,50.0,50.0,0,0,66.66666666666666,1535.5454805706588,1481.7669044244055,34.92063492063492,50.0,50.0,0,0,60.0,1566.0565114331307,1493.0518077430106,18.269230769230766,1.140524087024087,1.0650296987498227,137.09778554778555,131.2374582773035,208.68418803418805,197.76221828509753,3.1535094535094537,3.620549898444635,0.09824553224553224,0.09849666106167655,1.0735801605801605,1.0070010088180366,72.4461408961409,71.56596111949054,29.621825396825397,23.276017501017503,0,1,95.11590507850623,95.02723659771999,0.08866848078623946,62.083333333333336,62.278647278647284,-0.19531394531394852,0.0,0.0,0.0,1
VCT 2025: Pacific Kickoff,Main Event,Upper Round 1,BOOM Esports,T1,50.0,50.0,0,0,0.0,1472.83688211738,1472.83688211738,0.0,50.0,50.0,0,0,50.0,1503.0368048028495,1503.0368048028495,50.0,0.8487222222222222,0.8926923076923077,119.35277777777779,122.88461538461539,179.55555555555554,188.9230769230769,2.9611111111111112,2.5,0.117,0.11153846153846156,0.8593888888888889,0.9061538461538463,64.97777777777779,65.61538461538461,11.708333333333332,13.633333333333333,0,1,98.83138888888888,95.26153846153846,3.569850427350417,66.66666666666666,50.0,16.666666666666657,0.0,0.0,0.0,0
VCT 2025: Pacific Kickoff,Main Event,Upper Round 1,ZETA DIVISION,Nongshim RedForce,50.0,50.0,0,0,40.0,1455.3201260619624,1455.3201260619624,17.75700934579439,50.0,50.0,0,0,50.0,1500.0,1500.0,50.0,0.926307907506437,1.0,122.81346508067097,130.0,188.8275608269726,200.0,3.0469739628563155,5.0,0.10073182884653473,0.25,0.8916767505370446,1.0,65.87742050977344,70.0,9.188914511414511,15.0,0,1,94.63756073662913,100.0,-5.362439263370874,33.918128654970765,50.0,-16.081871345029235,0.0,0.0,0.0,0
VCT 2025: Pacific Kickoff,Main Event,Upper Round 1,Global Esports,Team Secret,50.0,50.0,0,0,50.0,1500.0,1500.0,50.0,50.0,50.0,0,0,50.0,1503.4468002875042,1503.4468002875042,51.76470588235295,1.0,1.180330710955711,130.0,138.16011072261074,200.0,204.79846542346542,5.0,2.513014763014763,0.25,0.09090860528360528,1.0,1.055110236985237,70.0,73.43482905982907,15.0,19.368939393939396,0,1,100.0,92.5859467411261,7.414053258873906,50.0,53.333333333333336,-3.3333333333333357,0.0,0.0,0.0,1
VCT 2025: Pacific Kickoff,Main Event,Upper Round 1,DetonatioN FocusMe,Rex Regum Qeon,50.0,50.0,0,0,50.0,1500.0,1500.0,50.0,50.0,50.0,0,0,50.0,1500.0,1500.0,50.0,1.0,1.0,130.0,130.0,200.0,200.0,5.0,5.0,0.25,0.25,1.0,1.0,70.0,70.0,15.0,15.0,0,1,100.0,100.0,0.0,50.0,50.0,0.0,0.0,0.0,0.0,0
VCT 2025: Pacific Kickoff,Main Event,Upper Quarterfinals,DRX,Nongshim RedForce,50.0,50.0,0,0,60.0,1579.0407811572811,1579.0407811572811,60.57692307692308,50.0,50.0,0,0,100.0,1515.3490521886533,1500.0,50.0,1.04068833018833,1.2654545454545456,127.65861037111037,141.72727272727272,196.1826825951826,222.36363636363637,3.7615671365671366,3.1818181818181817,0.10310882635882637,0.07090909090909091,0.9913457930957931,1.2236363636363636,71.0190416065416,81.81818181818181,18.880159970748206,38.5,0,1,95.73404455818736,100.0,-4.265955441812636,54.73401598401598,66.66666666666666,-11.932650682650674,39.688644688644686,0.0,39.688644688644686,1
VCT 2025: Pacific Kickoff,Main Event,Upper Quarterfinals,Paper Rex,T1,50.0,50.0,0,0,60.0,1535.3028339316259,1535.3028339316259,39.42307692307692,50.0,50.0,0,0,66.66666666666666,1516.9189023245747,1503.0368048028495,50.0,1.0373983460639808,0.9349321266968325,131.04289142573973,123.70739064856713,199.95740107158062,189.02714932126696,3.2511119725361213,2.8823529411764706,0.10105011278138214,0.11024132730015085,1.007813834943866,0.9333182503770739,72.16034926431212,66.56711915535445,14.408999333999335,19.555555555555554,0,1,96.14180734270701,95.90408186115087,0.23772548155614004,48.958333333333336,50.0,-1.0416666666666643,25.462962962962965,0.0,25.462962962962965,0
VCT 2025: Pacific Kickoff,Main Event,Upper Quarterfinals,TALON,Global Esports,50.0,50.0,0,0,0.0,1462.0366204070108,1462.0366204070108,0.0,50.0,50.0,0,0,100.0,1515.350789521378,1500.0,50.0,0.9235757575757577,1.0670588235294116,123.5878787878788,128.23529411764707,190.7030303030303,193.52941176470588,2.833333333333333,3.0588235294117645,0.11542424242424243,0.10529411764705883,0.8701212121212121,1.018235294117647,68.06060606060606,70.0,9.2,38.25,0,1,98.97757575757576,100.0,-1.0224242424242362,33.33333333333333,66.66666666666666,-33.33333333333333,0.0,0.0,0.0,1
VCT 2025: Pacific Kickoff,Main Event,Upper Quarterfinals,Gen.G,Rex Regum Qeon,50.0,50.0,0,0,33.33333333333333,1490.1836859965138,1490.1836859965138,34.92063492063492,50.0,50.0,0,0,100.0,1515.2,1500.0,50.0,0.9953400997150997,1.1576923076923078,124.54415954415954,124.15384615384616,190.63817663817665,188.76923076923077,3.478098290598291,3.8461538461538463,0.09399394586894588,0.08230769230769232,0.9496581196581196,1.0769230769230769,72.07353988603988,80.92307692307692,16.683226495726498,35.833333333333336,0,1,96.60041668682877,100.0,-3.3995833131712345,45.83333333333333,66.66666666666666,-20.83333333333333,0.0,0.0,0.0,1
VCT 2025: Pacific Kickoff,Main Event,Lower Round 1,Nongshim RedForce,BOOM Esports,50.0,50.0,0,0,50.0,1502.9047090991874,1500.0,50.0,50.0,50.0,0,0,0.0,1458.9547845956547,1472.83688211738,0.0,1.1611647727272727,0.9039398148148149,134.70738636363637,120.79768518518519,211.2130681818182,183.84953703703704,3.059659090909091,3.390740740740741,0.07795454545454544,0.10570833333333333,1.1430681818181818,0.9037592592592593,80.0340909090909,66.96435185185186,39.464285714285715,13.805555555555555,0,1,97.18011363636364,97.60545984623123,-0.425346209867584,55.55555555555555,66.66666666666666,-11.111111111111107,0.0,0.0,0.0,1
VCT 2025: Pacific Kickoff,Main Event,Lower Round 1,Paper Rex,ZETA DIVISION,33.333333333333336,33.333333333333336,1,1,53.333333333333336,1519.299302931923,1535.3028339316259,39.42307692307692,66.66666666666666,66.66666666666666,1,1,40.0,1439.971073873309,1455.3201260619624,17.75700934579439,1.0245511238417584,0.9046042038027332,129.8192803146286,122.27272433993022,197.64906773824728,187.96459786400962,3.1325934540176026,3.0617887776711306,0.10288807574434511,0.10323182884653474,0.9982027238327548,0.8807693431296373,71.95849741246026,65.89964273199567,15.252332667332666,10.285884208384209,0,1,96.27083473862513,94.8350636497933,1.435771088831828,47.744107744107744,31.428571428571427,16.315536315536317,25.462962962962965,0.0,25.462962962962965,1
VCT 2025: Pacific Kickoff,Main Event,Lower Round 1,Rex Regum Qeon,Team Secret,50.0,50.0,0,0,50.0,1498.907445782701,1500.0,50.0,50.0,50.0,0,0,40.0,1488.0960107661263,1503.4468002875042,51.76470588235295,1.105096153846154,1.144264568764569,126.01442307692308,136.0155885780886,193.5096153846154,203.47627233877233,4.423076923076923,2.7354118104118106,0.08052884615384616,0.08960188422688423,1.0537740384615386,1.0347131895881896,76.86778846153845,73.24786324786325,34.35416666666667,20.73959595959596,0,1,99.18978365384616,93.21670122000583,5.973082433840332,44.44444444444444,50.0,-5.555555555555557,0.0,0.0,0.0,1
VCT 2025: Pacific Kickoff,Main Event,Lower Round 1,Global Esports,DetonatioN FocusMe,50.0,50.0,0,0,50.0,1497.8364783345914,1500.0,50.0,50.0,50.0,0,0,0.0,1484.8,1500.0,50.0,1.0425919117647058,0.799375,125.02389705882354,117.0,190.35845588235293,175.8125,3.2169117647058822,2.625,0.10264705882352942,0.12062500000000001,1.0044301470588235,0.800625,69.0625,66.1875,29.625,27.428571428571427,0,1,99.51681985294118,100.0,-0.4831801470588175,61.11111111111111,33.33333333333333,27.77777777777778,0.0,0.0,0.0,0
VCT 2025: Pacific Kickoff,Main Event,Upper Semifinals,T1,TALON,50.0,50.0,0,0,75.0,1532.9224333242776,1503.0368048028495,50.0,50.0,50.0,0,0,33.33333333333333,1479.5509315937973,1462.0366204070108,0.0,0.9670324283559577,0.9547912457912459,126.78054298642535,121.92895622895622,193.21480643539468,188.56127946127947,3.0784313725490193,3.0370370370370368,0.10629210658622425,0.10769023569023568,0.9604053544494721,0.8876734006734006,68.17533936651584,68.65151515151514,22.11111111111111,19.866666666666667,0,1,96.09118972883739,98.79513684223274,-2.703947113395344,55.55555555555555,40.0,15.55555555555555,0.0,0.0,0.0,1
VCT 2025: Pacific Kickoff,Main Event,Upper Semifinals,Gen.G,DRX,50.0,50.0,0,0,50.0,1506.4762402138128,1490.1836859965138,34.92063492063492,50.0,50.0,0,0,60.0,1591.485124246747,1579.0407811572811,60.57692307692308,0.9793896901709402,1.010078229178229,123.35042735042735,127.35881239131238,188.19017094017093,195.48934926184927,3.512419871794872,3.788233803233803,0.10376469017094017,0.1049431697931698,0.9455128205128205,0.9783882173382173,70.49746260683762,70.98954665704666,16.762419871794872,19.71587425646249,0,1,97.04516930970927,95.98046845002027,1.0647008596889975,56.111111111111114,55.55474155474154,0.5563695563695745,0.0,41.07753357753357,-41.07753357753357,0
VCT 2025: Pacific Kickoff,Main Event,Lower Round 2,Nongshim RedForce,Rex Regum Qeon,50.0,50.0,0,0,66.66666666666666,1516.1921293990843,1500.0,50.0,50.0,50.0,0,0,66.66666666666666,1513.634607659143,1500.0,50.0,1.1894039661319074,1.2067307692307692,132.863747771836,129.11378205128207,207.31851604278074,199.88141025641025,3.255459001782531,4.157051282051282,0.07785204991087342,0.08514423076923078,1.1126336898395721,1.0781410256410258,78.82664884135473,75.84935897435896,35.476190476190474,35.236111111111114,0,1,97.24854482577457,98.62438328653913,-1.3758384607645553,58.33333333333333,46.0,12.333333333333329,0.0,0.0,0.0,1
VCT 2025: Pacific Kickoff,Main Event,Lower Round 2,DetonatioN FocusMe,Paper Rex,50.0,50.0,0,0,50.0,1503.0600774695188,1500.0,50.0,50.0,50.0,0,0,53.333333333333336,1532.9491884505865,1535.3028339316259,39.42307692307692,0.9962259615384615,1.0452177905084252,126.53846153846153,130.98851108385938,192.94471153846155,199.38752927670885,3.1971153846153846,3.1377216591458077,0.10108173076923077,0.1029906398469092,0.9595432692307693,1.0070745187045496,71.74759615384616,72.47644613040897,32.92857142857143,15.541221556221556,0,1,94.43786057692307,95.7865189779368,-1.3486584010137221,50.0,48.72082166199814,1.2791783380018629,0.0,22.129629629629626,-22.129629629629626,1
VCT 2025: Pacific Kickoff,Main Event,Lower Round 3,TALON,Nongshim RedForce,50.0,50.0,0,0,25.0,1466.6676928233119,1462.0366204070108,0.0,50.0,50.0,0,0,75.0,1531.2802421027645,1500.0,50.0,0.9980378787878788,1.148229445187166,122.44671717171717,132.26545788770053,189.08762626262626,204.9006517379679,3.0277777777777777,4.029829545454545,0.1041010101010101,0.07824197860962567,0.913949494949495,1.089034090909091,69.26641414141415,77.29645721925134,25.9,33.73214285714286,0,1,98.09576441164664,97.22067677070454,0.8750876409420982,38.888888888888886,62.66666666666666,-23.77777777777777,0.0,0.0,0.0,1
VCT 2025: Pacific Kickoff,Main Event,Lower Round 3,Gen.G,DetonatioN FocusMe,50.0,50.0,0,0,40.0,1493.0986001900771,1490.1836859965138,34.92063492063492,50.0,50.0,0,0,66.66666666666666,1522.1704422188336,1500.0,50.0,0.9483117521367521,1.140211247086247,121.6536752136752,131.02564102564102,186.12547008547008,200.96314102564102,3.3432692307692307,3.101107226107226,0.10687841880341882,0.09405448717948718,0.9301435897435898,1.0487864219114218,69.2379700854701,74.68021561771562,18.676602564102563,38.36904761904762,0,1,97.14653465530546,93.66457864775876,3.4819560075466995,56.111111111111114,50.0,6.111111111111114,0.0,0.0,0.0,1
VCT 2025: Pacific Kickoff,Main Event,Upper Final,T1,DRX,50.0,50.0,0,0,80.0,1545.805672094763,1503.0368048028495,50.0,50.0,50.0,0,0,66.66666666666666,1604.8627642704828,1579.0407811572811,60.57692307692308,0.9927370537958773,1.0327448958448957,128.1577677224736,128.81009444259445,192.91628959276017,196.99704156954158,3.1294117647058823,3.895926110926111,0.10347812971342385,0.10407137492137493,0.9743242835595776,0.9939779609279609,69.09582704876823,71.8151876826877,25.888888888888893,21.25433579492403,0,1,96.37062712471418,95.95510424810239,0.41552287661178866,58.33333333333333,55.55474155474154,2.778591778591789,0.0,41.07753357753357,-41.07753357753357,0
VCT 2025: Pacific Kickoff,Main Event,Lower Round 4,TALON,Gen.G,50.0,50.0,0,0,40.0,1484.6622919478473,1462.0366204070108,0.0,50.0,50.0,0,0,50.0,1512.167861318072,1490.1836859965138,34.92063492063492,1.0290017316017317,1.0380803062678063,123.48594516594517,123.98062678062678,190.95581529581528,189.719943019943,3.107936507936508,3.2732371794871793,0.10299509379509379,0.10573201566951568,0.9391595959595961,0.9708888888888888,70.42741702741702,69.98035968660969,26.46,29.480502136752136,0,1,97.54743367344231,95.8824984232642,1.664935250178118,40.0,59.52380952380951,-19.52380952380951,0.0,0.0,0.0,0
VCT 2025: Pacific Kickoff,Main Event,Lower Final,T1,Gen.G,50.0,50.0,0,0,66.66666666666666,1533.1647682423034,1503.0368048028495,50.0,50.0,50.0,0,0,57.14285714285714,1528.3774188518648,1490.1836859965138,34.92063492063492,0.9906142114965645,1.140894230769231,129.0759175465058,126.98339438339438,194.2969079939668,195.91868131868134,3.4300653594771244,3.2976953601953602,0.1038984414278532,0.10015125152625153,0.9780480140774258,1.0198095238095237,69.42430031841796,71.74507020757021,25.574074074074076,29.983287545787544,0,1,96.67405855310776,94.33236604148561,2.341692511622142,56.111111111111114,62.797619047619044,-6.68650793650793,0.0,0.0,0.0,1
VCT 2025: Pacific Kickoff,Main Event,Grand Final,DRX,T1,66.66666666666666,66.66666666666666,1,1,66.66666666666666,1617.5036681229424,1579.0407811572811,60.57692307692308,33.33333333333334,33.33333333333334,1,1,71.42857142857143,1548.1553391889656,1503.0368048028495,50.0,1.0374803455803456,0.9904615319321202,129.2630044955045,128.76637088401793,197.86794104044105,193.66358347534816,3.9504234654234653,3.70628978864273,0.10563751248751249,0.10308178096413391,1.0002478021978023,0.9788463497287027,72.0442882117882,69.50654313007254,22.195512265512267,25.544011544011543,0,1,96.00943839582085,96.92001599766988,-0.9105776018490275,55.439950120801186,52.59259259259259,2.8473575282085974,38.85531135531136,0.0,38.85531135531136,1
VCT 2025: Americas Kickoff,Main Event,Upper Round 1,Evil Geniuses,LOUD,66.66666666666666,66.66666666666666,1,1,85.71428571428571,1592.6952688862516,1592.6952688862516,81.18811881188118,33.33333333333334,33.33333333333334,1,1,73.33333333333333,1614.1402338538935,1614.1402338538935,61.22448979591836,1.2027822918641142,1.1713717512163333,139.4752101797657,133.29780105687226,211.12880558922134,205.74551559666108,4.237521228587129,3.8345873321724713,0.08829393192683772,0.09553183358322677,1.106846325132924,1.106475159584138,74.67874231032125,74.47005347364481,20.51495598239296,16.4353268028268,0,1,96.13758439491387,97.48128086328433,-1.343696468370453,65.1948051948052,67.13069438301636,-1.9358891882111635,0.0,14.42226890756303,-14.42226890756303,0
VCT 2025: Americas Kickoff,Main Event,Upper Round 1,MIBR,100 Thieves,50.0,50.0,0,0,50.0,1500.0,1500.0,50.0,50.0,50.0,0,0,57.14285714285714,1511.649084807243,1511.649084807243,36.53846153846153,1.0,1.0345259740259742,130.0,131.63404928404927,200.0,200.21739926739926,5.0,3.724775224775225,0.25,0.1023003663003663,1.0,0.9897536213786214,70.0,71.06430652680652,15.0,17.775602968460113,0,1,100.0,95.07340761199583,4.926592388004167,50.0,44.5021645021645,5.497835497835503,0.0,0.0,0.0,0
VCT 2025: Americas Kickoff,Main Event,Upper Round 1,2Game Esports,FURIA,50.0,50.0,0,0,50.0,1500.0,1500.0,50.0,50.0,50.0,0,0,0.0,1441.4313873690974,1441.4313873690974,0.0,1.0,0.9156291208791209,130.0,121.0058015513898,200.0,181.99056237879768,5.0,3.636764705882353,0.25,0.11057967032967034,1.0,0.8968917259211378,70.0,68.68031674208144,15.0,20.81153711484594,0,1,100.0,97.61697625077409,2.383023749225913,50.0,25.185185185185183,24.814814814814817,0.0,0.0,0.0,0
VCT 2025: Americas Kickoff,Main Event,Upper Round 1,NRG,Cloud9,50.0,50.0,0,0,33.33333333333333,1481.9732038200639,1481.9732038200639,33.33333333333333,50.0,50.0,0,0,50.0,1501.6461131968745,1501.6461131968745,50.0,1.161171717171717,0.9824137529137529,138.4564814814815,130.98613053613053,212.21944444444443,197.059324009324,2.8875420875420876,4.3426573426573425,0.08310185185185186,0.09973426573426575,1.1181203703703704,1.0023251748251747,75.53981481481482,70.53286713286712,32.22222222222222,18.048076923076923,0,1,90.75388361450261,96.95894469984026,-6.205061085337647,41.666666666666664,61.42857142857142,-19.76190476190476,0.0,0.0,0.0,0
VCT 2025: Americas Kickoff,Main Event,Upper Quarterfinals,KRÜ Esports,LOUD,66.66666666666666,66.66666666666666,1,1,26.666666666666668,1425.7222083665558,1425.7222083665558,21.153846153846153,33.33333333333334,33.33333333333334,1,1,73.33333333333333,1630.6552764809196,1614.1402338538935,61.22448979591836,0.9988312007222224,1.1667563666009488,126.16276004697058,133.51318567225687,191.39073120893553,205.31800976915528,3.235127459399905,3.887734185319325,0.09983217300988198,0.09578358183497503,0.9478887695036301,1.1061021992111777,69.53422527020051,74.12553132912265,8.62030451030451,18.14961251711252,0,1,93.9337733795796,97.49039324733558,-3.5566198677559697,46.672788490970305,67.75982187746894,-21.087033386498632,0.0,12.338935574229703,-12.338935574229703,0
VCT 2025: Americas Kickoff,Main Event,Upper Quarterfinals,Sentinels,100 Thieves,50.0,50.0,0,0,66.66666666666666,1569.8537225227467,1569.8537225227467,62.376237623762385,50.0,50.0,0,0,62.5,1528.6591996374239,1511.649084807243,36.53846153846153,1.1106454656454656,1.0845371503496504,131.77444481444482,133.19902389277388,206.34235172235174,202.89214743589744,4.309500869500869,3.7687937062937062,0.09127271247271247,0.09730128205128205,1.070942191142191,1.0168998033216783,73.90348984348984,72.54665282634032,15.689428164428165,23.678652597402596,0,1,95.56510121464096,94.75057657669609,0.8145246379448707,61.50026677337601,46.34920634920635,15.151060424169664,22.117180205415487,0.0,22.117180205415487,1
VCT 2025: Americas Kickoff,Main Event,Upper Quarterfinals,LEVIATÁN,FURIA,50.0,50.0,0,0,35.714285714285715,1481.5834498455567,1481.5834498455567,61.6822429906542,50.0,50.0,0,0,20.0,1461.9705022149165,1441.4313873690974,0.0,1.0247269978504223,1.0041396603396602,129.71765536634234,125.49555033202091,197.53138932146285,190.31972263031088,3.9381121504545873,3.4548663101604276,0.09554196620373091,0.11173646353646353,0.9929840668202013,0.9480588352823647,71.16735954871459,70.28970793911971,15.779832877206827,27.182563025210083,0,1,97.23797312207748,95.83207487526705,1.4058982468104233,55.952380952380956,33.59307359307359,22.359307359307365,0.0,0.0,0.0,1
VCT 2025: Americas Kickoff,Main Event,Upper Quarterfinals,G2 Esports,Cloud9,50.0,50.0,0,0,53.84615384615385,1503.4110732395798,1503.4110732395798,38.31775700934579,50.0,50.0,0,0,60.0,1518.2506088401958,1501.6461131968745,50.0,0.9334223750106103,0.980546386946387,125.83554876496052,130.31198135198136,191.97366097954335,196.78592074592075,3.553460656990069,4.135664335664336,0.10892985315338258,0.0974797202797203,0.9313913250148544,0.9964755244755246,67.8026873779815,71.4262937062937,15.536851196619,20.338461538461537,0,1,94.52434052362547,97.24934842699984,-2.725007903374376,55.366591080876795,62.083333333333336,-6.716742252456541,0.0,0.0,0.0,1
VCT 2025: Americas Kickoff,Main Event,Lower Round 1,FURIA,Evil Geniuses,50.0,50.0,0,0,16.666666666666664,1445.3629787854923,1441.4313873690974,0.0,50.0,50.0,0,0,75.0,1576.1802262592255,1592.6952688862516,81.18811881188118,0.96652664002664,1.1706011720477665,124.33603553309435,137.40747557396165,188.0228457816693,207.77937155723532,3.327773207184972,4.091164408347071,0.11157525807525809,0.09050719043598301,0.9247926191455603,1.084907201157975,69.26706430824078,73.74389952153109,27.98546918767507,22.76308648459384,0,1,95.78195558509681,95.85502282613403,-0.07306724103722217,31.538461538461537,60.873015873015866,-29.33455433455433,0.0,0.0,0.0,0
VCT 2025: Americas Kickoff,Main Event,Lower Round 1,Cloud9,MIBR,50.0,50.0,0,0,50.0,1499.8993411699203,1501.6461131968745,50.0,50.0,50.0,0,0,0.0,1482.9898851698192,1500.0,50.0,0.9419937839937839,0.6661538461538462,128.1317793317793,107.3076923076923,193.15493395493397,158.6153846153846,3.766899766899767,1.3846153846153846,0.1046946386946387,0.14846153846153845,0.9609090909090909,0.7153846153846153,69.44498834498835,56.53846153846154,21.15705128205128,19.5,0,1,96.25126439412351,100.0,-3.7487356058764902,58.88888888888889,33.33333333333333,25.555555555555564,0.0,0.0,0.0,0
VCT 2025: Americas Kickoff,Main Event,Lower Round 1,KRÜ Esports,2Game Esports,50.0,50.0,0,0,26.666666666666668,1417.4464061645942,1425.7222083665558,21.153846153846153,50.0,50.0,0,0,0.0,1479.460885154181,1500.0,50.0,1.0026857461767678,0.7857142857142857,125.69528529949584,128.85714285714286,190.5204281786325,191.0,3.2638143280867737,4.428571428571429,0.10018368816139714,0.1142857142857143,0.9504301836450444,0.8428571428571429,69.56695254292778,70.0,12.906018796018795,17.0,0,1,93.99710818577921,100.0,-6.0028918142207885,44.450216450216445,33.33333333333333,11.116883116883116,0.0,0.0,0.0,1
VCT 2025: Americas Kickoff,Main Event,Lower Round 1,100 Thieves,NRG,50.0,50.0,0,0,55.55555555555556,1515.2530254970234,1511.649084807243,36.53846153846153,50.0,50.0,0,0,25.0,1465.3687081767425,1481.9732038200639,33.33333333333333,1.0779545911604735,1.1362634032634031,132.85011274128922,136.38082264957265,202.32896765543825,209.52996794871794,3.7291238173591115,2.934887334887335,0.09747042064689124,0.08001869658119659,1.0110351192924723,1.0949364316239316,72.57088094367506,75.6548611111111,25.578555395222065,32.80952380952381,0,1,95.01685990595512,91.870221691603,3.1466382143521088,49.19413919413919,36.666666666666664,12.527472527472526,0.0,0.0,0.0,0
VCT 2025: Americas Kickoff,Main Event,Upper Semifinals,LOUD,Sentinels,50.0,50.0,0,0,80.0,1638.9310786828812,1614.1402338538935,61.22448979591836,50.0,50.0,0,0,66.66666666666666,1583.2598966631472,1569.8537225227467,62.376237623762385,1.1893455921901743,1.1113185425685426,134.15763011670134,132.39976532726533,206.37962593077143,206.66254403004402,3.9119766095617488,4.271359843859844,0.0954502485016417,0.09312527657527658,1.11639176150074,1.072131293706294,74.72384782743916,74.58618215118216,20.738501406001408,16.84400691900692,0,1,98.01139420923616,95.58850935087737,2.4228848583587848,69.03687417317259,60.20291837665298,8.83395579651961,11.581359816653936,23.545751633986917,-11.96439181733298,0
VCT 2025: Americas Kickoff,Main Event,Upper Semifinals,G2 Esports,LEVIATÁN,33.333333333333336,33.333333333333336,1,1,57.14285714285714,1521.7623409098553,1503.4110732395798,38.31775700934579,66.66666666666666,66.66666666666666,1,1,40.0,1498.190973274981,1481.5834498455567,61.6822429906542,0.9845988533154308,1.0412603495088788,127.74306086070791,130.421326826768,194.5132455185931,198.52020579094108,3.5444683658587404,3.8755713404242815,0.10580399873448001,0.09559674421439128,0.9620086425754875,1.0027851290321879,68.85368274031376,71.48347497273969,18.66986472419909,18.061177352059705,0,1,93.77581089508902,97.03897832147481,-3.2631674263857917,56.63780663780664,57.95454545454546,-1.3167388167388197,29.828042328042326,18.055555555555554,11.772486772486772,1
VCT 2025: Americas Kickoff,Main Event,Lower Round 2,Evil Geniuses,MIBR,50.0,50.0,0,0,77.77777777777779,1587.4497969338602,1592.6952688862516,81.18811881188118,50.0,50.0,0,0,50.0,1498.929075386194,1500.0,50.0,1.1749788195980146,0.850264423076923,137.5399782879659,117.74759615384616,207.974256199024,175.37019230769232,3.9625165111233227,2.5048076923076925,0.09045083594309601,0.12954326923076923,1.091547141770052,0.8633173076923076,74.16494772284246,63.956730769230774,26.24774354186119,23.25,0,1,96.03718226882782,94.82235576923077,1.2148264995970521,60.873015873015866,25.0,35.873015873015866,0.0,0.0,0.0,0
VCT 2025: Americas Kickoff,Main Event,Lower Round 2,NRG,KRÜ Esports,50.0,50.0,0,0,40.0,1482.736229081091,1481.9732038200639,33.33333333333333,50.0,50.0,0,0,33.33333333333333,1438.1549237596287,1425.7222083665558,21.153846153846153,1.1401357226107227,1.0522857461767678,135.25465811965813,127.55750752171804,208.72397435897437,193.53820595641028,3.197909867909868,3.2193698836423295,0.08376495726495728,0.10000591038361936,1.1033241452991454,0.9783857392005999,76.28638888888888,70.48250809848334,31.297619047619047,16.9297224997225,0,1,92.70483930236195,93.4518162912468,-0.7469769888848532,32.22222222222222,45.690235690235696,-13.468013468013474,0.0,0.0,0.0,0
VCT 2025: Americas Kickoff,Main Event,Lower Round 3,LEVIATÁN,MIBR,50.0,50.0,0,0,40.0,1481.7831964068334,1481.5834498455567,61.6822429906542,50.0,50.0,0,0,66.66666666666666,1520.9186837914106,1500.0,50.0,1.0396857463342757,1.0374490093240094,131.1133903188315,128.71051864801865,199.4465549972903,194.2467948717949,3.7041427689957103,2.8213869463869465,0.09894277596042303,0.11242278554778555,1.0003787798258386,0.9758479020979021,71.41363370289841,70.51660839160839,19.152630343512694,31.0,0,1,96.94277922879593,93.00738390779681,3.9353953209991204,57.95454545454546,38.888888888888886,19.065656565656575,18.055555555555554,0.0,18.055555555555554,0
VCT 2025: Americas Kickoff,Main Event,Lower Round 3,LOUD,KRÜ Esports,50.0,50.0,2,2,73.33333333333333,1621.3161462340026,1614.1402338538935,61.22448979591836,50.0,50.0,2,2,40.0,1455.2946822348677,1425.7222083665558,21.153846153846153,1.1667614652060472,1.0924843993754212,133.1322332913045,129.7319182961288,204.81613386727938,196.51194333014766,4.131659149244289,3.4234102876827337,0.09328199453338773,0.09391500129271028,1.1007727138816923,1.0037897796046402,74.10638750997883,71.62728924326447,20.979771247271245,20.27257964257964,0,1,97.86545087820012,93.9625933732087,3.9028575049914167,68.11519533817756,44.61302211302212,23.50217322515544,11.19174942704354,0.0,11.19174942704354,0
VCT 2025: Americas Kickoff,Main Event,Upper Final,Sentinels,G2 Esports,50.0,50.0,2,2,73.33333333333333,1600.8748291120257,1569.8537225227467,62.376237623762385,50.0,50.0,2,2,60.0,1538.1701177780028,1503.4110732395798,38.31775700934579,1.1025589466089467,1.009326726650256,130.92986633736635,129.52558356676005,204.68517029267028,196.78714172537704,4.230955803455803,3.5268737798149563,0.09617174122174123,0.10332033217327335,1.0666807886557885,0.9776745890275302,74.58577811077812,69.71587584528761,16.988054538054538,21.75689980670631,0,1,95.54690496007105,93.76949341370927,1.7774115463617761,60.006069094304394,56.63780663780664,3.368262456497753,19.448529411764703,29.828042328042326,-10.379512916277623,0
VCT 2025: Americas Kickoff,Main Event,Lower Round 4,MIBR,KRÜ Esports,50.0,50.0,0,0,75.0,1534.413745440195,1500.0,50.0,50.0,50.0,0,0,40.0,1480.7182102954973,1425.7222083665558,21.153846153846153,1.0147534236596736,1.0668673053583269,129.22733343045843,130.13226017647068,194.57398504273505,196.0558749540793,3.2271513209013207,3.385803450075896,0.10348375582750582,0.09567568505339404,0.9766081487956487,0.9956017454166061,70.2624562937063,71.46318667916191,31.916666666666664,23.687394457394458,0,1,93.94404145341288,94.31344751547236,-0.36940606205948257,42.00000000000001,45.896425555868284,-3.8964255558682765,0.0,0.0,0.0,1
VCT 2025: Americas Kickoff,Main Event,Lower Final,Sentinels,MIBR,50.0,50.0,0,0,66.66666666666666,1580.1324491560242,1569.8537225227467,62.376237623762385,50.0,50.0,0,0,80.0,1547.2831393395006,1500.0,50.0,1.0792199152699153,1.041177738927739,129.94097744847744,129.68186674436674,203.05354636104636,196.70918803418803,3.6246879971879973,3.5067210567210565,0.09750507455507455,0.10328700466200466,1.0498716718466719,0.988786519036519,74.1866328116328,71.38496503496503,17.85768416768417,36.53333333333333,0,1,95.06482007952334,94.51671272202236,0.5481073575009816,60.006069094304394,50.000000000000014,10.00606909430438,19.448529411764703,0.0,19.448529411764703,1
VCT 2025: Americas Kickoff,Main Event,Grand Final,G2 Esports,Sentinels,66.66666666666666,66.66666666666666,3,3,60.0,1558.9124977340043,1503.4110732395798,38.31775700934579,33.33333333333334,33.33333333333334,3,3,66.66666666666666,1596.073346670833,1569.8537225227467,62.376237623762385,1.028719176248588,1.08518950591319,129.80383538030597,130.39150376426693,197.30900994430405,202.81471595168964,3.552279093455564,3.7496002778897517,0.10130668024785673,0.09786063011063012,0.9901611591023355,1.054940677694625,69.82564363740833,74.355989536779,23.544830590805823,18.796573056573056,0,1,93.82545052492787,95.01855247107643,-1.193101946148559,56.63780663780664,61.339173967459324,-4.701367329652683,29.828042328042326,18.62745098039215,11.200591347650175,1
VCT 2025: China Kickoff,Main Event,Upper Round 1,TYLOO,Titan Esports Club,50.0,50.0,0,0,50.0,1500.0,1500.0,50.0,50.0,50.0,0,0,50.0,1500.0,1500.0,50.0,1.0,1.0,130.0,130.0,200.0,200.0,5.0,5.0,0.25,0.25,1.0,1.0,70.0,70.0,15.0,15.0,0,1,100.0,100.0,0.0,50.0,50.0,0.0,0.0,0.0,0.0,0
VCT 2025: China Kickoff,Main Event,Upper Round 1,Xi Lai Gaming,Wolves Esports,50.0,50.0,0,0,50.0,1500.0,1500.0,50.0,50.0,50.0,0,0,50.0,1500.0,1500.0,50.0,1.0,1.0,130.0,130.0,200.0,200.0,5.0,5.0,0.25,0.25,1.0,1.0,70.0,70.0,15.0,15.0,0,1,100.0,100.0,0.0,50.0,50.0,0.0,0.0,0.0,0.0,1
VCT 2025: China Kickoff,Main Event,Upper Round 1,JDG Esports,Dragon Ranger Gaming,50.0,50.0,0,0,50.0,1500.0,1500.0,50.0,50.0,50.0,0,0,50.0,1500.0,1500.0,50.0,1.0,1.0,130.0,130.0,200.0,200.0,5.0,5.0,0.25,0.25,1.0,1.0,70.0,70.0,15.0,15.0,0,1,100.0,100.0,0.0,50.0,50.0,0.0,0.0,0.0,0.0,0
VCT 2025: China Kickoff,Main Event,Upper Round 1,All Gamers,Nova Esports,50.0,50.0,0,0,50.0,1500.0,1500.0,50.0,50.0,50.0,0,0,50.0,1500.0,1500.0,50.0,1.0,1.0,130.0,130.0,200.0,200.0,5.0,5.0,0.25,0.25,1.0,1.0,70.0,70.0,15.0,15.0,0,1,100.0,100.0,0.0,50.0,50.0,0.0,0.0,0.0,0.0,0
VCT 2025: China Kickoff,Main Event,Upper Quarterfinals,FunPlus Phoenix,Titan Esports Club,50.0,50.0,0,0,53.333333333333336,1490.2471260536495,1490.2471260536495,0.0,50.0,50.0,0,0,100.0,1517.6,1500.0,50.0,1.0242882441632442,1.1153333333333333,131.3822766122766,130.0,198.22643097643098,206.86666666666667,3.6287984237984237,0.0,0.09764176841676843,0.25,0.9925019915269915,1.0,71.29617632367632,70.0,14.052819865319865,15.0,0,1,95.73107861568403,100.0,-4.2689213843159735,43.354037267080734,50.0,-6.645962732919266,26.66666666666666,0.0,26.66666666666666,1
VCT 2025: China Kickoff,Main Event,Upper Quarterfinals,Bilibili Gaming,Xi Lai Gaming,50.0,50.0,0,0,28.57142857142857,1453.9337923135488,1453.9337923135488,20.5607476635514,50.0,50.0,0,0,100.0,1517.6,1500.0,50.0,0.8985974025974025,1.2306666666666668,121.81818181818183,130.0,188.5991341991342,212.93333333333334,2.7766233766233768,0.0,0.1084935064935065,0.25,0.906909090909091,1.0,67.7904761904762,70.0,8.693799058084773,15.0,0,1,95.70048115960016,100.0,-4.299518840399841,38.13852813852813,66.66666666666666,-28.528138528138527,0.0,0.0,0.0,1
VCT 2025: China Kickoff,Main Event,Upper Quarterfinals,Trace Esports,Dragon Ranger Gaming,50.0,50.0,0,0,50.0,1495.2629277190658,1495.2629277190658,46.34146341463415,50.0,50.0,0,0,100.0,1515.2,1500.0,50.0,0.9438058712121211,1.2329411764705882,122.31022727272727,130.0,185.84157196969696,213.58823529411765,3.390530303030303,0.0,0.0949782196969697,0.25,0.9259431818181818,1.0,69.27339015151514,70.0,11.366666666666667,15.0,0,1,95.85186552707111,100.0,-4.148134472928888,40.555555555555564,33.33333333333333,7.222222222222236,0.0,0.0,0.0,1
VCT 2025: China Kickoff,Main Event,Upper Quarterfinals,EDward Gaming,Nova Esports,50.0,50.0,0,0,60.0,1570.597134487021,1570.597134487021,100.0,50.0,50.0,0,0,100.0,1517.6,1500.0,50.0,1.0674617068059793,1.5266666666666668,130.99731676791274,130.0,199.6605179080179,235.4,3.5217374318148313,0.0,0.09645245620965436,0.25,1.0189162651475345,1.0,72.09424136321195,70.0,15.191353755177285,15.0,0,1,95.98550740347875,100.0,-4.014492596521251,55.01035196687371,50.0,5.0103519668737135,40.51587301587302,0.0,40.51587301587302,1
VCT 2025: China Kickoff,Main Event,Lower Round 1,Titan Esports Club,JDG Esports,50.0,50.0,0,0,50.0,1501.205802150411,1500.0,50.0,50.0,50.0,0,0,0.0,1484.8,1500.0,50.0,1.0170416666666666,0.8294117647058823,130.0,130.0,197.87083333333334,182.11764705882354,0.0,0.0,0.25,0.25,1.0,1.0,70.0,70.0,15.0,15.0,0,1,100.0,100.0,0.0,50.0,66.66666666666666,-16.666666666666657,0.0,0.0,0.0,0
VCT 2025: China Kickoff,Main Event,Lower Round 1,Xi Lai Gaming,All Gamers,50.0,50.0,0,0,50.0,1499.6454229400324,1500.0,50.0,50.0,50.0,0,0,0.0,1482.4,1500.0,50.0,1.1011025641025642,0.6940000000000001,130.0,130.0,203.65897435897438,170.06666666666666,0.0,0.0,0.25,0.25,1.0,1.0,70.0,70.0,15.0,15.0,0,1,100.0,100.0,0.0,58.33333333333333,50.0,8.333333333333329,0.0,0.0,0.0,1
VCT 2025: China Kickoff,Main Event,Lower Round 1,Dragon Ranger Gaming,TYLOO,50.0,50.0,0,0,50.0,1496.5911573656424,1500.0,50.0,50.0,50.0,0,0,0.0,1482.4,1500.0,50.0,0.9686928104575163,0.9199999999999999,130.0,130.0,185.62745098039215,186.46666666666667,0.0,0.0,0.25,0.25,1.0,1.0,70.0,70.0,15.0,15.0,0,1,100.0,100.0,0.0,33.33333333333333,50.0,-16.66666666666667,0.0,0.0,0.0,1
VCT 2025: China Kickoff,Main Event,Lower Round 1,Nova Esports,Wolves Esports,50.0,50.0,0,0,50.0,1502.664038891706,1500.0,50.0,50.0,50.0,0,0,0.0,1482.4,1500.0,50.0,1.222948717948718,0.77,130.0,130.0,218.12307692307692,167.44444444444446,0.0,0.0,0.25,0.25,1.0,1.0,70.0,70.0,15.0,15.0,0,1,100.0,100.0,0.0,33.33333333333333,33.33333333333333,0.0,0.0,0.0,0.0,1
VCT 2025: China Kickoff,Main Event,Upper Semifinals,Bilibili Gaming,FunPlus Phoenix,50.0,50.0,0,0,37.5,1471.8883693735163,1453.9337923135488,20.5607476635514,50.0,50.0,0,0,53.333333333333336,1506.6413239032383,1490.2471260536495,0.0,0.9117414772727273,1.028927133052133,121.81818181818183,131.46315351315351,188.96174242424243,198.26531986531987,2.4295454545454547,3.4204650904650906,0.1084935064935065,0.09644653758939474,0.906909090909091,0.9932610623503481,67.7904761904762,71.39768891822463,8.693799058084773,14.25183080808081,0,1,95.83632049777542,95.7318306437526,0.10448985402281608,39.1025641025641,43.354037267080734,-4.251473164516632,0.0,26.66666666666666,-26.66666666666666,1
VCT 2025: China Kickoff,Main Event,Upper Semifinals,Trace Esports,EDward Gaming,33.33333333333334,33.33333333333334,1,1,60.0,1513.8717703534235,1495.2629277190658,46.34146341463415,66.66666666666666,66.66666666666666,1,1,66.66666666666666,1585.533095595315,1570.597134487021,100.0,1.0103174242424242,1.068439484583757,122.31022727272727,130.47331558466843,192.14598484848483,200.24718457468458,2.7124242424242424,3.272848542925942,0.0949782196969697,0.09724667927224871,0.9259431818181818,1.0167912364675966,69.27339015151514,71.85335384153662,11.366666666666667,15.262164737689947,0,1,96.14765519469415,95.99248253026715,0.15517266442699906,40.555555555555564,56.28968253968254,-15.734126984126974,0.0,42.89682539682539,-42.89682539682539,1
VCT 2025: China Kickoff,Main Event,Lower Round 2,Nova Esports,Dragon Ranger Gaming,50.0,50.0,0,0,66.66666666666666,1516.9785089799282,1500.0,50.0,50.0,50.0,0,0,66.66666666666666,1513.4726772370093,1500.0,50.0,1.183730517848165,1.0170073281837988,130.0,130.0,212.41538461538462,192.1152703505645,0.0,0.0,0.25,0.25,1.0,1.0,70.0,70.0,15.0,15.0,0,1,100.0,100.0,0.0,50.0,50.0,0.0,0.0,0.0,0.0,0
VCT 2025: China Kickoff,Main Event,Lower Round 2,JDG Esports,Xi Lai Gaming,50.0,50.0,0,0,50.0,1503.2304494944542,1500.0,50.0,50.0,50.0,0,0,66.66666666666666,1514.091569921776,1500.0,50.0,1.1917058823529412,1.2688052181736393,130.0,130.0,202.22549019607845,208.72001799370219,0.0,0.0,0.25,0.25,1.0,1.0,70.0,70.0,15.0,15.0,0,1,100.0,100.0,0.0,66.66666666666666,62.66666666666666,4.0,0.0,0.0,0.0,0
VCT 2025: China Kickoff,Main Event,Lower Round 3,FunPlus Phoenix,Dragon Ranger Gaming,50.0,50.0,0,0,46.666666666666664,1487.2866959564371,1490.2471260536495,0.0,50.0,50.0,0,0,75.0,1531.2502656797076,1500.0,50.0,1.0025298266548266,1.0952554961378491,129.7715079792003,130.0,195.8962962962963,198.25952968600026,3.1659196359196358,0.0,0.09841095656480273,0.25,0.9784769482654099,1.0,70.75695170214401,70.0,13.229244366744366,15.0,0,1,96.12305488886541,100.0,-3.8769451111345887,41.825396825396815,50.0,-8.174603174603185,28.333333333333332,0.0,28.333333333333332,0
VCT 2025: China Kickoff,Main Event,Lower Round 3,EDward Gaming,Xi Lai Gaming,50.0,50.0,0,0,66.66666666666666,1564.353574001642,1570.597134487021,100.0,50.0,50.0,0,0,75.0,1528.8165602185254,1500.0,50.0,1.0623164076606801,1.2557705802968961,132.3558783219506,130.0,199.7299196174196,209.40112460638778,3.098489568566968,0.0,0.09721240016301341,0.25,1.0347692605745715,1.0,72.48112662224653,70.0,15.797124155382075,15.0,0,1,96.62274310248162,100.0,-3.3772568975183788,54.8952380952381,66.11111111111111,-11.215873015873015,39.32539682539682,0.0,39.32539682539682,1
VCT 2025: China Kickoff,Main Event,Upper Final,Bilibili Gaming,Trace Esports,50.0,50.0,0,0,44.44444444444444,1491.2429973203175,1453.9337923135488,20.5607476635514,50.0,50.0,0,0,66.66666666666666,1535.0512919470964,1495.2629277190658,46.34146341463415,0.9364197746697747,1.1539682239057238,121.81818181818183,122.31022727272727,189.64975394975394,198.65869107744106,2.1595959595959595,2.2603535353535356,0.1084935064935065,0.0949782196969697,0.906909090909091,0.9259431818181818,67.7904761904762,69.27339015151514,8.693799058084773,11.366666666666667,0,1,95.97349858543858,96.39939931222762,-0.42590072678903823,42.460317460317455,44.28571428571429,-1.8253968253968367,0.0,0.0,0.0,0
VCT 2025: China Kickoff,Main Event,Lower Round 4,Dragon Ranger Gaming,EDward Gaming,50.0,50.0,0,0,80.0,1544.5370984677181,1500.0,50.0,50.0,50.0,0,0,66.66666666666666,1578.0042602270007,1570.597134487021,100.0,1.0722043969102795,1.0774275187717912,130.0,132.3531274413724,196.176854518031,200.18177146927147,0.0,2.839230309307709,0.25,0.0965171372136349,1.0,1.0388241063631931,70.0,72.4841834703967,15.0,15.236100187938424,0,1,100.0,96.63537487561133,3.3646251243886667,60.0,54.53262786596119,5.467372134038811,0.0,32.380952380952365,-32.380952380952365,0
VCT 2025: China Kickoff,Main Event,Lower Final,Bilibili Gaming,EDward Gaming,33.333333333333336,33.333333333333336,1,1,40.0,1477.9494786275352,1453.9337923135488,20.5607476635514,66.66666666666666,66.66666666666666,1,1,73.33333333333333,1593.9141426544472,1570.597134487021,100.0,0.9402152972027972,1.1475720409163133,121.81818181818183,133.70690825772095,190.47227855477854,205.0186013061013,1.9436363636363638,2.6751277452051445,0.1084935064935065,0.0939627510862031,0.906909090909091,1.0597661579906161,67.7904761904762,73.17854979987334,8.693799058084773,16.242412326235854,0,1,96.10520721720184,97.32545692640666,-1.220249709204822,42.470238095238095,55.68027210884353,-13.210034013605437,0.0,29.047619047619033,-29.047619047619033,0
VCT 2025: China Kickoff,Main Event,Grand Final,Trace Esports,EDward Gaming,50.0,50.0,2,2,71.42857142857143,1548.3448106398787,1495.2629277190658,46.34146341463415,50.0,50.0,2,2,73.33333333333333,1605.8485791116939,1570.597134487021,100.0,1.139562049062049,1.1377771691214416,122.31022727272727,133.21606062195457,200.36816378066376,205.4032166907167,1.9374458874458875,2.49051236058976,0.0949782196969697,0.0950513338871311,0.9259431818181818,1.0532812353281393,69.27339015151514,72.69640477986067,11.366666666666667,16.34165355885944,0,1,96.61209410882189,97.41301109540967,-0.8009169865877794,47.037037037037024,58.04906204906204,-11.012025012025013,0.0,27.43145743145744,-27.43145743145744,0
VCT 2025: EMEA Stage 1,Group Stage,Week 1,Team Vitality,GIANTX,50.0,50.0,0,0,71.42857142857143,1552.076890384702,1481.7669044244055,34.92063492063492,50.0,50.0,0,0,33.33333333333333,1483.087211318831,1500.0,50.0,1.125755339898197,0.8792307692307691,135.2606869321155,120.87339743589745,206.6068550497122,181.34294871794873,3.4377019805591233,3.4903846153846154,0.09577508206079635,0.09657051282051284,1.058646940361226,0.9041185897435898,72.27356294499153,70.51923076923077,28.775850340136056,27.73611111111111,0,1,95.30046044711092,97.82286910636304,-2.5224086592521218,58.484848484848484,49.99999999999999,8.484848484848492,0.0,0.0,0.0,1
VCT 2025: EMEA Stage 1,Group Stage,Week 1,BBL Esports,Karmine Corp,50.0,50.0,0,0,50.0,1501.4260850402907,1500.0,50.0,50.0,50.0,0,0,33.33333333333333,1482.5635270478406,1500.0,50.0,0.9790294117647058,1.140105672105672,127.24705882352941,125.1975135975136,194.01666666666665,191.6994560994561,3.0882352941176467,3.660916860916861,0.1173921568627451,0.10476456876456879,0.9548333333333333,1.0488298368298368,69.7764705882353,75.64646464646465,30.205929487179485,30.888888888888886,0,1,97.37627402120145,97.27258535643081,0.10368866477064387,46.666666666666664,44.44444444444444,2.2222222222222214,0.0,0.0,0.0,1
VCT 2025: EMEA Stage 1,Group Stage,Week 1,Team Heretics,Apeks,50.0,50.0,0,0,66.66666666666666,1551.3752426042636,1563.004296110152,59.4059405940594,50.0,50.0,0,0,0.0,1467.4221953148683,1500.0,50.0,1.0483718359365317,0.8577556818181817,127.7519431295928,120.78693181818181,192.63956517450933,180.8465909090909,3.4387010790556016,3.0568181818181817,0.10103710492807698,0.10647727272727273,0.9930538858205603,0.9015909090909091,72.53070556266856,71.79261363636363,20.037176742604373,29.095238095238095,0,1,95.58917909305407,97.78068181818182,-2.191502725127748,55.714285714285715,25.0,30.714285714285715,0.0,0.0,0.0,1
VCT 2025: EMEA Stage 1,Group Stage,Week 1,FUT Esports,KOI,50.0,50.0,0,0,30.0,1455.414786695147,1439.0126627366574,0.0,50.0,50.0,0,0,0.0,1470.1648086405903,1500.0,50.0,0.9439098039215686,0.8800490196078431,125.81908588143884,121.83088235294117,190.97682983682984,183.25245098039215,2.7234389140271493,3.438725490196078,0.10657137894784954,0.12009803921568629,0.9473470359705655,0.8591666666666666,69.01011563599799,68.43872549019608,26.525152070152068,24.805555555555557,0,1,94.57267466787172,97.87083333333334,-3.2981586654616137,33.75,50.0,-16.25,0.0,0.0,0.0,1
VCT 2025: EMEA Stage 1,Group Stage,Week 1,FNATIC,Natus Vincere,66.66666666666666,66.66666666666666,1,1,53.333333333333336,1537.5035664775849,1548.1407548990458,39.42307692307692,33.33333333333334,33.33333333333334,1,1,20.0,1467.5737084294892,1495.5668945620932,36.66666666666667,1.1244382524338405,1.0022804515745691,131.0687465965407,126.01568627450982,197.94929087252615,189.52507427213308,3.538290723437782,3.841830065359477,0.09775420706744237,0.10407605466428996,1.0353890101184218,0.9720582293523471,71.59624362565539,71.1562091503268,24.075593203093202,22.232219251336897,0,1,94.99157024593242,98.01993428901264,-3.0283640430802166,50.7996632996633,36.66666666666666,14.132996632996644,20.244107744107737,0.0,20.244107744107737,1
VCT 2025: EMEA Stage 1,Group Stage,Week 1,Team Liquid,Gentle Mates,50.0,50.0,0,0,60.0,1549.5251016190875,1493.0518077430106,18.269230769230766,50.0,50.0,0,0,50.0,1502.4101969026694,1500.0,50.0,1.0592055441604507,1.0524596059577678,130.609245716917,124.43477092760182,196.8665661111845,190.66480015082956,3.6468300916813505,3.3123868778280543,0.09936042917761859,0.09525216817496229,1.0051459363542685,1.0133347473604828,71.35146836586733,69.22362839366517,24.055276760276758,33.166666666666664,0,1,95.01811149038139,94.68569702693287,0.3324144634485151,63.174603174603185,61.11111111111111,2.0634920634920775,16.746031746031754,0.0,16.746031746031754,0
VCT 2025: EMEA Stage 1,Group Stage,Week 2,Team Liquid,BBL Esports,66.66666666666666,66.66666666666666,1,1,53.333333333333336,1532.2764088729912,1493.0518077430106,18.269230769230766,33.333333333333336,33.333333333333336,1,1,60.0,1515.8016746099863,1500.0,50.0,1.061761099716006,0.9740013071895424,130.85739386506515,126.47542483660132,196.648047592666,192.00222222222223,3.6690523139035722,3.203921568627451,0.0965826513998408,0.11124705882352941,1.009479269687602,0.9457555555555555,71.4033202177192,69.3767320261438,25.65527676027676,29.92474358974359,0,1,95.0924614993856,97.56875750871428,-2.476296009328678,62.61592066470114,46.666666666666664,15.949253998034479,16.172161172161182,0.0,16.172161172161182,1
VCT 2025: EMEA Stage 1,Group Stage,Week 2,Apeks,Natus Vincere,50.0,50.0,0,0,0.0,1455.8252139674712,1500.0,50.0,50.0,50.0,0,0,16.666666666666664,1453.4690627822665,1495.5668945620932,36.66666666666667,0.8722537878787878,0.9731124975242622,122.17045454545455,123.95246583481878,185.02272727272725,186.01331946920183,3.1628787878787876,3.5348583877995643,0.11035984848484849,0.10521489403842345,0.8954356060606061,0.9523212517330165,69.40340909090908,70.25138641315112,33.87301587301587,21.526849376114082,0,1,98.16249976086625,97.62235408464053,0.5401456762257197,37.49999999999999,36.11111111111111,1.3888888888888857,0.0,0.0,0.0,0
VCT 2025: EMEA Stage 1,Group Stage,Week 2,FUT Esports,Gentle Mates,50.0,50.0,0,0,36.36363636363637,1473.7615280960927,1439.0126627366574,0.0,50.0,50.0,0,0,60.0,1519.6588896487658,1500.0,50.0,1.0052899043915087,1.0678500377073905,127.77768137982042,125.1595814479638,195.5739775376139,191.7906636500754,2.9221345499420366,3.3087330316742083,0.10242026185341695,0.10031938159879336,0.9818857351798528,1.0140795625942685,70.38109685917173,69.72007918552036,30.363774609229154,32.089285714285715,0,1,93.5663893391725,95.24645699027249,-1.6800676510999892,37.407407407407405,61.33333333333335,-23.925925925925945,0.0,0.0,0.0,1
VCT 2025: EMEA Stage 1,Group Stage,Week 2,Team Heretics,GIANTX,50.0,50.0,0,0,69.23076923076923,1562.9722239516607,1563.004296110152,59.4059405940594,50.0,50.0,0,0,25.0,1468.9367931352806,1500.0,50.0,1.059138104967055,0.865576923076923,128.53598169227368,121.19350961538461,194.02626528929065,181.56490384615384,3.439142876393205,3.0408653846153846,0.10074365241224198,0.10896634615384618,1.0001266638343635,0.8986658653846155,72.6907367587026,68.6201923076923,19.265086223942497,25.239583333333332,0,1,95.67632888033157,98.0857925812997,-2.409463700968132,55.00000000000001,39.44444444444444,15.555555555555564,0.0,0.0,0.0,1
VCT 2025: EMEA Stage 1,Group Stage,Week 2,Team Vitality,FNATIC,50.0,50.0,0,0,75.0,1566.2273085682523,1481.7669044244055,34.92063492063492,50.0,50.0,0,0,53.333333333333336,1551.6082121248076,1548.1407548990458,39.42307692307692,1.166643065268065,1.1242079494035375,135.15667249417248,129.971372859167,207.26314102564103,196.62686663010194,3.525846375846376,3.5455634507105094,0.09076748251748251,0.09735016666340196,1.0707803585303584,1.0263748687042804,73.09651043401044,71.07099110040286,30.49136904761905,23.050593203093204,0,1,95.46266894466278,95.3246667119176,0.13800223274517975,62.56410256410256,51.587301587301596,10.976800976800966,0.0,17.59259259259258,-17.59259259259258,0
VCT 2025: EMEA Stage 1,Group Stage,Week 2,KOI,Karmine Corp,50.0,50.0,0,0,0.0,1451.8180672396447,1500.0,50.0,50.0,50.0,0,0,25.0,1468.187937478145,1500.0,50.0,0.8336690433749258,1.236607031857032,119.76604278074866,126.46757964257964,179.95617944147355,193.0107031857032,2.9288472964943555,3.5234654234654235,0.13188354129530602,0.10746231546231547,0.833989898989899,1.0438445998445998,66.14096850861557,74.27651515151516,23.737037037037037,31.291666666666664,0,1,97.86102492034418,97.61873432002476,0.2422906003194214,44.44444444444444,44.44444444444444,0.0,0.0,0.0,0.0,0
VCT 2025: EMEA Stage 1,Group Stage,Week 3,KOI,BBL Esports,50.0,50.0,0,0,0.0,1435.046700579449,1500.0,50.0,50.0,50.0,0,0,50.0,1501.3218899682304,1500.0,50.0,0.8145851158645276,0.9735427559912854,115.99119875222817,125.8441040305011,173.2504679144385,191.01226851851854,2.8299688057041,3.190767973856209,0.12707932263814617,0.1110392156862745,0.8204924242424242,0.9458379629629631,66.20572638146167,68.98061002178649,26.865277777777777,27.437286324786324,0,1,97.9749249399603,97.78058003727287,0.19434490268743332,38.333333333333336,47.61904761904761,-9.285714285714278,0.0,0.0,0.0,0
VCT 2025: EMEA Stage 1,Group Stage,Week 3,Natus Vincere,GIANTX,50.0,50.0,0,0,28.57142857142857,1468.772140735429,1495.5668945620932,36.66666666666667,50.0,50.0,0,0,20.0,1457.753163383106,1500.0,50.0,0.9853345216874628,0.8487948717948719,125.54973262032085,121.2548076923077,187.5447500212206,181.84081196581195,3.67749766573296,2.8993589743589743,0.10285086155674392,0.11417307692307695,0.9634182157711569,0.8874882478632479,70.66309311603429,67.91837606837608,22.480156608097786,26.877380952380953,0,1,97.60193864245377,98.11756705634163,-0.5156284138878533,41.48148148148148,39.25925925925926,2.2222222222222214,0.0,0.0,0.0,1
VCT 2025: EMEA Stage 1,Group Stage,Week 3,Team Liquid,FUT Esports,50.0,50.0,2,2,53.333333333333336,1546.756193514747,1493.0518077430106,18.269230769230766,50.0,50.0,2,2,41.66666666666667,1490.9578975587037,1439.0126627366574,0.0,1.04586366381857,1.0224532456922162,130.59158189925319,128.45245793150204,195.9648567094751,197.1667710761461,3.637713282564541,3.0952900041135334,0.09575074256793197,0.10107274003229887,0.997445081653414,0.9934473405815317,70.65517206957105,70.95350545424076,25.544165649165645,32.04179339179339,0,1,95.46765825748327,93.69577282807006,1.771885429413203,62.070661896243294,41.666666666666664,20.40399522957663,16.61858974358975,0.0,16.61858974358975,1
VCT 2025: EMEA Stage 1,Group Stage,Week 3,Team Vitality,Team Heretics,66.66666666666666,66.66666666666666,1,1,66.66666666666666,1550.3881131951966,1481.7669044244055,34.92063492063492,33.333333333333336,33.333333333333336,1,1,71.42857142857143,1574.1558537038352,1563.004296110152,59.4059405940594,1.1436827246827246,1.078128240326551,133.3016576016576,129.97984014282557,204.32792022792023,196.44849634005558,3.5443420776754113,3.5372398137936902,0.09247707847707848,0.09863696295422471,1.0579586092919426,1.0130640449890518,72.29091525758193,73.2574698473667,28.725661375661375,20.389008636518035,0,1,95.53782785073089,95.52514839099382,0.012679459737071852,59.16666666666666,57.16108452950558,2.0055821371610776,0.0,0.0,0.0,0
VCT 2025: EMEA Stage 1,Group Stage,Week 3,Apeks,FNATIC,50.0,50.0,0,0,0.0,1440.5221360143087,1500.0,50.0,50.0,50.0,0,0,60.0,1567.4474074978632,1548.1407548990458,39.42307692307692,0.9046448863636363,1.140291282736871,122.26420454545455,130.28323183352595,186.94886363636363,197.8932127839481,3.553977272727273,3.7186403737874323,0.11617897727272727,0.09554247435570964,0.9172585227272727,1.032313971268383,69.37073863636363,71.59054238245416,30.967261904761905,24.46773606023606,0,1,97.93058312219954,95.45608071048305,2.474502411716486,34.76190476190476,52.30858884705039,-17.54668408514563,0.0,21.552059052059047,-21.552059052059047,0
VCT 2025: EMEA Stage 1,Group Stage,Week 3,Karmine Corp,Gentle Mates,50.0,50.0,0,0,40.0,1484.9593041383407,1500.0,50.0,50.0,50.0,0,0,50.0,1502.4625201861547,1500.0,50.0,1.3074189588189589,1.04181947586727,127.38739704739706,125.89224379922909,194.76856254856256,192.04777526395173,3.4054390054390056,3.3869071560248027,0.10396985236985239,0.1027661513323278,1.0762756798756798,0.9980292651248535,75.52787878787879,69.71117709904475,30.03333333333333,29.78253968253968,0,1,96.8871173720142,95.48247673826077,1.4046406337534307,53.333333333333336,53.8888888888889,-0.5555555555555642,0.0,0.0,0.0,1
VCT 2025: EMEA Stage 1,Group Stage,Week 4,Team Vitality,Apeks,50.0,50.0,0,0,60.0,1533.9902379357065,1481.7669044244055,34.92063492063492,50.0,50.0,0,0,0.0,1429.0802292663664,1500.0,50.0,1.1105452214452214,0.8923825757575757,131.89456876456876,121.82469696969697,202.11051282051284,185.53242424242424,3.4514463314463315,3.4298484848484847,0.09638321678321679,0.11467651515151515,1.0374704406704407,0.9147401515151514,71.46182373182373,68.40325757575758,27.719761904761906,29.473809523809525,0,1,95.25154846553403,98.14068138293773,-2.8891329174036997,56.526610644257694,31.851851851851855,24.67475879240584,0.0,0.0,0.0,1
VCT 2025: EMEA Stage 1,Group Stage,Week 4,Team Liquid,KOI,66.66666666666666,66.66666666666666,1,1,53.333333333333336,1561.553679650843,1493.0518077430106,18.269230769230766,33.333333333333336,33.333333333333336,1,1,0.0,1420.7638571825476,1500.0,50.0,1.0876858860407923,0.8001296311531606,131.95047078814207,116.97757438639792,198.25930115391955,175.41575894693543,3.5088243936756522,2.8024365830248184,0.09442852034570975,0.12735576580282465,1.017967303875636,0.8191631701631701,71.13628318068216,65.65688879747702,28.72749898249898,26.652222222222225,0,1,94.8106056500911,98.18632938783495,-3.37572373774384,63.21428571428571,38.333333333333336,24.880952380952372,12.351190476190476,0.0,12.351190476190476,1
VCT 2025: EMEA Stage 1,Group Stage,Week 4,Gentle Mates,BBL Esports,50.0,50.0,0,0,42.857142857142854,1483.9766113547437,1500.0,50.0,50.0,50.0,0,0,57.14285714285714,1515.6047333651318,1500.0,50.0,1.0049661441499678,1.0263699813258635,124.06148369604252,128.3235177404295,188.8321590174531,195.3438492063492,3.287678661208073,3.1730392156862743,0.1035797780650722,0.10831932773109243,0.9698492602169073,0.9714801587301587,68.57661333764274,69.92623716153128,29.71878306878307,30.75576923076923,0,1,95.16995717656057,96.99085994226812,-1.8209027657075438,50.0,47.61904761904761,2.3809523809523867,0.0,0.0,0.0,0
VCT 2025: EMEA Stage 1,Group Stage,Week 4,GIANTX,FNATIC,50.0,50.0,0,0,16.666666666666664,1443.035072344451,1500.0,50.0,50.0,50.0,0,0,60.0,1578.8893142458055,1548.1407548990458,39.42307692307692,0.8457665598290598,1.12333557178116,120.97275641025641,130.25572600602013,181.69025997150996,197.24799133872662,2.8952991452991452,3.7195727747198335,0.11504006410256412,0.09821380302703832,0.8836360398860399,1.0224631554175672,67.9215633903134,71.39986639177816,28.331150793650792,25.645513838013837,0,1,98.2553357155141,95.78977307068234,2.465562644831749,36.66666666666666,53.74378707712041,-17.07712041045375,0.0,21.86147186147185,-21.86147186147185,0
VCT 2025: EMEA Stage 1,Group Stage,Week 4,Karmine Corp,FUT Esports,50.0,50.0,0,0,50.0,1503.4452129697518,1500.0,50.0,50.0,50.0,0,0,38.46153846153847,1476.160411422608,1439.0126627366574,0.0,1.3257978502978502,0.9939805108164836,129.51513856513859,126.90877773558769,197.80713545713547,194.1480253720638,3.337865837865838,2.999202607347404,0.1008723128723129,0.10412631624283208,1.0972810152810153,0.9717028705959702,76.27323232323232,70.0517565139737,29.527777777777775,30.653963130886208,0,1,96.71708519954295,93.3942004371618,3.3228847623811504,55.99999999999999,37.222222222222214,18.77777777777778,0.0,0.0,0.0,0
VCT 2025: EMEA Stage 1,Group Stage,Week 4,Natus Vincere,Team Heretics,50.0,50.0,0,0,37.5,1483.4902317740841,1495.5668945620932,36.66666666666667,50.0,50.0,0,0,73.33333333333333,1590.5537289633253,1563.004296110152,59.4059405940594,1.0850843731431967,1.0907658448176014,127.85601604278075,130.26836362048337,192.0183229352347,197.27500684046214,3.662254901960784,3.532193056976675,0.09936950386215093,0.09775347311625075,0.9918103832442068,1.0195264419897816,71.5315953654189,73.40440775497815,24.211803698752227,21.88688425122636,0,1,96.54394754007933,95.59482441262381,0.9491231274555219,46.0,58.58874458874459,-12.58874458874459,0.0,0.0,0.0,0
VCT 2025: EMEA Stage 1,Group Stage,Week 5,BBL Esports,FUT Esports,50.0,50.0,0,0,62.5,1531.606962782797,1500.0,50.0,50.0,50.0,0,0,42.857142857142854,1492.5516495018821,1439.0126627366574,0.0,1.1484308765172735,1.0002508104640457,131.5687923085901,127.39008352758353,201.1937251984127,195.07862860179037,3.2585521708683474,3.06228477404948,0.10263655462184874,0.1041256970154029,1.0164737103174604,0.9784299764777706,71.14974323062557,69.97663104868987,34.161298076923075,31.623124494553064,0,1,94.97183361500122,93.57813438777907,1.3936992272221431,54.81481481481482,42.789115646258495,12.025699168556322,0.0,0.0,0.0,1
VCT 2025: EMEA Stage 1,Group Stage,Week 5,GIANTX,Apeks,50.0,50.0,0,0,14.285714285714285,1433.4931078285138,1500.0,50.0,50.0,50.0,0,0,0.0,1416.638805781081,1500.0,50.0,0.8635141941391941,0.8885006313131312,122.02060439560441,122.55088383838385,183.56967338217336,187.00429292929292,3.13003663003663,3.3582070707070706,0.11399038461538462,0.10920012626262626,0.8925671550671551,0.9033440656565657,68.21848290598291,68.88150252525251,27.6171768707483,33.361507936507934,0,1,98.21246295946749,98.08261986455871,0.12984309490877877,35.6043956043956,30.909090909090914,4.695304695304685,0.0,0.0,0.0,1
VCT 2025: EMEA Stage 1,Group Stage,Week 5,Gentle Mates,KOI,66.66666666666666,66.66666666666666,1,1,37.5,1467.9743819370785,1500.0,50.0,33.33333333333334,33.33333333333334,1,1,0.0,1409.9294970957242,1500.0,50.0,0.9697999215857672,0.817986813839755,121.8037982340372,118.75403926139221,185.20541186754423,178.27070821335528,3.2062642831025183,2.8050607888843184,0.10835957853421088,0.11900859271447507,0.9423681026897939,0.8415753690753691,67.8795366704374,66.72922551304904,29.61609977324263,28.34351851851852,0,1,94.81452898186589,97.58798924805137,-2.773460266185481,42.116402116402114,33.33333333333333,8.783068783068785,0.0,0.0,0.0,0
VCT 2025: EMEA Stage 1,Group Stage,Week 5,Team Vitality,Natus Vincere,50.0,50.0,0,0,63.63636363636363,1546.431661420992,1481.7669044244055,34.92063492063492,50.0,50.0,0,0,33.33333333333333,1471.148343545294,1495.5668945620932,36.66666666666667,1.1306609451154905,1.0432373915119013,132.96200466200466,125.47885186708716,204.32360669633397,188.14449218174707,3.435199144290053,3.3579017931959108,0.09753846153846156,0.10465323420225382,1.055055772510318,0.9633186312598077,71.92397198760835,69.56654630772279,29.641341991341992,26.35493662111309,0,1,95.07189382929863,95.69040632525805,-0.6185124959594219,58.847117794486216,43.63636363636365,15.210754158122569,19.6031746031746,0.0,19.6031746031746,0
VCT 2025: EMEA Stage 1,Group Stage,Week 5,Team Liquid,Karmine Corp,50.0,50.0,0,0,60.0,1572.3880397376663,1493.0518077430106,18.269230769230766,50.0,50.0,0,0,42.857142857142854,1487.0539748904775,1500.0,50.0,1.1092388272172629,1.2768743478743478,132.1494250365081,128.63202353202354,198.89590246110907,196.62516372516373,3.4502623021723844,3.527694527694528,0.0934245987770823,0.10027150627150629,1.0265006372089696,1.0774789654789656,71.9156295859109,75.75800865800865,31.28305453805454,28.690476190476193,0,1,94.90869347075541,96.51862481920416,-1.6099313484487539,64.41489361702128,47.61904761904761,16.795845997973665,15.208333333333336,0.0,15.208333333333336,1
VCT 2025: EMEA Stage 1,Group Stage,Week 5,FNATIC,Team Heretics,33.333333333333336,33.333333333333336,1,1,60.0,1588.4312787617428,1548.1407548990458,39.42307692307692,66.66666666666666,66.66666666666666,1,1,73.33333333333333,1602.8956171921154,1563.004296110152,59.4059405940594,1.1244189051144933,1.1144305621665294,131.44641228052993,130.49799325011298,198.6862266328443,198.7081452420216,3.7112394413865,3.597300269452309,0.10015743047801871,0.09488407740474977,1.0254582534567829,1.0279280014439727,71.57339580354285,74.1517761760308,26.188013838013838,23.677624991967097,0,1,95.76602678814558,95.46200791418144,0.3040188739641394,54.08333902122722,60.050505050505045,-5.967166029277827,25.187795296490943,0.0,25.187795296490943,0
VCT 2025: Pacific Stage 1,Group Stage,Week 1,DetonatioN FocusMe,Global Esports,66.66666666666666,66.66666666666666,1,1,50.0,1503.1011810908387,1500.0,50.0,33.33333333333334,33.33333333333334,1,1,33.33333333333333,1479.5764008650726,1500.0,50.0,1.0326584353146853,0.9807023001508295,124.7525641025641,125.29798265460029,191.6556891025641,187.956919306184,2.959163752913753,3.1189668174962293,0.09537419871794872,0.10920060331825038,0.9897564831002331,0.9683380467571645,71.66016171328671,68.50320512820512,38.36904761904762,32.833333333333336,0,1,93.4495165031641,98.17048932454755,-4.720972821383441,44.44444444444444,53.333333333333336,-8.888888888888893,0.0,0.0,0.0,0
VCT 2025: Pacific Stage 1,Group Stage,Week 1,T1,ZETA DIVISION,50.0,50.0,0,0,62.5,1535.9496082782457,1503.0368048028495,50.0,50.0,50.0,0,0,40.0,1426.3211883546455,1455.3201260619624,17.75700934579439,0.9798603621797356,0.9074678401663695,127.5455745235157,122.88434050154639,191.86867901919052,188.78075948017124,3.7864818259319537,3.1304756463579992,0.10340308008274761,0.10247425308895898,0.9694253386213105,0.8828905552508494,69.68779045620478,66.79863263098557,25.065295815295816,12.102550875050875,0,1,96.98975220970394,94.91922428864409,2.070527921059849,53.333333333333336,31.51515151515152,21.818181818181817,0.0,0.0,0.0,1
VCT 2025: Pacific Stage 1,Group Stage,Week 1,DRX,Paper Rex,66.66666666666666,66.66666666666666,1,1,66.66666666666666,1629.7093990336623,1579.0407811572811,60.57692307692308,33.33333333333334,33.33333333333334,1,1,53.333333333333336,1513.8388237012716,1535.3028339316259,39.42307692307692,1.0373264994264995,1.0270878759785107,128.59030464633406,130.7652632206115,196.19735280514695,198.35881132799088,4.167316376434024,3.095670377094526,0.10355304793245972,0.1034761099323793,0.997173895712131,0.9928864845165155,72.20929575326635,72.27815553211839,22.03995670995671,16.598364413364415,0,1,96.10174981018986,95.20855615558283,0.8931936546070318,55.076114361828644,48.72082166199814,6.355292699830507,32.57284382284382,22.129629629629626,10.443214193214196,1
VCT 2025: Pacific Stage 1,Group Stage,Week 1,TALON,Team Secret,50.0,50.0,0,0,33.33333333333333,1468.4527344140545,1462.0366204070108,0.0,50.0,50.0,0,0,33.33333333333333,1473.3688488896842,1503.4468002875042,51.76470588235295,0.9626866281866282,1.088970473970474,119.86791726791726,133.44007381507382,184.72243867243867,199.29272694897693,2.941798941798942,2.842009842009842,0.10471813371813372,0.09216823685573687,0.9026329966329967,1.0056984913234912,68.44877344877345,72.28988603988604,27.438888888888886,20.116329966329968,0,1,96.36895376014544,93.40449902099938,2.9644547391460634,37.03703703703704,49.58333333333333,-12.54629629629629,0.0,0.0,0.0,1
VCT 2025: Pacific Stage 1,Group Stage,Week 1,Gen.G,BOOM Esports,50.0,50.0,0,0,50.0,1513.3868479052026,1490.1836859965138,34.92063492063492,50.0,50.0,0,0,0.0,1445.6673642957578,1472.83688211738,0.0,1.132407451923077,0.9200977182539682,127.44172008547008,121.24112103174603,196.50384615384615,184.70858134920636,3.58548344017094,3.471626984126984,0.09919484508547009,0.10820982142857144,1.0207083333333333,0.9147837301587303,72.23318643162393,69.08040674603174,28.407251602564102,17.175595238095237,0,1,94.69776059208046,97.82123370140071,-3.1234731093202583,61.21212121212122,55.55555555555555,5.656565656565668,0.0,0.0,0.0,0
VCT 2025: Pacific Stage 1,Group Stage,Week 1,Nongshim RedForce,Rex Regum Qeon,66.66666666666666,66.66666666666666,1,1,60.0,1513.2856429782291,1500.0,50.0,33.33333333333334,33.33333333333334,1,1,50.0,1498.5464949554628,1500.0,50.0,1.1013335561497326,1.1603258547008548,130.02486631016043,130.5158920940171,200.67052139037432,199.78605769230768,3.936363636363636,4.090010683760684,0.07884358288770053,0.09621928418803419,1.0594772727272725,1.0643002136752138,76.29966577540107,75.4286858974359,34.16349206349206,32.81344696969697,0,1,96.76574938426486,98.54286113029752,-1.7771117460326593,61.9047619047619,40.0,21.904761904761898,0.0,0.0,0.0,1
VCT 2025: Pacific Stage 1,Group Stage,Week 2,Team Secret,ZETA DIVISION,50.0,50.0,0,0,28.57142857142857,1457.9537875760518,1503.4468002875042,51.76470588235295,50.0,50.0,0,0,40.0,1415.7642556137134,1455.3201260619624,17.75700934579439,1.0754985014985015,0.9195063017048312,132.6438727938728,122.23690460411049,198.50805167055165,188.54870819811995,2.9121989121989125,3.301843167725521,0.09357277444777445,0.1027092958240017,0.9982177544677544,0.8935016663619605,71.14371184371184,66.7242736566266,22.24256854256854,12.764089336589336,0,1,93.8601650296272,95.12449305367835,-1.264328024051153,46.29629629629629,32.82828282828283,13.46801346801346,0.0,0.0,0.0,0
VCT 2025: Pacific Stage 1,Group Stage,Week 2,T1,Nongshim RedForce,50.0,50.0,0,0,66.66666666666666,1546.5065410191778,1503.0368048028495,50.0,50.0,50.0,0,0,66.66666666666666,1527.8412048188948,1500.0,50.0,1.0036185675515779,1.0749348262032086,128.1808615647625,126.37366310160428,193.5148491866489,194.30386586452764,3.7283347224658296,3.7508912655971476,0.10331735773437214,0.0839382798573975,0.9836997162013988,1.0351526292335116,70.04996578563231,75.12227049910872,27.97867564534231,34.23148148148148,0,1,96.82957807032943,96.48701386383588,0.3425642064935488,52.38095238095239,60.74074074074074,-8.359788359788354,0.0,0.0,0.0,1
VCT 2025: Pacific Stage 1,Group Stage,Week 2,Gen.G,Paper Rex,50.0,50.0,0,0,44.44444444444444,1492.3991824901796,1490.1836859965138,34.92063492063492,50.0,50.0,0,0,46.666666666666664,1503.5281203261313,1535.3028339316259,39.42307692307692,1.1085035936285936,1.0294355883968114,128.96839765173098,130.11532858008866,197.09432789432788,197.40221002080133,3.6921468963135626,3.079461226767728,0.10160753906587242,0.10398591385394791,1.0088114478114478,0.9919819093531167,71.1365697574031,71.96129278702034,27.273112535612533,17.500637140637142,0,1,94.86414123832549,95.19677987333309,-0.3326386350075978,56.41025641025641,46.56101614434947,9.849240265906936,0.0,21.88390313390314,-21.88390313390314,1
VCT 2025: Pacific Stage 1,Group Stage,Week 2,DRX,DetonatioN FocusMe,50.0,50.0,0,0,73.33333333333333,1640.0201024088026,1579.0407811572811,60.57692307692308,50.0,50.0,0,0,40.0,1484.3113071235246,1500.0,50.0,1.04643879889174,1.0050498251748252,128.59493922743923,123.1251282051282,196.90038310817724,189.43224358974356,4.213662187485717,2.9365617715617716,0.10122862725509786,0.09814551282051284,1.0023895819866409,0.9698051864801865,72.33229040567275,71.02043706293706,23.93106782106782,32.964285714285715,0,1,96.1028384058415,93.97691665388243,2.125921751959069,56.55857214680744,37.5,19.058572146807442,33.835470085470085,0.0,33.835470085470085,1
VCT 2025: Pacific Stage 1,Group Stage,Week 2,TALON,Rex Regum Qeon,50.0,50.0,0,0,42.857142857142854,1483.8677957276868,1462.0366204070108,0.0,50.0,50.0,0,0,40.0,1483.990933114797,1500.0,50.0,1.0114298082869513,1.157994017094017,122.34710368996083,128.37271367521367,188.69859822716964,196.06884615384615,2.997732426303855,3.9653418803418803,0.1024568130282416,0.09004209401709402,0.9278124098124099,1.0579735042735043,69.09101216244073,75.48961538461539,29.48333333333333,33.750757575757575,0,1,96.0048882134639,98.62350572737796,-2.61861751391406,40.0,42.5,-2.5,0.0,0.0,0.0,0
VCT 2025: Pacific Stage 1,Group Stage,Week 2,BOOM Esports,Global Esports,50.0,50.0,0,0,20.0,1466.6550297107808,1472.83688211738,0.0,50.0,50.0,0,0,50.0,1498.3662748323868,1500.0,50.0,0.9595327200577201,1.0211933917797889,124.61107864357864,127.22348699095022,191.2032287157287,190.35102281297134,3.540937950937951,3.139225113122172,0.11056785714285715,0.10473378582202111,0.9398269841269842,0.9932535350678734,69.82796176046176,69.79407051282051,21.81547619047619,38.98214285714286,0,1,97.3787933204743,97.81100383543784,-0.43221051496354335,63.33333333333333,55.99999999999999,7.333333333333336,0.0,0.0,0.0,1
VCT 2025: Pacific Stage 1,Group Stage,Week 3,Gen.G,DetonatioN FocusMe,66.66666666666666,66.66666666666666,1,1,50.0,1508.0858972415976,1490.1836859965138,34.92063492063492,33.333333333333336,33.333333333333336,1,1,33.33333333333333,1474.1101753253743,1500.0,50.0,1.1099032342657342,0.9442081876456876,129.5840578865579,119.55982905982906,197.8411451048951,183.33798076923077,3.6104322066822063,2.802690365190365,0.10282178515928517,0.1011212606837607,1.009055303030303,0.9329487665112666,71.46666278166279,68.75036421911422,28.888658424908424,38.871428571428574,0,1,95.12762929329453,93.79101851231619,1.3366107809783472,60.84656084656085,32.22222222222222,28.624338624338627,0.0,0.0,0.0,1
VCT 2025: Pacific Stage 1,Group Stage,Week 3,Rex Regum Qeon,ZETA DIVISION,50.0,50.0,0,0,50.0,1501.5846953601952,1500.0,50.0,50.0,50.0,0,0,40.0,1435.4910022517804,1455.3201260619624,17.75700934579439,1.1660556203056203,0.9104920566905861,129.6893826081326,121.72807269527858,198.05737179487178,187.46665691606867,3.8196030821030824,3.431757697640051,0.086701745014245,0.10023066334536924,1.0649779202279201,0.8894048002650944,75.02922494172493,66.11059844295139,35.29229797979798,13.119644892144892,0,1,98.62906934663575,95.27828745559219,3.350781891043553,49.66666666666666,34.18181818181818,15.484848484848477,0.0,0.0,0.0,1
VCT 2025: Pacific Stage 1,Group Stage,Week 3,Paper Rex,BOOM Esports,50.0,50.0,0,0,46.666666666666664,1487.8414055747132,1535.3028339316259,39.42307692307692,50.0,50.0,0,0,33.33333333333333,1485.8569762564134,1472.83688211738,0.0,1.0392461944574174,1.0790550444925444,131.23578312554318,130.04626924001926,198.65145244504376,198.66935726310726,3.1912036510101527,3.5063371813371815,0.10150106536909943,0.10825099206349208,1.0013114548076623,1.0011521164021164,72.40636854459609,71.50478294853295,18.70972804972805,24.124007936507937,0,1,95.51291818668643,94.63713404172388,0.8757841449625516,44.53216374269006,67.61904761904762,-23.08688387635756,22.685185185185187,0.0,22.685185185185187,0
VCT 2025: Pacific Stage 1,Group Stage,Week 3,TALON,Nongshim RedForce,66.66666666666666,66.66666666666666,1,1,37.5,1466.2740334822886,1462.0366204070108,0.0,33.333333333333336,33.333333333333336,1,1,57.14285714285714,1511.1858237619833,1500.0,50.0,0.9898087745587746,1.0429917557932264,122.16910034410034,125.87266361089891,187.22665806415807,192.8604564553094,2.9114774114774113,3.691240132416603,0.10493817293817294,0.08518519225872168,0.9195281662781662,1.0161308250572956,68.87771256521256,73.80956518971225,27.922916666666666,34.91269841269841,0,1,96.18499089931369,96.36166181257207,-0.17667091325837703,35.51587301587302,56.666666666666664,-21.150793650793645,0.0,0.0,0.0,1
VCT 2025: Pacific Stage 1,Group Stage,Week 3,DRX,Global Esports,50.0,50.0,0,0,73.33333333333333,1650.2212342069529,1579.0407811572811,60.57692307692308,50.0,50.0,0,0,40.0,1479.1643282867542,1500.0,50.0,1.0936311065840478,0.9767728952420128,129.26160589410588,127.9060623200329,197.762348920143,191.33536370492251,4.135457059280589,2.9113800904977376,0.09861324263971323,0.10451430138488962,1.0174066760037348,0.9669664644179351,73.15964083302318,69.10798368298369,28.619956709956707,36.58571428571429,0,1,95.7229702650888,97.3131221138256,-1.5901518487367952,58.01472112792867,47.61904761904761,10.395673508881053,35.4532967032967,0.0,35.4532967032967,1
VCT 2025: Pacific Stage 1,Group Stage,Week 3,T1,Team Secret,50.0,50.0,0,0,70.0,1563.1619220760892,1503.0368048028495,50.0,50.0,50.0,0,0,25.0,1438.2270409379848,1503.4468002875042,51.76470588235295,1.0243233774630869,1.0700996503496505,129.28277540828623,133.1883886946387,195.503364267984,199.54069905788657,3.6488345835525804,2.8366355866355866,0.10358562196093493,0.09572233148795649,0.9949297445812588,0.9999789966977467,70.19163587373575,71.57767094017095,30.523665223665223,22.868497474747475,0,1,96.76939333237628,94.25439505280875,2.5149982795675356,54.42176870748299,45.0,9.42176870748299,0.0,0.0,0.0,1
VCT 2025: Pacific Stage 1,Group Stage,Week 4,Nongshim RedForce,Team Secret,50.0,50.0,0,0,50.0,1494.0318440588148,1500.0,50.0,50.0,50.0,0,0,22.22222222222222,1428.2688241677645,1503.4468002875042,51.76470588235295,1.0230024017036885,1.0484545911604737,124.60973450569038,132.4158226305285,190.81059170608802,198.14728805145472,3.6144505004799123,2.9397545083819594,0.08530627399561223,0.09613226851217048,1.0043067796174414,0.9926610689600887,72.93913877176745,70.9579297245964,35.44146825396825,23.428563411896747,0,1,96.42485375069516,94.53476541189005,1.8900883388051142,55.753968253968246,40.35714285714286,15.396825396825385,0.0,0.0,0.0,1
VCT 2025: Pacific Stage 1,Group Stage,Week 4,DRX,BOOM Esports,50.0,50.0,0,0,73.33333333333333,1659.794353687135,1579.0407811572811,60.57692307692308,50.0,50.0,0,0,42.857142857142854,1501.143792342313,1472.83688211738,0.0,1.1297010366539777,1.0795471809936095,130.89657092907092,130.46823077715936,199.8290155868097,200.1005205112348,4.003988527812058,3.6393604411461555,0.09783468786115845,0.10412585034013606,1.0258169324139912,1.013576814058957,73.90556157894393,72.37017109874253,32.88460317460318,26.772959183673468,0,1,95.57738991004923,94.92197332584485,0.6554165842043886,59.23698523698523,63.33333333333333,-4.096348096348102,32.457264957264954,0.0,32.457264957264954,0
VCT 2025: Pacific Stage 1,Group Stage,Week 4,T1,Rex Regum Qeon,50.0,50.0,0,0,72.72727272727273,1573.1201388463096,1503.0368048028495,50.0,50.0,50.0,0,0,57.14285714285714,1515.876407065896,1500.0,50.0,1.0427687269866446,1.2077619602619603,130.772220068139,132.4194708069708,197.4323513547329,202.5253663003663,3.6201526517144673,3.673945498945499,0.10336066642913276,0.08803006715506716,1.0025118890132658,1.0881715506715506,70.50249725895169,75.5774309024309,32.01141282959465,36.08387445887446,0,1,96.80746857927107,97.64100659145646,-0.8335380121853859,58.92857142857143,54.166666666666664,4.761904761904766,0.0,0.0,0.0,0
VCT 2025: Pacific Stage 1,Group Stage,Week 4,Gen.G,Global Esports,50.0,50.0,0,0,54.54545454545454,1523.9702587764657,1490.1836859965138,34.92063492063492,50.0,50.0,0,0,33.33333333333333,1469.591208806572,1500.0,50.0,1.1613665766052128,0.927613776338041,131.494598078689,124.46717314548196,200.88588948929856,186.12795460258698,3.560998975771703,2.698877348142054,0.09862586529631985,0.11361040266922619,1.0358078512396693,0.9356538718634307,72.98181464999647,68.07483488733489,32.3129218004218,35.21031746031746,0,1,94.49099595583041,96.53279298270047,-2.041797026870057,62.73809523809523,42.96296296296296,19.775132275132265,0.0,0.0,0.0,1
VCT 2025: Pacific Stage 1,Group Stage,Week 4,TALON,ZETA DIVISION,50.0,50.0,0,0,44.44444444444444,1483.428013185457,1462.0366204070108,0.0,50.0,50.0,0,0,33.33333333333333,1421.1992905460795,1455.3201260619624,17.75700934579439,1.0056419876419875,0.8932502266252267,124.19304645971313,120.47229927479928,189.6202772536106,185.64399896399897,3.032424365757699,3.347226107226107,0.10353478620145287,0.10331563066563067,0.937529310195977,0.8746902033152034,69.55796672463339,65.38641543641543,27.185449735449737,14.746430606430607,0,1,95.9859304691041,95.31867502756938,0.6672554415347207,37.73809523809524,32.098765432098766,5.639329805996475,0.0,0.0,0.0,0
VCT 2025: Pacific Stage 1,Group Stage,Week 4,DetonatioN FocusMe,Paper Rex,66.66666666666666,66.66666666666666,1,1,28.57142857142857,1458.2258137905062,1500.0,50.0,33.33333333333334,33.33333333333334,1,1,46.666666666666664,1472.5545894888137,1535.3028339316259,39.42307692307692,0.9021784465534466,1.037489302226841,118.6876456876457,131.0936778623853,181.30268481518482,198.19756773326432,2.5711371961371965,3.118772573315917,0.10836367798867799,0.10147099018112951,0.906293747918748,1.0006949134542789,68.34446803196803,72.52366177767881,34.226190476190474,20.57322011322011,0,1,93.81403179978821,95.5114903264652,-1.6974585266769964,28.57142857142857,45.72649572649573,-17.155067155067158,0.0,24.16666666666667,-24.16666666666667,0
VCT 2025: Pacific Stage 1,Group Stage,Week 5,Paper Rex,Global Esports,50.0,50.0,0,0,46.666666666666664,1487.1280733736126,1535.3028339316259,39.42307692307692,50.0,50.0,0,0,28.57142857142857,1454.7236058044462,1500.0,50.0,1.0367049885013508,0.9119806394585807,131.62594167700206,123.7770575013222,198.99043760848716,184.87590913987972,3.2428367444389115,2.5990377269789033,0.10139968893335767,0.1168608646255705,1.0016075694257582,0.9226383836751485,72.33934805218861,68.50570263070263,21.325601065601067,32.03741496598639,0,1,95.48906944921814,96.60157751099631,-1.112508061778172,45.87583148558758,40.33333333333333,5.542498152254254,19.015151515151512,0.0,19.015151515151512,1
VCT 2025: Pacific Stage 1,Group Stage,Week 5,T1,TALON,66.66666666666666,66.66666666666666,1,1,66.66666666666666,1555.4381939675775,1503.0368048028495,50.0,33.33333333333334,33.33333333333334,1,1,40.0,1462.7089823773808,1462.0366204070108,0.0,1.033204666404424,0.9949868797868799,130.76203506246074,124.73737817737818,197.19632207517188,190.79461316461317,3.5268065974049283,2.9382728382728382,0.10487227756003836,0.10581767121767123,0.9950108982621603,0.9323218337218337,70.35645582070572,69.5658064158064,31.668795093795094,26.900238095238098,0,1,96.8217817646087,96.15286435802204,0.6689174065866581,56.72268907563025,34.791666666666664,21.931022408963585,0.0,0.0,0.0,0
VCT 2025: Pacific Stage 1,Group Stage,Week 5,DRX,Gen.G,66.66666666666666,66.66666666666666,1,1,66.66666666666666,1638.098845540461,1579.0407811572811,60.57692307692308,33.33333333333334,33.33333333333334,1,1,58.333333333333336,1538.8378617785916,1490.1836859965138,34.92063492063492,1.1115454810984222,1.1694008433695935,129.63360796610797,131.5644926832427,197.77420077199488,201.27502832815333,3.9313959352194647,3.588323135198135,0.09870876193523252,0.09633296911421912,1.0105724879695468,1.0453238636363638,73.44037639375874,73.28888565138566,33.434603174603176,32.620178317053316,0,1,95.38780405052957,94.61109904146201,0.7767050090675554,58.985119913912484,64.50980392156863,-5.524684007656148,30.790598290598293,0.0,30.790598290598293,1
VCT 2025: Pacific Stage 1,Group Stage,Week 5,Nongshim RedForce,ZETA DIVISION,66.66666666666666,66.66666666666666,1,1,55.55555555555556,1508.3397176622188,1500.0,50.0,33.33333333333334,33.33333333333334,1,1,40.0,1441.9183213541558,1455.3201260619624,17.75700934579439,1.0400425388881271,0.914409200984201,125.66319834849247,121.31332491582492,192.6902229306641,187.09322973322972,3.566380242850831,3.291841491841492,0.08350456678397855,0.10246434861434862,1.0168585515791397,0.8871722545972547,72.95600214056097,65.77615902615902,36.23963844797178,17.352144892144892,0,1,96.4075850089308,94.83810077316734,1.5694842357634542,58.05860805860805,35.82670203359858,22.231906025009472,0.0,0.0,0.0,1
VCT 2025: Pacific Stage 1,Group Stage,Week 5,DetonatioN FocusMe,BOOM Esports,50.0,50.0,0,0,25.0,1443.6523299057073,1500.0,50.0,50.0,50.0,0,0,50.0,1522.839300488987,1472.83688211738,0.0,0.9015589185120435,1.0930760055916307,120.42807886557887,131.0763685966811,182.98012699106448,200.9073998917749,2.70807837995338,3.7122181637806637,0.10815155157342658,0.10222123015873016,0.9139792516511267,1.023546378968254,68.16252063908314,72.65723304473305,32.82879818594104,26.858157467532468,0,1,94.1699548458333,95.16105911738693,-0.991104271553624,30.158730158730158,61.33333333333333,-31.17460317460317,0.0,0.0,0.0,0
VCT 2025: Pacific Stage 1,Group Stage,Week 5,Rex Regum Qeon,Team Secret,66.66666666666666,66.66666666666666,1,1,62.5,1533.5583519446282,1500.0,50.0,33.33333333333334,33.33333333333334,1,1,20.0,1413.9609505643605,1503.4468002875042,51.76470588235295,1.2005417152292153,1.0261475935828877,133.45731473387724,130.9050095982449,203.36941773504273,196.0864054001554,3.7563689782439784,2.82270213446684,0.08640130876068376,0.09744211858403036,1.087636217948718,0.975779577448695,75.10941870629371,70.37752136752137,37.45975378787879,26.735707070707072,0,1,97.79280696426494,94.52059609776767,3.272210866497275,56.22710622710622,38.791208791208796,17.435897435897424,0.0,0.0,0.0,0
VCT 2025: China Stage 1,Group Stage,Week 1,Xi Lai Gaming,Bilibili Gaming,33.33333333333334,33.33333333333334,1,1,60.0,1515.1658739931668,1500.0,50.0,66.66666666666666,66.66666666666666,1,1,36.36363636363637,1466.0150421702886,1453.9337923135488,20.5607476635514,1.1792831309041836,0.9297062142403051,130.0,121.81818181818183,202.61423301844354,189.61815532951897,0.0,1.7669421487603307,0.25,0.1084935064935065,1.0,0.906909090909091,70.0,67.7904761904762,15.0,8.693799058084773,0,1,100.0,96.22902301364199,3.770976986358008,64.16666666666667,38.552188552188554,25.614478114478118,0.0,0.0,0.0,0
VCT 2025: China Stage 1,Group Stage,Week 1,Trace Esports,All Gamers,50.0,50.0,0,0,62.5,1533.6314614157804,1495.2629277190658,46.34146341463415,50.0,50.0,0,0,0.0,1467.9538530182565,1500.0,50.0,1.106304292929293,0.7425263157894737,122.31022727272727,130.0,199.10964330808082,168.69122807017544,1.6952651515151516,0.0,0.0949782196969697,0.25,0.9259431818181818,1.0,69.27339015151514,70.0,11.366666666666667,15.0,0,1,96.79327096942849,100.0,-3.206729030571509,51.0,33.33333333333333,17.66666666666667,0.0,0.0,0.0,1
VCT 2025: China Stage 1,Group Stage,Week 1,Dragon Ranger Gaming,Nova Esports,66.66666666666666,66.66666666666666,1,1,66.66666666666666,1528.6272160402716,1500.0,50.0,33.33333333333334,33.33333333333334,1,1,50.0,1499.2009205372299,1500.0,50.0,0.988200633788869,1.0998433429315784,130.0,130.0,188.90495452260157,206.90244755244754,0.0,0.0,0.25,0.25,1.0,1.0,70.0,70.0,15.0,15.0,0,1,100.0,100.0,0.0,50.0,50.0,0.0,0.0,0.0,0.0,1
VCT 2025: China Stage 1,Group Stage,Week 1,TYLOO,EDward Gaming,50.0,50.0,0,0,0.0,1465.5184801286332,1500.0,50.0,50.0,50.0,0,0,80.0,1620.5619283357921,1570.597134487021,100.0,0.9030769230769231,1.1632771691214416,130.0,133.99701180217176,186.77179487179487,207.38405002405003,0.0,2.31551236058976,0.25,0.09082092654125679,1.0,1.0728124836979327,70.0,73.35017197762296,15.0,17.560170620954935,0,1,100.0,97.83792044469737,2.1620795553026255,33.33333333333333,56.58706884513336,-23.25373551180003,0.0,25.310245310245307,-25.310245310245307,0
VCT 2025: China Stage 1,Group Stage,Week 1,JDG Esports,Wolves Esports,50.0,50.0,0,0,33.33333333333333,1488.5054591977048,1500.0,50.0,50.0,50.0,0,0,0.0,1468.085529911778,1500.0,50.0,1.115172342621259,0.8380000000000001,130.0,130.0,199.67664258685932,178.37222222222223,0.0,0.0,0.25,0.25,1.0,1.0,70.0,70.0,15.0,15.0,0,1,100.0,100.0,0.0,50.0,27.777777777777775,22.222222222222225,0.0,0.0,0.0,0
VCT 2025: China Stage 1,Group Stage,Week 1,FunPlus Phoenix,Titan Esports Club,66.66666666666666,66.66666666666666,1,1,40.0,1473.9998631684266,1490.2471260536495,0.0,33.33333333333334,33.33333333333334,1,1,33.33333333333333,1482.7753526559568,1500.0,50.0,1.0019191823971236,0.9231388888888888,129.0917526917527,130.0,196.19069405539994,188.9138888888889,2.884967254967255,0.0,0.09702853627853629,0.25,0.9701952653827655,1.0,70.52836434398934,70.0,13.06779250841751,15.0,0,1,96.22303680112067,100.0,-3.7769631988793293,40.580952380952375,50.0,-9.419047619047625,26.547619047619055,0.0,26.547619047619055,1
VCT 2025: China Stage 1,Group Stage,Week 2,Nova Esports,EDward Gaming,33.33333333333334,33.33333333333334,1,1,40.0,1483.0880105123665,1500.0,50.0,66.66666666666666,66.66666666666666,1,1,80.0,1630.7908303484685,1570.597134487021,100.0,1.048336212806801,1.1911660580103305,130.0,133.2605271663321,204.84503496503498,209.06822510822514,0.0,2.1081049531823526,0.25,0.0875207645811361,1.0,1.0677473774935076,70.0,73.03283236371472,15.0,16.9301919485743,0,1,100.0,97.91088579491161,2.089114205088393,44.44444444444444,57.65963203463203,-13.21518759018759,0.0,23.03751803751803,-23.03751803751803,1
VCT 2025: China Stage 1,Group Stage,Week 2,TYLOO,FunPlus Phoenix,50.0,50.0,0,0,0.0,1455.2895781159568,1500.0,50.0,50.0,50.0,0,0,40.0,1492.044307507843,1490.2471260536495,0.0,0.8274358974358975,1.0357368462147876,130.0,127.55463930009385,180.07863247863247,198.08926955397544,0.0,2.5738561438561436,0.25,0.09751597897052443,1.0,0.9563241278923097,70.0,70.26326615303888,15.0,12.488096877869605,0,1,100.0,96.46812393699972,3.531876063000283,25.0,42.332112332112324,-17.332112332112324,0.0,28.862433862433857,-28.862433862433857,0
VCT 2025: China Stage 1,Group Stage,Week 2,Xi Lai Gaming,All Gamers,66.66666666666666,66.66666666666666,1,1,50.0,1497.8297993219983,1500.0,50.0,33.333333333333336,33.333333333333336,1,1,0.0,1455.5934469863328,1500.0,50.0,1.1509651090868196,0.7852258771929824,130.0,130.0,201.2826941820363,173.1483187134503,0.0,0.0,0.25,0.25,1.0,1.0,70.0,70.0,15.0,15.0,0,1,100.0,100.0,0.0,64.16666666666667,44.44444444444444,19.72222222222223,0.0,0.0,0.0,1
VCT 2025: China Stage 1,Group Stage,Week 2,Wolves Esports,Trace Esports,50.0,50.0,0,0,33.33333333333333,1486.7187502468419,1500.0,50.0,50.0,50.0,0,0,66.66666666666666,1545.9918674477042,1495.2629277190658,46.34146341463415,0.9171282051282051,1.1161223344556679,130.0,122.31022727272727,182.06866096866096,201.30486812570146,0.0,1.506902356902357,0.25,0.0949782196969697,1.0,0.9259431818181818,70.0,69.27339015151514,15.0,11.366666666666667,0,1,100.0,96.94935585102279,3.050644148977213,37.5,49.642857142857146,-12.142857142857146,0.0,0.0,0.0,1
VCT 2025: China Stage 1,Group Stage,Week 2,Titan Esports Club,Dragon Ranger Gaming,50.0,50.0,0,0,25.0,1464.7309083165403,1500.0,50.0,50.0,50.0,0,0,71.42857142857143,1544.740126065135,1500.0,50.0,0.862738782051282,1.01353705118411,130.0,130.0,185.2815705128205,192.63281816222994,0.0,0.0,0.25,0.25,1.0,1.0,70.0,70.0,15.0,15.0,0,1,100.0,100.0,0.0,33.33333333333333,53.333333333333336,-20.000000000000007,0.0,0.0,0.0,1
VCT 2025: China Stage 1,Group Stage,Week 2,Bilibili Gaming,JDG Esports,50.0,50.0,0,0,41.66666666666667,1483.351116841457,1453.9337923135488,20.5607476635514,50.0,50.0,0,0,25.0,1469.8722388626409,1500.0,50.0,0.942323288979539,1.066045923632611,121.81818181818183,130.0,190.33979053354054,195.2408152734778,1.6196969696969699,0.0,0.1084935064935065,0.25,0.906909090909091,1.0,67.7904761904762,70.0,8.693799058084773,15.0,0,1,96.34436922493035,100.0,-3.6556307750696533,38.552188552188554,40.00000000000001,-1.4478114478114534,0.0,0.0,0.0,1
VCT 2025: China Stage 1,Group Stage,Week 3,JDG Esports,Trace Esports,50.0,50.0,0,0,20.0,1455.2616322046526,1500.0,50.0,50.0,50.0,0,0,60.0,1525.4180716401515,1495.2629277190658,46.34146341463415,1.0525510246203744,1.1071767676767679,121.42857142857143,122.31022727272727,193.67836650449652,202.21438131313133,0.6,1.3562121212121212,0.1292857142857143,0.0949782196969697,0.9807142857142858,0.9259431818181818,74.57142857142857,69.27339015151514,15.0,11.366666666666667,0,1,99.73,97.0853430623743,2.6446569376256974,40.00000000000001,49.642857142857146,-9.642857142857139,0.0,0.0,0.0,0
VCT 2025: China Stage 1,Group Stage,Week 3,Wolves Esports,Xi Lai Gaming,33.333333333333336,33.333333333333336,1,1,50.0,1507.2925460543945,1500.0,50.0,66.66666666666666,66.66666666666666,1,1,57.14285714285714,1513.3007155804892,1500.0,50.0,0.9461153846153847,1.1579700935029884,130.0,130.0,191.43611111111113,205.008543065122,0.0,0.0,0.25,0.25,1.0,1.0,70.0,70.0,15.0,15.0,0,1,100.0,100.0,0.0,37.5,67.0899470899471,-29.589947089947103,0.0,0.0,0.0,0
VCT 2025: China Stage 1,Group Stage,Week 3,TYLOO,Titan Esports Club,33.333333333333336,33.333333333333336,1,1,0.0,1441.6915933436346,1500.0,50.0,66.66666666666666,66.66666666666666,1,1,40.0,1483.370650268015,1500.0,50.0,0.8433269230769231,0.9170660256410257,130.0,140.4375,180.39647435897436,191.2627564102564,0.0,0.875,0.25,0.09625,1.0,0.965625,70.0,74.875,15.0,15.0,0,1,100.0,99.51875,0.48125000000000284,20.000000000000004,33.33333333333333,-13.333333333333325,0.0,0.0,0.0,0
VCT 2025: China Stage 1,Group Stage,Week 3,Dragon Ranger Gaming,EDward Gaming,33.333333333333336,33.333333333333336,1,1,62.5,1526.1003841136603,1500.0,50.0,66.66666666666666,66.66666666666666,1,1,80.0,1606.129052198249,1570.597134487021,100.0,0.9979386697860962,1.189605273696605,123.5,133.44900583715267,192.53027839195119,209.53672184025126,0.421875,1.8963402472999997,0.111875,0.0843934788490295,0.89375,1.0856608683959414,73.375,73.93668236525379,15.0,17.81937903366475,0,1,98.77013903899731,98.06746151318893,0.702677525808383,58.333333333333336,56.31641086186541,2.016922471467929,0.0,26.370851370851366,-26.370851370851366,0
VCT 2025: China Stage 1,Group Stage,Week 3,Nova Esports,FunPlus Phoenix,50.0,50.0,0,0,50.0,1507.749788662586,1500.0,50.0,50.0,50.0,0,0,40.0,1505.6422922801653,1490.2471260536495,0.0,1.0656647927236162,1.0438849943629356,130.0,126.25296037296036,207.83240093240093,197.48397854868443,0.0,2.25004662004662,0.25,0.09817233877233877,1.0,0.9464327311577312,70.0,70.08006895881896,15.0,11.936906565656567,0,1,100.0,96.547554709678,3.4524452903220038,50.0,44.05643738977072,5.943562610229279,0.0,30.714285714285715,-30.714285714285715,1
VCT 2025: China Stage 1,Group Stage,Week 3,All Gamers,Bilibili Gaming,50.0,50.0,0,0,0.0,1440.1225307278419,1500.0,50.0,50.0,50.0,0,0,46.15384615384615,1497.9617234994453,1453.9337923135488,20.5607476635514,0.8098284988038278,0.9501787624768394,130.0,123.12563131313131,178.58851176236044,191.22390921044766,0.0,1.794250194250194,0.25,0.10583459595959596,1.0,0.9197954545454546,70.0,68.4486111111111,15.0,8.693799058084773,0,1,100.0,96.43694997651336,3.563050023486639,38.333333333333336,38.552188552188554,-0.21885521885521797,0.0,0.0,0.0,0
VCT 2025: China Stage 1,Group Stage,Week 4,FunPlus Phoenix,Dragon Ranger Gaming,33.33333333333334,33.33333333333334,1,1,33.33333333333333,1488.149050145376,1490.2471260536495,0.0,66.66666666666666,66.66666666666666,1,1,55.55555555555556,1514.3409334125636,1500.0,50.0,1.0292229897009308,0.9873180332739158,124.6620512820513,125.30882352941177,196.09050535521126,192.72626053140758,2.271025641025641,0.6887254901960785,0.09887863247863249,0.11623161764705882,0.9324537101787103,0.9145220588235294,69.4297193084693,71.3639705882353,11.374340628507296,15.0,0,1,96.80199852639129,98.7098655234773,-1.9078669970860176,43.197278911564624,59.52380952380951,-16.326530612244888,27.380952380952383,0.0,27.380952380952383,0
VCT 2025: China Stage 1,Group Stage,Week 4,Bilibili Gaming,Wolves Esports,50.0,50.0,0,0,50.0,1512.658540884594,1453.9337923135488,20.5607476635514,50.0,50.0,0,0,40.0,1489.9968707943701,1500.0,50.0,0.9924993270618271,0.959025641025641,125.98574635241302,122.73333333333333,194.39362998112998,191.45555555555558,1.866089466089466,0.5599999999999999,0.10296408529741864,0.11333333333333333,0.960929292929293,0.9846666666666668,69.97654320987654,66.86666666666666,8.693799058084773,15.0,0,1,95.40157584783705,99.78533333333334,-4.3837574854962895,38.552188552188554,37.5,1.0521885521885537,0.0,0.0,0.0,1
VCT 2025: China Stage 1,Group Stage,Week 4,All Gamers,JDG Esports,50.0,50.0,0,0,0.0,1425.4257133426931,1500.0,50.0,50.0,50.0,0,0,16.666666666666664,1441.1680103228648,1500.0,50.0,0.7812474144276776,1.0256814094058677,108.0,121.21428571428572,176.33234787142683,191.85419430930267,0.38461538461538464,0.9666666666666667,0.08769230769230771,0.11697619047619048,0.77,0.943357142857143,62.69230769230769,69.61904761904762,15.0,15.0,0,1,96.78,98.79864515141352,-2.018645151413523,38.333333333333336,33.33333333333333,5.000000000000007,0.0,0.0,0.0,0
VCT 2025: China Stage 1,Group Stage,Week 4,EDward Gaming,Titan Esports Club,50.0,50.0,0,0,80.0,1617.8885028993457,1570.597134487021,100.0,50.0,50.0,0,0,50.0,1496.755925159792,1500.0,50.0,1.1941524959188272,0.9230312118437118,134.55614869429553,134.57589285714286,210.30422184025124,191.98086843711846,2.006618025077777,1.5982142857142858,0.07872085980141044,0.09241071428571429,1.0866430112530843,0.9728125000000001,73.49620617477761,72.58035714285714,16.682132682132682,15.0,0,1,98.0549415554273,99.52850197867373,-1.4735604232464254,54.94015788133435,44.44444444444444,10.495713436889908,28.751803751803745,0.0,28.751803751803745,1
VCT 2025: China Stage 1,Group Stage,Week 4,Nova Esports,TYLOO,50.0,50.0,0,0,57.14285714285714,1525.2430307973755,1500.0,50.0,50.0,50.0,0,0,0.0,1428.3063184518576,1500.0,50.0,1.0714269651916712,0.8674393162393162,132.2,126.16666666666667,207.18015318015318,182.4060683760684,0.39999999999999997,0.5555555555555556,0.11266666666666666,0.13,1.0606666666666669,0.9577777777777778,74.13333333333334,68.88888888888889,15.0,15.0,0,1,99.25698811135577,99.4088888888889,-0.15190077753312892,55.99999999999999,23.333333333333332,32.66666666666666,0.0,0.0,0.0,1
VCT 2025: China Stage 1,Group Stage,Week 4,Trace Esports,Xi Lai Gaming,50.0,50.0,0,0,63.63636363636363,1539.5116935219394,1495.2629277190658,46.34146341463415,50.0,50.0,0,0,62.5,1530.5963908405135,1500.0,50.0,1.1102905680178408,1.1360122933535761,123.96246753246753,124.53846153846153,202.46761937557392,203.58439825890486,1.5835694608421882,0.5,0.09626829004329004,0.09076923076923078,0.9527545454545454,0.963076923076923,70.16156926406926,68.23076923076923,11.366666666666667,15.0,0,1,97.07833737150789,99.57260940359726,-2.49427203208937,53.6904761904762,67.0899470899471,-13.399470899470906,0.0,0.0,0.0,0
VCT 2025: China Stage 1,Group Stage,Week 5,JDG Esports,Xi Lai Gaming,33.333333333333336,33.333333333333336,1,1,28.57142857142857,1457.9711000749658,1500.0,50.0,66.66666666666666,66.66666666666666,1,1,66.66666666666666,1546.1863418743844,1500.0,50.0,1.0447399093608734,1.1358380879192282,124.5974025974026,130.04700854700855,193.53736135602566,203.42687252643393,1.348051948051948,0.8271604938271605,0.0985901875901876,0.09927350427350429,0.9916320346320346,1.0168162393162392,71.71572871572872,71.86538461538461,15.0,15.0,0,1,98.28056988195264,99.08020208614478,-0.799632204192136,38.888888888888886,64.0909090909091,-25.202020202020208,0.0,0.0,0.0,0
VCT 2025: China Stage 1,Group Stage,Week 5,Dragon Ranger Gaming,TYLOO,66.66666666666666,66.66666666666666,1,1,60.0,1530.6166422737363,1500.0,50.0,33.33333333333334,33.33333333333334,1,1,0.0,1417.240492373376,1500.0,50.0,1.0122225935828877,0.9147959214275003,131.99376114081997,127.37280701754386,194.7172708419032,185.14540785724998,0.8743983957219251,1.1120857699805067,0.10960895721925135,0.09789473684210527,0.9905904634581105,0.9896783625730995,73.6062834224599,70.47076023391813,15.0,15.0,0,1,97.90679800908762,99.3332610411476,-1.4264630320599707,65.07936507936508,22.000000000000004,43.079365079365076,0.0,0.0,0.0,0
VCT 2025: China Stage 1,Group Stage,Week 5,Wolves Esports,All Gamers,50.0,50.0,0,0,33.33333333333333,1475.7868952666088,1500.0,50.0,50.0,50.0,0,0,0.0,1408.6226235905922,1500.0,50.0,0.95494560994561,0.7838600248435775,126.27575757575758,112.73076923076923,191.27356902356902,177.26413604670185,1.0424242424242423,0.6666666666666666,0.10848484848484849,0.11230769230769232,0.9846060606060607,0.7907692307692307,69.34242424242424,62.5,15.0,15.0,0,1,99.74601000560388,96.52245037223857,3.223559633365312,40.476190476190474,34.0,6.4761904761904745,0.0,0.0,0.0,1
VCT 2025: China Stage 1,Group Stage,Week 5,Bilibili Gaming,Trace Esports,33.333333333333336,33.333333333333336,1,1,53.333333333333336,1526.8685164123553,1453.9337923135488,20.5607476635514,66.66666666666666,66.66666666666666,1,1,58.333333333333336,1523.9217424880685,1495.2629277190658,46.34146341463415,1.0096184195434195,1.0950441317941317,126.23002886002887,123.17983405483405,194.75310226810228,201.0397622053872,2.0131120731120733,1.8516053391053393,0.10188196248196249,0.09577913059163061,0.9749077922077923,0.9485176767676767,70.50746031746033,69.74575216450216,8.693799058084773,11.366666666666667,0,1,95.42368405433726,97.1592267128068,-1.7355426584695408,41.269841269841265,54.79166666666666,-13.521825396825392,0.0,28.888888888888886,-28.888888888888886,0
VCT 2025: China Stage 1,Group Stage,Week 5,Titan Esports Club,Nova Esports,50.0,50.0,0,0,42.857142857142854,1486.6505943966242,1500.0,50.0,50.0,50.0,0,0,62.5,1536.3088568758571,1500.0,50.0,0.9266934196755624,1.0581235945427123,134.25059523809523,131.25625,193.35503008895867,205.36075903263404,1.9413265306122451,0.678125,0.09782936507936509,0.12508333333333332,0.9703194444444444,1.0093958333333335,71.45357142857144,73.28541666666666,15.0,15.0,0,1,99.4625171998876,99.0915309200637,0.37098627982389587,43.33333333333333,61.11111111111111,-17.77777777777778,0.0,0.0,0.0,1
VCT 2025: China Stage 1,Group Stage,Week 5,EDward Gaming,FunPlus Phoenix,50.0,50.0,0,0,86.66666666666667,1627.9938336625135,1570.597134487021,100.0,50.0,50.0,0,0,33.33333333333333,1471.8733412842032,1490.2471260536495,0.0,1.1960051274977745,1.0155184442463854,135.97369255394466,123.02682400932402,211.3086662846957,194.06399020369608,1.9907115923292396,2.216480186480186,0.08046522070366609,0.10174795066045066,1.0947582994736356,0.9161355283605284,74.82001569858713,68.03653749028749,18.196336996336996,10.31399034992785,0,1,98.03925606453004,96.576113472856,1.4631425916740426,54.74664224664224,40.98412698412698,13.762515262515258,25.06105006105006,24.047619047619044,1.013431013431017,1
VCT 2025: Americas Stage 1,Group Stage,Week 1,Cloud9,NRG,66.66666666666666,66.66666666666666,1,1,42.857142857142854,1483.9601509535455,1501.6461131968745,50.0,33.33333333333334,33.33333333333334,1,1,33.33333333333333,1465.5964706058521,1481.9732038200639,33.33333333333333,0.9390021907916645,1.1017797688422688,127.25581085581085,133.7999343979607,192.32828925460504,206.28752249212775,3.725011830274988,3.10352138115296,0.1032720963247279,0.09015500824711352,0.9531852358168147,1.07478766494227,69.4566065513434,75.20356968810916,23.436202686202684,31.06619769119769,0,1,96.4667394107612,92.97595200214668,3.4907874086145227,61.0,39.523809523809526,21.476190476190474,0.0,0.0,0.0,1
VCT 2025: Americas Stage 1,Group Stage,Week 1,KRÜ Esports,LOUD,66.66666666666666,66.66666666666666,3,3,40.0,1467.8488163961918,1425.7222083665558,21.153846153846153,33.33333333333334,33.33333333333334,3,3,66.66666666666666,1595.892618173373,1614.1402338538935,61.22448979591836,1.0886544202042654,1.1469836874282693,130.8151733417368,132.67889995797117,197.97408223699247,203.5583560895016,3.4132544304680525,4.1227702603553995,0.09764767384891225,0.09319310564449884,1.0144084681056817,1.0845949361039144,71.99203821977815,73.67527639886772,25.454494024494025,21.2153268028268,0,1,95.01519815899468,97.15434430588277,-2.139146146888095,44.913844325609034,66.84260481051925,-21.928760484910214,0.0,9.17154740684153,-9.17154740684153,1
VCT 2025: Americas Stage 1,Group Stage,Week 1,G2 Esports,FURIA,50.0,50.0,0,0,66.66666666666666,1575.732080796145,1503.4110732395798,38.31775700934579,50.0,50.0,0,0,14.285714285714285,1434.0934081108576,1441.4313873690974,0.0,1.0334981636594032,0.9470228343085486,129.71963285314126,124.11220628111384,197.51461637685378,187.4261755051671,3.7449734439230236,3.2040253863783272,0.10112406023015266,0.11266890252604538,0.9933639334521687,0.9131189482786122,70.02559766330775,68.75638479167891,23.902739516859377,26.606592637054824,0,1,94.03634361772545,95.96864574598139,-1.932302128255941,56.17724867724867,31.538461538461537,24.638787138787134,34.087301587301575,0.0,34.087301587301575,1
VCT 2025: Americas Stage 1,Group Stage,Week 1,MIBR,LEVIATÁN,66.66666666666666,66.66666666666666,1,1,66.66666666666666,1531.3422418246919,1500.0,50.0,33.333333333333336,33.333333333333336,1,1,40.0,1468.288134758049,1481.5834498455567,61.6822429906542,1.0170925602175602,1.0498398079589255,129.14600006475007,131.33972085104438,194.63543447293446,199.32582670597375,3.7333786583786583,3.601621760592349,0.10096139277389278,0.09977190761308409,0.969210988085988,1.0049193960723373,70.68747086247086,71.95172894099365,34.09259259259259,20.478171469053823,0,1,94.7652626816146,97.03116937031373,-2.2659066886991326,41.666666666666664,57.291666666666664,-15.625,0.0,18.055555555555554,-18.055555555555554,1
VCT 2025: Americas Stage 1,Group Stage,Week 1,2Game Esports,Evil Geniuses,50.0,50.0,0,0,0.0,1458.7523675591465,1500.0,50.0,50.0,50.0,0,0,70.0,1565.4601885286436,1592.6952688862516,81.18811881188118,0.7286263736263736,1.1233270914843672,119.50549450549451,134.61674968993856,178.6153846153846,203.78452288681393,3.1373626373626378,3.7585725523186824,0.1082967032967033,0.09455959850263256,0.7914285714285714,1.051546273746893,67.46153846153845,72.54845295055821,25.25,26.622969187675068,0,1,98.2,94.3631305196788,3.836869480321198,33.33333333333333,56.92307692307692,-23.58974358974359,0.0,0.0,0.0,0
VCT 2025: Americas Stage 1,Group Stage,Week 1,Sentinels,100 Thieves,66.66666666666666,66.66666666666666,1,1,60.0,1579.2537636086922,1569.8537225227467,62.376237623762385,33.333333333333336,33.333333333333336,1,1,50.0,1497.8855045926748,1511.649084807243,36.53846153846153,1.05628950591319,1.0530414849856027,130.48594820871136,130.6651014671603,200.76804928502298,199.46077677224736,3.8673780556675292,3.750329082682024,0.09963840788840789,0.09842926093514329,1.0410628999168472,0.9915198426573426,73.91932287011235,72.37261637871931,20.658239723239724,26.783199855699856,0,1,95.07546573191827,94.84758851882485,0.22787721309342146,60.9297052154195,51.63265306122449,9.297052154195015,15.740740740740744,30.714285714285722,-14.973544973544978,1
VCT 2025: Americas Stage 1,Group Stage,Week 2,NRG,FURIA,50.0,50.0,0,0,28.57142857142857,1451.1991181040594,1481.9732038200639,33.33333333333333,50.0,50.0,0,0,12.5,1423.2956594486757,1441.4313873690974,0.0,1.0889204741337095,0.9358565184815185,133.71927150077303,123.43471895751307,205.57417894283222,186.61328818240582,3.130749419139512,3.1304452900041135,0.09214967093450066,0.11137375124875125,1.0613306035639627,0.9034983105130164,74.83835385031205,68.35414438502674,31.542455163883737,26.03076855742297,0,1,93.39544842194607,96.12520794942635,-2.729759527480283,43.75,29.999999999999993,13.750000000000007,0.0,0.0,0.0,1
VCT 2025: Americas Stage 1,Group Stage,Week 2,Sentinels,KRÜ Esports,33.33333333333334,33.33333333333334,1,1,60.0,1590.9576598350532,1569.8537225227467,62.376237623762385,66.66666666666666,66.66666666666666,1,1,40.0,1488.4100651127128,1425.7222083665558,21.153846153846153,1.0454410210647052,1.0974749330247782,128.84756437032755,131.05619898276245,197.90259473956843,199.0253642882745,3.840711389000863,3.3414595586731806,0.09950911495911496,0.09816049436173276,1.0270346170885645,1.022664878362092,73.15407034485982,71.93049975823969,22.048715913715913,26.56004958004958,0,1,95.91397074371345,94.98655881937019,0.9274119243432608,60.546955624355014,47.2386150434931,13.308340580861916,13.157894736842113,0.0,13.157894736842113,0
VCT 2025: Americas Stage 1,Group Stage,Week 2,100 Thieves,Evil Geniuses,50.0,50.0,0,0,45.45454545454545,1486.1816083663139,1511.649084807243,36.53846153846153,50.0,50.0,0,0,72.72727272727273,1577.818491063179,1592.6952688862516,81.18811881188118,1.0364518550374167,1.1216306892282126,129.52382961661036,135.14856032418655,197.24212029800265,204.6465359577096,3.71242037819578,3.683550805138196,0.097763974587504,0.09529660469936294,0.9791089478703114,1.054920854921418,72.15692398065393,72.96526025808322,26.98472714154532,27.44046149928503,0,1,94.89893928225712,94.6124935673845,0.28644571487261317,52.470238095238095,60.0,-7.529761904761905,27.936507936507933,0.0,27.936507936507933,1
VCT 2025: Americas Stage 1,Group Stage,Week 2,G2 Esports,MIBR,50.0,50.0,0,0,66.66666666666666,1586.529829458327,1503.4110732395798,38.31775700934579,50.0,50.0,0,0,71.42857142857143,1545.7827298750317,1500.0,50.0,1.0441134375972612,1.0542112054612054,130.62923308717424,130.5207473082473,198.54091467900292,196.95125152625153,3.731672184025125,3.6615773115773114,0.10001881985117281,0.09983503996003996,1.0036245197068727,0.9931698579198579,70.39358812211754,71.47937062937062,24.442556882402084,34.03174603174603,0,1,94.08394304098879,94.73626204606073,-0.652319005071945,58.88888888888889,47.089947089947096,11.798941798941797,36.94444444444444,0.0,36.94444444444444,1
VCT 2025: Americas Stage 1,Group Stage,Week 2,LOUD,2Game Esports,50.0,50.0,0,0,60.0,1575.331369456852,1614.1402338538935,61.22448979591836,50.0,50.0,0,0,0.0,1446.394065024611,1500.0,50.0,1.1251614652060473,0.7976556776556777,132.65667773574896,126.0989010989011,202.93168942283495,186.55311355311355,4.113881371466511,3.424908424908425,0.0951486612000544,0.1083882783882784,1.0717949361039143,0.8366666666666666,73.05749862108995,65.78388278388279,23.196279183779186,39.03333333333333,0,1,97.09511167299891,97.32158836455467,-0.2264766915557601,64.38993657663734,26.666666666666668,37.72326990997067,10.113660848954964,0.0,10.113660848954964,0
VCT 2025: Americas Stage 1,Group Stage,Week 2,LEVIATÁN,Cloud9,50.0,50.0,0,0,40.0,1453.8476467077091,1481.5834498455567,61.6822429906542,50.0,50.0,0,0,50.0,1498.3575034553382,1501.6461131968745,50.0,1.041676346420464,0.9483180934132946,131.50414392796745,127.6503050870698,198.65274978289685,193.47842956836763,3.4750191964897845,3.715267704431791,0.09781677940795588,0.1024219078135487,1.0014065755595167,0.9618311989867717,71.9305750948398,69.66423661477842,21.690076230958585,27.027510683760685,0,1,96.91110446371013,96.59934663393518,0.3117578297749475,55.53333333333333,57.27272727272727,-1.739393939393942,21.38888888888889,0.0,21.38888888888889,0
VCT 2025: Americas Stage 1,Group Stage,Week 3,Evil Geniuses,Sentinels,50.0,50.0,0,0,66.66666666666666,1555.6811814337727,1592.6952688862516,81.18811881188118,50.0,50.0,0,0,53.333333333333336,1568.308691733131,1569.8537225227467,62.376237623762385,1.102199926664323,1.0280632432869274,134.8284879894787,127.82978659254975,203.8041964227723,195.2314836284573,3.5945369559920644,3.5784891667786405,0.0981244517436468,0.10150911495911495,1.043677450344633,1.0147679504218978,72.59636036478142,72.51851478930426,26.90375637434461,22.647433717076574,0,1,94.67929634461146,95.90087035011386,-1.2215740055024042,58.333333333333336,59.64968511021142,-1.3163517768780864,0.0,12.324561403508783,-12.324561403508783,0
VCT 2025: Americas Stage 1,Group Stage,Week 3,100 Thieves,LOUD,50.0,50.0,0,0,50.0,1508.31891799572,1511.649084807243,36.53846153846153,50.0,50.0,0,0,53.333333333333336,1551.484012653264,1614.1402338538935,61.22448979591836,1.0569398414766062,1.1016947985393806,130.66607458445694,131.88334440241562,198.9655333500922,201.71835608950158,3.6722827825769,4.113881371466511,0.09474518183341712,0.0970597723111655,0.9932857663170163,1.0585060472150256,72.3489751873943,72.6441652877566,28.100583213083212,23.948660136160136,0,1,94.84629709481791,97.22807027778983,-2.381773182971912,54.70588235294118,63.32388929385176,-8.618006940910576,29.523809523809515,13.685089420383523,15.838720103425992,1
VCT 2025: Americas Stage 1,Group Stage,Week 3,2Game Esports,KRÜ Esports,33.333333333333336,33.333333333333336,1,1,25.0,1470.241421828199,1500.0,50.0,66.66666666666666,66.66666666666666,1,1,46.666666666666664,1511.059033214635,1425.7222083665558,21.153846153846153,0.8549084249084249,1.1130000792236088,127.15750915750917,131.26625746229462,189.7481684981685,199.15144615961952,3.5409035409035408,3.3283601434685024,0.10379120879120879,0.09645757038512456,0.8755555555555555,1.033226281870864,68.50457875457876,72.15529507987712,39.525,29.096028416028414,0,1,96.69269187449414,95.00506005250746,1.6876318219866846,33.88888888888889,48.01864801864802,-14.12975912975913,0.0,0.0,0.0,0
VCT 2025: Americas Stage 1,Group Stage,Week 3,G2 Esports,NRG,50.0,50.0,0,0,66.66666666666666,1599.9553082739935,1503.4110732395798,38.31775700934579,50.0,50.0,0,0,37.5,1465.1809843420422,1481.9732038200639,33.33333333333333,1.0363674058512293,1.1582220815336624,129.70621721415839,134.51130700762087,197.58615277424101,206.36351768608927,3.439608691961633,3.2255168528581843,0.10126485159720454,0.09014485095657697,1.0004022974846505,1.0883865003406896,70.52850875703817,75.36550406346748,26.80659197012138,33.84964826839827,0,1,94.11101784722696,93.33331614305906,0.777701704167896,61.36724386724387,39.94708994708995,21.420153920153922,39.082491582491585,0.0,39.082491582491585,1
VCT 2025: Americas Stage 1,Group Stage,Week 3,FURIA,LEVIATÁN,33.333333333333336,33.333333333333336,1,1,11.11111111111111,1409.313793210693,1441.4313873690974,0.0,66.66666666666666,66.66666666666666,1,1,40.0,1438.490122326344,1481.5834498455567,61.6822429906542,0.9112842255783432,1.0159187706628883,120.75242992301816,130.21323483705837,182.26409929939342,195.33759826774534,3.0440559440559443,3.335625257095845,0.11265902071784424,0.10018041577159224,0.8850050341815048,0.9772247573776985,67.42590612002377,70.80936297362769,25.221794273264862,25.676742897625253,0,1,95.91375451532711,96.08967665311444,-0.17592213778732457,33.125,52.26631393298059,-19.141313932980587,0.0,21.547619047619044,-21.547619047619044,0
VCT 2025: Americas Stage 1,Group Stage,Week 3,Cloud9,MIBR,33.333333333333336,33.333333333333336,1,1,55.55555555555556,1513.7150278367035,1501.6461131968745,50.0,66.66666666666666,66.66666666666666,1,1,62.5,1532.3572510593651,1500.0,50.0,1.0056766890946458,1.0508514714452215,128.4164328046681,130.1889872280497,195.39496769713486,197.39067841880342,3.6256925049494706,3.837213480963481,0.09851644330901298,0.09885565996503497,0.9842539950589485,0.9928569590132089,71.2975032535404,71.68611596736596,31.010565052231716,33.15277777777778,0,1,96.10041455407156,95.07613874755069,1.0242758065208761,61.282051282051285,44.588744588744596,16.69330669330669,0.0,0.0,0.0,0
VCT 2025: Americas Stage 1,Group Stage,Week 4,100 Thieves,2Game Esports,50.0,50.0,0,0,53.84615384615385,1525.397696154774,1511.649084807243,36.53846153846153,50.0,50.0,0,0,20.0,1456.818985725287,1500.0,50.0,1.0522359670310373,0.8786410256410256,130.5703036650048,126.08315018315018,199.00057329482192,189.96996336996338,3.608422973390823,3.3755799755799756,0.09668786015392351,0.10774725274725275,0.9959075089889867,0.8851587301587301,72.20472203532753,69.36080586080587,27.496692196692194,38.33428571428571,0,1,95.03828987229423,96.96643570272872,-1.928145830434488,54.44862155388471,38.57142857142858,15.877192982456137,28.769841269841262,0.0,28.769841269841262,1
VCT 2025: Americas Stage 1,Group Stage,Week 4,G2 Esports,LEVIATÁN,50.0,50.0,2,2,66.66666666666666,1611.0510783967013,1503.4110732395798,38.31775700934579,50.0,50.0,2,2,40.0,1454.615605228497,1481.5834498455567,61.6822429906542,1.0655795270633506,1.0282870690311865,131.19106569900686,130.62395744778098,200.33160731969556,195.33713206727913,3.4699117222646634,3.304389825860414,0.09884060917296213,0.10074918034035682,1.0127053277876807,0.9864741746271157,70.74669057522,71.33756810183282,30.539925303454716,28.74340956429192,0,1,93.56346198080982,95.55866370516586,-1.9952017243560363,63.57239057239058,53.71134817563389,9.861042396756694,40.93434343434343,22.759740259740262,18.17460317460317,1
VCT 2025: Americas Stage 1,Group Stage,Week 4,FURIA,Cloud9,50.0,50.0,0,0,10.0,1393.1883103085397,1441.4313873690974,0.0,50.0,50.0,0,0,50.0,1499.329826842596,1501.6461131968745,50.0,0.8936002474649534,1.0077518773280383,119.97718693071633,128.44621809562986,181.6710227027874,195.61261378456425,2.9174281274281273,3.770266111597381,0.1121708964238376,0.09916479897811167,0.8725045307633543,0.9848285955530537,67.0944266191325,71.84632435675779,26.785329131652663,29.709508547008546,0,1,95.90726778883221,96.30003647825596,-0.39276868942374676,31.45658263305322,56.285714285714285,-24.829131652661065,0.0,0.0,0.0,0
VCT 2025: Americas Stage 1,Group Stage,Week 4,Sentinels,LOUD,66.66666666666666,66.66666666666666,1,1,60.0,1585.2693030686498,1569.8537225227467,62.376237623762385,33.333333333333336,33.333333333333336,1,1,46.666666666666664,1534.4052344942102,1614.1402338538935,61.22448979591836,1.0702512774749617,1.0966173991585755,128.41782078058392,132.30873139931964,196.60755200452567,201.87253565606505,3.5562669445564183,4.116358151652269,0.0991569782069782,0.09594522122757418,1.0353559846099318,1.0535194631076985,73.51236094315043,72.70443360561008,26.50457657421943,25.540194527694528,0,1,95.52893359607782,97.20786611066683,-1.6789325145890075,60.35142888668212,62.85107449573238,-2.499645609050255,12.850877192982457,16.844430079724216,-3.9935528867417585,1
VCT 2025: Americas Stage 1,Group Stage,Week 4,KRÜ Esports,Evil Geniuses,50.0,50.0,0,0,53.333333333333336,1524.4814693175472,1425.7222083665558,21.153846153846153,50.0,50.0,0,0,61.53846153846154,1538.7205700982538,1592.6952688862516,81.18811881188118,1.1411987971723265,1.0683383938439905,132.99670618024334,132.53911711849315,201.50240769808107,200.41925823640517,3.4690652716736308,3.4821366773260083,0.09407936525691944,0.09919180160952011,1.057030769050351,1.0187791849335073,73.02997456705661,71.62740956749055,29.073806193806195,26.711159730164255,0,1,95.5240964001657,94.06324322847092,1.4608531716947795,47.07811568276685,56.07843137254903,-9.000315689782184,0.0,0.0,0.0,0
VCT 2025: Americas Stage 1,Group Stage,Week 4,NRG,MIBR,50.0,50.0,0,0,33.33333333333333,1454.0852142193344,1481.9732038200639,33.33333333333333,50.0,50.0,0,0,66.66666666666666,1546.7424520534726,1500.0,50.0,1.1066247562350504,1.050201307951308,133.50577716916726,130.33465531382197,203.71628922524175,197.83139668973,3.072254296557702,3.998158014824681,0.09371849999558979,0.10033201520701522,1.0553179148327496,0.9919839635672969,74.68386685983435,72.10988085988086,31.366354016354016,33.382716049382715,0,1,92.9131823939223,95.35693472724634,-2.443752333324042,34.84848484848485,48.71794871794872,-13.869463869463871,0.0,0.0,0.0,0
VCT 2025: Americas Stage 1,Group Stage,Week 5,G2 Esports,Cloud9,66.66666666666666,66.66666666666666,1,1,73.33333333333333,1619.8349967327079,1503.4110732395798,38.31775700934579,33.333333333333336,33.333333333333336,1,1,54.54545454545454,1511.7142847360947,1501.6461131968745,50.0,1.0924855099693334,1.0636205877807343,133.02468393262512,129.87418428274043,203.64385803194628,198.10237616778568,3.681877534230475,3.700241919633983,0.09477793111028406,0.09861135571436726,1.0362266953090482,1.0099840379153635,71.75580738433679,72.62253263201757,31.321406784936197,32.060592185592185,0,1,94.29800224025223,95.50589679881286,-1.2078945585606249,65.5109126984127,58.12499999999999,7.385912698412703,42.738095238095234,0.0,42.738095238095234,1
VCT 2025: Americas Stage 1,Group Stage,Week 5,MIBR,FURIA,50.0,50.0,0,0,70.0,1559.7569263409948,1500.0,50.0,50.0,50.0,0,0,9.090909090909092,1380.803852415041,1441.4313873690974,0.0,1.0718734848484848,0.881636588604503,131.06272824397826,119.14289720974215,198.07133394383396,180.40396003283703,3.8291114441114438,2.9309952673589037,0.09937573676323677,0.11088263311257963,1.0007086441336441,0.861428361300019,72.3219696969697,66.91614541133258,33.96944444444445,27.28211739241151,0,1,95.5009475245944,95.90970210366733,-0.40875457907293367,50.95238095238095,30.82010582010582,20.13227513227513,0.0,0.0,0.0,1
VCT 2025: Americas Stage 1,Group Stage,Week 5,Sentinels,2Game Esports,50.0,50.0,0,0,66.66666666666666,1598.259807517274,1569.8537225227467,62.376237623762385,50.0,50.0,0,0,16.666666666666664,1442.6485442739256,1500.0,50.0,1.1104364626601468,0.8770156695156696,131.46596892873208,124.5507733007733,201.08374248071615,188.47496947496947,3.6298119181013915,3.405575905575906,0.10070724275724276,0.10349308099308101,1.0607422279961753,0.8780026455026455,74.29066782145729,69.37474562474563,28.178045961974533,36.98690476190476,0,1,95.74179012494687,97.17468253692672,-1.43289241197985,60.75255102040815,37.91666666666667,22.835884353741477,14.642857142857146,0.0,14.642857142857146,1
VCT 2025: Americas Stage 1,Group Stage,Week 5,KRÜ Esports,100 Thieves,50.0,50.0,0,0,53.333333333333336,1507.6023740485919,1425.7222083665558,21.153846153846153,50.0,50.0,0,0,57.14285714285714,1539.5681376061352,1511.649084807243,36.53846153846153,1.132306489480019,1.0694788525028465,132.10132156485872,131.26333392269925,200.58069829637168,200.24079208545155,3.4068430494514086,3.5779512025642055,0.09357338235093654,0.09692444157150039,1.048876922896505,1.0104206089962668,72.76638482346688,72.8459431886483,30.02713952713953,29.604071325499895,0,1,95.13054230550198,94.8800017396733,0.2505405658286719,46.332833832833835,55.833333333333336,-9.500499500499501,0.0,24.305555555555546,-24.305555555555546,1
VCT 2025: Americas Stage 1,Group Stage,Week 5,Evil Geniuses,LOUD,50.0,50.0,2,2,64.28571428571429,1555.5996653672091,1592.6952688862516,81.18811881188118,50.0,50.0,2,2,46.666666666666664,1521.4147300455859,1614.1402338538935,61.22448979591836,1.1042263107672219,1.0994173991585756,133.53907029134805,133.57984251043075,202.42227825248614,203.37475787828728,3.4531928487257986,4.147469262763381,0.09891985973631263,0.09741188789424085,1.0304048475481469,1.0542527964410318,72.07160558739506,72.41332249449897,28.10321974943824,27.097972305472304,0,1,94.09407628067709,97.22089020677457,-3.1268139260974834,58.25396825396826,61.247216835452136,-2.9932485814838756,0.0,14.561157796451907,-14.561157796451907,1
VCT 2025: Americas Stage 1,Group Stage,Week 5,LEVIATÁN,NRG,50.0,50.0,0,0,40.0,1445.8316868924906,1481.5834498455567,61.6822429906542,50.0,50.0,0,0,30.0,1441.070739931812,1481.9732038200639,33.33333333333333,1.027714419458537,1.0781440987933635,131.39404291786644,131.83701763406873,196.767473947621,201.1719330299903,3.40994538141597,3.0104834123564777,0.10424918034035682,0.09525574090512172,0.9866152002681415,1.035058850622202,71.37645699072169,74.22457108294182,29.89896511984747,30.879718614718616,0,1,95.56022385727923,92.94835674078327,2.611867116495958,51.069745069745075,34.444444444444436,16.62530062530064,24.016354016354025,0.0,24.016354016354025,0
VCT 2025: EMEA Stage 1,Playoffs,Upper Round 1,BBL Esports,Natus Vincere,50.0,50.0,0,0,66.66666666666666,1547.236834014472,1500.0,50.0,50.0,50.0,0,0,40.0,1492.503376017975,1495.5668945620932,36.66666666666667,1.149469421101774,1.0691803190273779,133.14756847183318,126.25096668037845,203.71541005291004,190.0833762969057,3.50142909015458,3.42211161387632,0.1006152090465816,0.09912124411536177,1.026865520282187,0.979386768133827,71.67631497043261,70.83655834361717,32.31797924297925,29.094442959001782,0,1,95.149062514811,95.57712449288614,-0.42806197807513513,55.99999999999999,46.666666666666664,9.333333333333329,0.0,0.0,0.0,1
VCT 2025: EMEA Stage 1,Playoffs,Upper Round 1,FNATIC,FUT Esports,50.0,50.0,2,2,60.0,1571.563573880539,1548.1407548990458,39.42307692307692,50.0,50.0,2,2,40.0,1476.9217782702071,1439.0126627366574,0.0,1.1271231786187668,0.9931058846382376,131.62521569933335,127.69741129241129,199.10024372686135,195.1349251565428,3.655512945660005,3.186337583984643,0.10007879799938624,0.10492757362463245,1.0313454329439624,0.9752525934305346,71.6058744360215,69.45511205570028,27.867061457061457,30.889916194916193,0,1,95.99401878631747,93.78195021881653,2.2120685675009355,52.27491806439175,41.26984126984127,11.005076794550476,22.72588522588522,0.0,22.72588522588522,1
VCT 2025: EMEA Stage 1,Playoffs,Lower Round 1,Natus Vincere,Karmine Corp,33.33333333333334,33.33333333333334,1,1,36.36363636363637,1477.6532907204062,1495.5668945620932,36.66666666666667,66.66666666666666,66.66666666666666,1,1,37.5,1475.5139630630697,1500.0,50.0,1.0495854139918313,1.2460150543900543,125.51740772596389,128.49468725718725,188.7204247327242,196.08868492618492,3.3258865911272326,3.3033993783993783,0.10044080043545285,0.104987567987568,0.9689466487167023,1.0669607614607615,70.85968113882552,75.17159090909091,28.940402690001623,28.25,0,1,95.62750849986966,96.60093377734502,-0.9734252774753571,43.589743589743584,42.32804232804233,1.2617012617012549,0.0,0.0,0.0,1
VCT 2025: EMEA Stage 1,Playoffs,Lower Round 1,FUT Esports,Team Vitality,33.333333333333336,33.333333333333336,1,1,33.33333333333333,1464.0008709547071,1439.0126627366574,0.0,66.66666666666666,66.66666666666666,1,1,58.333333333333336,1525.076628948311,1481.7669044244055,34.92063492063492,0.9518844394167923,1.0994520202020202,124.8023063973064,131.54850427350428,190.79646361808128,201.75817793317796,3.1998573975044566,3.28995818995819,0.1076781563752152,0.10351282051282051,0.9478819640599052,1.0355959965959964,67.76933116991941,71.14825637325637,28.44547175047175,31.287896825396825,0,1,94.11480170861611,94.7688309448546,-0.6540292362384861,37.64705882352941,56.44047619047618,-18.79341736694677,0.0,22.28174603174603,-22.28174603174603,1
VCT 2025: EMEA Stage 1,Playoffs,Upper Semifinals,Team Heretics,BBL Esports,66.66666666666666,66.66666666666666,1,1,73.33333333333333,1619.7633220733192,1563.004296110152,59.4059405940594,33.333333333333336,33.333333333333336,1,1,70.0,1562.0869193120407,1500.0,50.0,1.1219258388197006,1.1456653361344538,130.85453845928978,132.375668767507,199.18722756320918,202.72958333333332,3.595141025187801,3.5084290382819794,0.09320526498909526,0.099125116713352,1.0314232780971442,1.0280361111111112,74.19388143918869,71.82296918767506,24.115051892551893,32.23618131868132,0,1,95.45088596071211,95.39635553006761,0.05453043064450469,62.89855072463767,58.78787878787879,4.110671936758884,0.0,0.0,0.0,1
VCT 2025: EMEA Stage 1,Playoffs,Upper Semifinals,Team Liquid,FNATIC,16.66666666666667,16.66666666666667,2,2,66.66666666666666,1583.9280515650742,1493.0518077430106,18.269230769230766,83.33333333333333,83.33333333333333,2,2,60.0,1584.484481196039,1548.1407548990458,39.42307692307692,1.1326268614052972,1.131264592760181,133.48549341257646,132.21713489125253,200.9635947688014,200.35074877736642,3.5760742679843505,3.660226750373809,0.08928100903349255,0.10181617173675998,1.0387946543029867,1.0364632780618075,73.06400565428699,71.72708655723362,33.517558433629866,28.346691086691084,0,1,95.32028302401223,95.85214832793588,-0.5318653039236523,65.60495626822158,53.6518283975911,11.953127870630482,17.35119047619047,25.094627594627596,-7.743437118437125,0
VCT 2025: EMEA Stage 1,Playoffs,Lower Round 2,BBL Esports,FUT Esports,66.66666666666666,66.66666666666666,1,1,63.63636363636363,1547.3820792574593,1500.0,50.0,33.33333333333334,33.33333333333334,1,1,40.0,1484.6632973906915,1439.0126627366574,0.0,1.1285846490111195,0.9767733283056812,132.62434534419828,125.31489898989899,202.82487373737374,191.0097969514146,3.4824102368220013,3.17319073083779,0.10041677276971393,0.10513000822706706,1.0221540404040406,0.9608745566524978,71.68754774637127,68.42859042917867,31.396528471528473,34.14917545417545,0,1,95.56258053696804,93.7965939984378,1.7659865385302425,55.55555555555555,39.78835978835979,15.767195767195759,0.0,0.0,0.0,1
VCT 2025: EMEA Stage 1,Playoffs,Lower Round 2,Team Liquid,Natus Vincere,33.33333333333334,33.33333333333334,1,1,66.66666666666666,1568.752394849159,1493.0518077430106,18.269230769230766,66.66666666666666,66.66666666666666,1,1,41.66666666666667,1492.7596982077594,1495.5668945620932,36.66666666666667,1.1377469693675104,1.0489182084398803,134.02125589570738,126.00937813476514,201.9805988173844,189.22179284710242,3.6036046323568196,3.3908346383578585,0.08886535451257487,0.0998777512763581,1.0411887163812592,0.968902849042942,73.3295926988214,70.8538305176076,34.350891766963194,29.516797703930056,0,1,95.38809375494486,95.81365502185021,-0.4255612669053477,64.46932773109245,48.25396825396825,16.215359477124196,15.880602240896359,0.0,15.880602240896359,1
VCT 2025: EMEA Stage 1,Playoffs,Upper Final,Team Heretics,FNATIC,83.33333333333333,83.33333333333333,2,2,73.33333333333333,1634.4681621279005,1563.004296110152,59.4059405940594,16.666666666666668,16.666666666666668,2,2,66.66666666666666,1599.6601379119543,1548.1407548990458,39.42307692307692,1.0989036165974786,1.1487517722473606,131.11231623706755,134.00148037033486,199.52056089654252,202.87652475577397,3.6662521362989127,3.744977087755726,0.09249415387798415,0.10082561843041721,1.0260899447638108,1.048406597899864,74.06054810585535,72.3338341955602,24.471177248677247,30.974611314611312,0,1,95.49308032778436,96.32003753020246,-0.8269572024181002,63.05555555555556,54.31318681318681,8.742368742368747,14.444444444444438,26.205738705738714,-11.761294261294276,0
VCT 2025: EMEA Stage 1,Playoffs,Lower Final,Team Heretics,Team Liquid,33.333333333333336,33.333333333333336,1,1,73.33333333333333,1615.1107722932597,1563.004296110152,59.4059405940594,66.66666666666666,66.66666666666666,1,1,73.33333333333333,1580.6798032026766,1493.0518077430106,18.269230769230766,1.0889548986487607,1.1683002757102905,130.69693162168292,135.67901567978294,199.16671474269637,204.37439099012394,3.6200982901450662,3.721553350305538,0.09141723080106107,0.08504889027505799,1.01932071399458,1.063123939053324,73.56824041354766,74.22702859625728,26.698955026455028,36.36023242630385,0,1,95.20172034609953,96.18222812026178,-0.9805077741622483,63.05555555555556,65.67689255189255,-2.621336996336993,14.444444444444438,15.175264550264556,-0.7308201058201185,1
VCT 2025: EMEA Stage 1,Playoffs,Grand Final,FNATIC,Team Heretics,33.33333333333333,33.33333333333333,3,3,66.66666666666666,1619.017527746595,1548.1407548990458,39.42307692307692,66.66666666666667,66.66666666666667,3,3,73.33333333333333,1630.9722944956075,1563.004296110152,59.4059405940594,1.1615242081447965,1.122751724045586,134.7925060113605,132.01788400263533,203.9617811660304,201.08512744110905,3.6751052928839303,3.6299395599863358,0.10055959278939157,0.09096643715026742,1.0565187773870437,1.029215952089818,72.71043675966277,74.1637959691032,32.42461131461131,30.314510582010584,0,1,96.06175094413246,94.81804824257158,1.2437027015608777,54.31318681318681,64.87179487179488,-10.558608058608066,26.205738705738714,10.555555555555552,15.650183150183162,1
VCT 2025: Pacific Stage 1,Playoffs,Upper Round 1,TALON,Gen.G,33.33333333333334,33.33333333333334,1,1,45.45454545454545,1484.8979063772938,1462.0366204070108,0.0,66.66666666666666,66.66666666666666,1,1,53.84615384615385,1527.8660258751308,1490.1836859965138,34.92063492063492,1.03299506554052,1.1590623169565477,126.67034379761652,131.01626247683942,193.6244735062917,200.45579537983383,3.027800482345937,3.538259817105971,0.10228179900907174,0.09849004841312534,0.9564464222646041,1.0399624125874125,70.45842541297087,73.25704829358675,27.8487012987013,33.99554921574152,0,1,95.46299601455875,94.78186415498924,0.6811318595695184,37.450980392156865,62.13636363636363,-24.68538324420677,0.0,0.0,0.0,0
VCT 2025: Pacific Stage 1,Playoffs,Upper Round 1,DRX,T1,83.33333333333333,83.33333333333333,2,2,73.33333333333333,1649.0706814439218,1579.0407811572811,60.57692307692308,16.66666666666667,16.66666666666667,2,2,61.53846153846154,1533.2492699676645,1503.0368048028495,50.0,1.1368389283918696,1.0103940510399811,130.84101537351538,129.52905800637402,199.96451416230826,195.11968191554325,4.130826134649664,3.3785907052968565,0.09942101264748325,0.10747184595285593,1.0332049666020253,0.9790869830112249,73.85804021142256,69.60083101398476,35.1929365079365,31.668795093795094,0,1,96.21653282166456,96.38730564408372,-0.17077282241916691,59.28151260504201,54.18871252204585,5.092800082996163,27.03781512605041,0.0,27.03781512605041,1
VCT 2025: Pacific Stage 1,Playoffs,Upper Semifinals,BOOM Esports,Gen.G,66.66666666666666,66.66666666666666,1,1,55.55555555555556,1536.4959818883535,1472.83688211738,0.0,33.33333333333334,33.33333333333334,1,1,57.14285714285714,1541.1957341419345,1490.1836859965138,34.92063492063492,1.1175490420073753,1.1546650086025085,131.98640171556838,130.43771991896992,202.4065776815777,199.8458576146076,3.6997494789161456,3.565288877788878,0.09819664902998237,0.09818123543123544,1.0342634479717814,1.0400246212121211,73.48791085457752,73.11964008214008,29.90725108225108,33.09110522414094,0,1,95.31606703692388,94.97167235371212,0.34439468321176037,63.63636363636363,59.971139971139976,3.6652236652236567,0.0,0.0,0.0,0
VCT 2025: Pacific Stage 1,Playoffs,Upper Semifinals,Rex Regum Qeon,DRX,50.0,50.0,0,0,55.55555555555556,1513.3233881249093,1500.0,50.0,50.0,50.0,0,0,80.0,1661.011623518472,1579.0407811572811,60.57692307692308,1.1699586488311977,1.1390167061696475,133.19081571115885,131.27697496947496,202.59634517624715,200.74835254614666,3.822654778046935,4.173250377073907,0.08680116334283,0.09701293183940243,1.0690753309870957,1.0361382999353588,74.41752251016958,74.50571697909933,36.8689874939875,35.75126984126984,0,1,97.22392995078123,96.2001109114716,1.023819039309629,53.88392857142858,59.855351976856305,-5.971423405427728,0.0,27.990196078431374,-27.990196078431374,1
VCT 2025: Pacific Stage 1,Playoffs,Lower Round 1,T1,Paper Rex,66.66666666666666,66.66666666666666,1,1,57.14285714285714,1521.3083278931142,1503.0368048028495,50.0,33.333333333333336,33.333333333333336,1,1,46.666666666666664,1503.0913076422185,1535.3028339316259,39.42307692307692,1.0026186517898728,1.0460192742156365,128.8209384784462,132.31864008970047,194.38585848201544,201.03043760848715,3.3900100505229056,3.2333129349151024,0.10858649431886072,0.10178064131431006,0.9748664842247088,1.004369474187663,69.49198044705179,72.1977607506013,30.194272394272392,23.59941058941059,0,1,96.47821465708941,95.35040086640954,1.1278137906798662,52.21386800334168,47.885835095137416,4.328032908204264,0.0,16.287878787878785,-16.287878787878785,0
VCT 2025: Pacific Stage 1,Playoffs,Lower Round 2,DRX,TALON,50.0,50.0,0,0,73.33333333333333,1639.7133504598698,1579.0407811572811,60.57692307692308,50.0,50.0,0,0,41.66666666666667,1471.5681981104901,1462.0366204070108,0.0,1.1265079342398228,1.0186251063751064,130.55614163614163,125.39688922188923,200.25120342333963,191.17891552891555,4.168425815670398,3.0162245162245163,0.09740328271659542,0.10250831575831576,1.0298882999353587,0.943825887075887,74.26865557559056,69.83226033226033,36.47719576719577,27.652976190476192,0,1,96.04968041762729,95.41575438231368,0.6339260353136069,59.010910815939276,40.13227513227513,18.878635683664143,26.740196078431378,0.0,26.740196078431378,1
VCT 2025: Pacific Stage 1,Playoffs,Lower Round 2,BOOM Esports,Paper Rex,66.66666666666666,66.66666666666666,1,1,50.0,1519.1340421170773,1472.83688211738,0.0,33.33333333333334,33.33333333333334,1,1,46.666666666666664,1519.0875566398586,1535.3028339316259,39.42307692307692,1.079885046897547,1.0450249722213345,129.76957972582971,132.5445660156264,198.82046536796537,201.22815840620794,3.529774531024531,3.2475579491601163,0.10137698412698412,0.10014246467613343,1.011564375901876,1.0067683345865235,72.43002886002886,72.52568097852154,29.55652597402597,26.85069264069264,0,1,94.9575885728815,95.26219700879717,-0.304608435915668,57.87545787545787,49.831649831649834,8.043808043808035,0.0,17.55050505050505,-17.55050505050505,0
VCT 2025: Pacific Stage 1,Playoffs,Upper Final,Gen.G,Rex Regum Qeon,66.66666666666666,66.66666666666666,1,1,60.0,1558.5576739132107,1490.1836859965138,34.92063492063492,33.33333333333334,33.33333333333334,1,1,60.0,1534.6216611835116,1500.0,50.0,1.172251443926444,1.175462783948078,131.2290514115514,134.17728969559852,200.54331326081325,203.67004399195577,3.6045260295260295,3.8626115224644635,0.09635376845376847,0.08673215811965812,1.0498178515928516,1.072445575666164,73.36294612794613,74.67021470359705,33.09110522414094,35.88208874458875,0,1,94.97573041096327,97.3427201067168,-2.3669896957535315,61.712779973649546,55.7796451914099,5.933134782239648,0.0,0.0,0.0,1
VCT 2025: Pacific Stage 1,Playoffs,Lower Round 3,DRX,Paper Rex,83.33333333333333,83.33333333333333,2,2,73.33333333333333,1649.4037353192502,1579.0407811572811,60.57692307692308,16.66666666666667,16.66666666666667,2,2,46.666666666666664,1536.689911448716,1535.3028339316259,39.42307692307692,1.1395335752654638,1.0757648989612612,131.18178266178268,134.0566539277143,201.9127418848781,203.92266390071345,4.158169405413988,3.219352820954988,0.09796738528069798,0.0979263474600162,1.0418882999353587,1.0275119243301132,74.3917324986675,73.27330002614057,37.60608465608466,28.684025974025975,0,1,96.04297300603955,95.24379970945799,0.7991732965815572,59.010910815939276,50.75504205938988,8.255868756549397,26.740196078431378,18.832556332556326,7.907639745875052,0
VCT 2025: Pacific Stage 1,Playoffs,Lower Final,Rex Regum Qeon,Paper Rex,50.0,50.0,0,0,54.54545454545454,1518.2322700199134,1500.0,50.0,50.0,50.0,0,0,46.666666666666664,1559.8074205329829,1535.3028339316259,39.42307692307692,1.1353904096497678,1.0779617243580866,132.0460209353926,133.28014599120635,200.1485248411719,202.76552104357057,3.753889262846482,3.097130598732766,0.08787771950271951,0.09767555380922253,1.0459808263631794,1.027321448139637,73.77898306387611,72.90060161344218,35.483717040535225,30.26974025974026,0,1,96.1271578725111,95.24645020460201,0.8807076679090926,53.174603174603185,51.66252187528782,1.512081299315362,0.0,19.93145743145742,-19.93145743145742,1
VCT 2025: Pacific Stage 1,Playoffs,Grand Final,Gen.G,Rex Regum Qeon,83.33333333333333,83.33333333333333,2,2,60.0,1574.947065076809,1490.1836859965138,34.92063492063492,16.66666666666667,16.66666666666667,2,2,58.333333333333336,1535.2425139502413,1500.0,50.0,1.189125518000518,1.112274542178954,131.84979215229217,130.5321858574432,201.95072066822067,197.81614777107424,3.551192696192696,3.7143984909426084,0.09771673141673141,0.09178790954415955,1.061151184926185,1.0299824241662476,73.1970202020202,73.13740114188643,35.3530099860457,35.806502525252526,0,1,94.84969814242979,95.85296390649901,-1.0032657640692264,63.05555555555556,56.19047619047619,6.865079365079367,0.0,0.0,0.0,0
VCT 2025: China Stage 1,Playoffs,Upper Round 1,Titan Esports Club,Wolves Esports,50.0,50.0,0,0,50.0,1506.7491360314725,1500.0,50.0,50.0,50.0,0,0,42.857142857142854,1488.0845815152088,1500.0,50.0,0.9917221268315017,0.9875724275724276,134.25059523809523,137.99865319865322,196.91642055860805,194.84401154401152,1.6986607142857144,1.122077922077922,0.09782936507936509,0.10332323232323233,0.9703194444444444,1.0941818181818184,73.0624007936508,71.63853923853924,15.0,15.0,0,1,99.47611445960527,96.09253858251815,3.383575877087125,50.0,45.41666666666666,4.583333333333343,0.0,0.0,0.0,0
VCT 2025: China Stage 1,Playoffs,Upper Round 1,Xi Lai Gaming,Nova Esports,50.0,50.0,0,0,70.0,1557.6078523098884,1500.0,50.0,50.0,50.0,0,0,55.55555555555556,1516.2103152410089,1500.0,50.0,1.1426292791273054,1.0194431951490774,139.73504273504273,131.25625,204.96543527379055,201.53548951048953,0.8881944444444445,0.6027777777777777,0.08951566951566953,0.12508333333333332,1.1293589743589743,1.0093958333333335,76.09544159544159,72.25694444444444,15.0,15.0,0,1,96.215596868128,99.1430975283905,-2.9275006602624956,66.38888888888889,55.10204081632652,11.286848072562364,0.0,0.0,0.0,1
VCT 2025: China Stage 1,Playoffs,Lower Round 1,Titan Esports Club,Dragon Ranger Gaming,66.66666666666666,66.66666666666666,1,1,44.44444444444444,1488.2045565719895,1500.0,50.0,33.333333333333336,33.333333333333336,1,1,54.54545454545454,1510.6254080005126,1500.0,50.0,0.9881974460724461,0.999922637522905,132.12127976190476,129.8030131633073,196.00718864468865,194.28143503110078,1.8062169312169312,1.179523017089862,0.10220535714285714,0.10489902560674619,0.9745729166666668,0.9729428475935828,71.88992063492063,72.76240487453722,15.0,15.0,0,1,99.50578693078326,97.85846040860866,1.6473265221745947,44.28571428571429,64.39393939393939,-20.1082251082251,0.0,0.0,0.0,0
VCT 2025: China Stage 1,Playoffs,Lower Round 1,Nova Esports,Trace Esports,50.0,50.0,0,0,50.0,1500.6975168944,1500.0,50.0,50.0,50.0,0,0,61.53846153846154,1539.2506581533657,1495.2629277190658,46.34146341463415,0.9798834910187851,1.1251886660348198,120.37596153846152,123.17983405483405,196.14347902097902,199.48425602175604,0.7578846153846154,1.8097658751504906,0.12646581196581197,0.09566782622139766,0.8939561965811965,0.9485176767676767,68.03886217948718,71.19278756957328,15.0,11.366666666666667,0,1,96.34873732105397,97.26013517329088,-0.9113978522369024,48.412698412698404,56.14035087719298,-7.727652464494575,0.0,22.22222222222222,-22.22222222222222,0
VCT 2025: China Stage 1,Playoffs,Upper Semifinals,Bilibili Gaming,Wolves Esports,66.66666666666666,66.66666666666666,1,1,46.666666666666664,1511.539600747058,1453.9337923135488,20.5607476635514,33.33333333333334,33.33333333333334,1,1,50.0,1506.6291609746918,1500.0,50.0,1.0120253459503459,1.0002092074592075,125.952557319224,137.83232323232323,194.61743793243792,195.38017676767677,1.884973544973545,1.4318181818181819,0.10344761904761905,0.09882575757575758,0.966968253968254,1.0808030303030305,68.77412698412698,72.1955710955711,8.426098901098902,15.0,0,1,95.45811304509776,96.34490284788453,-0.8867898027867653,41.38888888888889,49.25925925925927,-7.870370370370374,0.0,0.0,0.0,0
VCT 2025: China Stage 1,Playoffs,Upper Semifinals,EDward Gaming,Xi Lai Gaming,66.66666666666666,66.66666666666666,1,1,86.66666666666667,1638.1778044425855,1570.597134487021,100.0,33.33333333333334,33.33333333333334,1,1,72.72727272727273,1573.1206506564972,1500.0,50.0,1.191095323576206,1.2256960388760627,135.86781020100346,142.11946386946386,211.0289277226042,208.4065940505534,1.8061364289305466,1.0967056932966024,0.08567530473727954,0.08645493395493396,1.091262501154308,1.1954283216783215,74.46371317757873,77.59430846930847,19.495421245421245,15.0,0,1,98.14486891333112,94.92396307417,3.2209058391611194,55.68013068013068,68.33333333333333,-12.653202653202648,26.846764346764363,0.0,26.846764346764363,0
VCT 2025: China Stage 1,Playoffs,Lower Round 2,Bilibili Gaming,Trace Esports,16.666666666666668,16.666666666666668,2,2,46.666666666666664,1493.6908697891417,1453.9337923135488,20.5607476635514,83.33333333333333,83.33333333333333,2,2,64.28571428571429,1554.905653142898,1495.2629277190658,46.34146341463415,1.0222983618233619,1.1402466184609041,126.55784832451498,126.23985776128633,195.60473951973952,201.0496663059163,1.9605291005291006,2.0090683126397413,0.1040952380952381,0.09420934794372295,0.9879735449735451,0.9833008658008657,69.71507936507936,72.14368912337662,10.111318681318682,11.366666666666667,0,1,95.90610251504951,96.72081209599045,-0.8147095809409421,39.18414918414918,59.36507936507935,-20.180930180930176,0.0,25.555555555555554,-25.555555555555554,1
VCT 2025: China Stage 1,Playoffs,Lower Round 2,EDward Gaming,Dragon Ranger Gaming,83.33333333333333,83.33333333333333,2,2,80.0,1617.320196996056,1570.597134487021,100.0,16.666666666666668,16.666666666666668,2,2,58.333333333333336,1524.8458749084546,1500.0,50.0,1.1768628449437273,0.9966513066182184,134.96597869917198,130.00241053064582,210.12909866277514,193.97464877850908,1.7839142067083245,1.4701183212212623,0.09091339997537476,0.1068525538187303,1.0608668967587034,0.9723542780748662,74.45272416658972,72.4499238996298,23.041514041514045,15.0,0,1,98.1459794154597,97.94037748198755,0.2056019334721526,53.252089790551324,63.717948717948715,-10.465858927397392,27.27411477411477,0.0,27.27411477411477,1
VCT 2025: China Stage 1,Playoffs,Lower Round 3,EDward Gaming,Bilibili Gaming,83.33333333333333,83.33333333333333,2,2,80.0,1628.5674304523866,1570.597134487021,100.0,16.666666666666668,16.666666666666668,2,2,46.666666666666664,1514.3601251140399,1453.9337923135488,20.5607476635514,1.1829910500719325,1.0470539173789173,136.11511527687998,126.5405643738977,210.79576532944182,195.7573321123321,1.8212768440709617,1.956084656084656,0.09455547218887557,0.10400634920634921,1.0728998637916705,1.0061463844797178,74.80515744759442,70.66174603174603,24.523809523809526,8.966071428571428,0,1,98.06724183012464,95.33035109546421,2.7368907346604345,53.95880574452002,41.05672105672106,12.902084687798961,21.59391534391535,0.0,21.59391534391535,0
VCT 2025: China Stage 1,Playoffs,Lower Final,Wolves Esports,Bilibili Gaming,50.0,50.0,2,2,55.55555555555556,1524.4778919326081,1500.0,50.0,50.0,50.0,2,2,53.333333333333336,1534.3840840375344,1453.9337923135488,20.5607476635514,1.0203341103341104,1.064520584045584,139.3991919191919,128.26649029982363,197.58237934904602,197.20510989010987,1.6134680134680135,2.0049735449735446,0.09772727272727273,0.10270634920634922,1.0794424242424243,1.023831569664903,72.7297902097902,71.09174603174604,15.0,8.376984126984128,0,1,96.5341814712982,95.26422554072927,1.2699559305689263,54.54545454545454,41.05672105672106,13.48873348873348,0.0,0.0,0.0,0
VCT 2025: China Stage 1,Playoffs,Grand Final,Xi Lai Gaming,Bilibili Gaming,16.66666666666667,16.66666666666667,2,2,75.0,1593.9782581030267,1500.0,50.0,83.33333333333333,83.33333333333333,2,2,60.0,1551.4824032717038,1453.9337923135488,20.5607476635514,1.211530892779248,1.0811983618233618,139.6955710955711,128.75167548500883,207.6108064511025,198.01510989010987,1.3981706950456951,1.8894179894179894,0.0863068043068043,0.10405634920634921,1.162056943056943,1.0477019400352736,77.56116106116106,71.14007936507936,15.0,3.9583333333333335,0,1,95.12271165319932,95.40478168048807,-0.2820700272887535,71.11742424242425,42.847866419294995,28.269557823129254,0.0,0.0,0.0,1
VCT 2025: Americas Stage 1,Playoffs,Upper Round 1,MIBR,100 Thieves,33.33333333333334,33.33333333333334,1,1,72.72727272727273,1567.753877463091,1500.0,50.0,66.66666666666666,66.66666666666666,1,1,53.333333333333336,1520.3534056214849,1511.649084807243,36.53846153846153,1.0828546831955923,1.0582691512248787,130.80248022179842,131.14800055007487,197.82848540348542,199.54473927975474,3.7961619188891915,3.526087789059925,0.09809915463324553,0.09752947880006704,1.0037957370911916,1.0059481239520713,72.42603305785124,72.71843586496064,33.39646464646464,29.08760942760943,0,1,95.69673571550668,95.01905528468058,0.6776804308261006,51.42857142857142,55.833333333333336,-4.404761904761912,0.0,24.305555555555546,-24.305555555555546,1
VCT 2025: Americas Stage 1,Playoffs,Upper Round 1,Sentinels,Cloud9,50.0,50.0,0,0,66.66666666666666,1608.4650073093865,1569.8537225227467,62.376237623762385,50.0,50.0,0,0,50.0,1501.0974668325598,1501.6461131968745,50.0,1.1265253515490357,1.0594855387990063,132.47930226206543,130.2846689258454,202.35781655479022,197.9327337093591,3.6268489551384286,3.6585550929978172,0.0998627983127983,0.09706040940483666,1.0727570428109903,1.0100409236446388,74.71585300664248,72.42065491268278,32.150268184196754,32.69839997964998,0,1,95.06568049622116,95.69721870306452,-0.6315382068433593,61.39553429027112,58.62745098039216,2.7680833098789606,15.075757575757576,17.222222222222218,-2.1464646464646417,1
VCT 2025: Americas Stage 1,Playoffs,Lower Round 1,100 Thieves,NRG,33.333333333333336,33.333333333333336,1,1,46.666666666666664,1505.1397777378909,1511.649084807243,36.53846153846153,66.66666666666666,66.66666666666666,1,1,36.36363636363637,1458.9118995184137,1481.9732038200639,33.33333333333333,1.002474279430007,1.0858885746606335,128.28680396887827,132.44577360672915,195.03704697206246,201.5078179060518,3.461814284786421,3.0761970415361914,0.10003546170604995,0.09471734021677732,0.9757532521571995,1.045992894505032,71.83946150598628,74.35567068146226,28.676498316498318,33.38156237701692,0,1,95.24402738977365,93.16847856800462,2.0755488217690328,54.08163265306123,34.444444444444436,19.63718820861679,21.130952380952383,0.0,21.130952380952383,1
VCT 2025: Americas Stage 1,Playoffs,Lower Round 1,Cloud9,Evil Geniuses,50.0,50.0,0,0,46.15384615384615,1488.7696021152765,1501.6461131968745,50.0,50.0,50.0,0,0,66.66666666666666,1569.3089122065007,1592.6952688862516,81.18811881188118,1.0395251127375442,1.090566778938296,129.5231263457508,133.40091004970262,196.5000382169232,202.02079303565372,3.584228369867808,3.538535547699634,0.09781907613700899,0.09894742464278068,0.9974933969737495,1.0224223021560481,72.27587080697346,71.89349854823539,32.663907673523056,28.32596806243865,0,1,95.59498547985476,94.19936023696825,1.39562524288651,56.481481481481474,57.607142857142854,-1.1256613756613802,13.888888888888884,0.0,13.888888888888884,0
VCT 2025: Americas Stage 1,Playoffs,Upper Semifinals,KRÜ Esports,MIBR,33.333333333333336,33.333333333333336,1,1,53.333333333333336,1526.8171060332422,1425.7222083665558,21.153846153846153,66.66666666666666,66.66666666666666,1,1,75.0,1582.967505346685,1500.0,50.0,1.117258123466947,1.120798611111111,132.00354378708093,131.40227353664855,200.2243584270906,199.19126313501314,3.3613528533729773,3.7601181226181226,0.09439429738361628,0.09727270992895994,1.038403720282126,1.015752152939653,72.76769201300935,72.90568181818182,33.91602841602842,34.863425925925924,0,1,95.3725630283413,95.65244432362019,-0.2798812952788836,46.332833832833835,53.95891690009337,-7.626083067259536,0.0,0.0,0.0,0
VCT 2025: Americas Stage 1,Playoffs,Upper Semifinals,G2 Esports,Sentinels,75.0,75.0,4,4,73.33333333333333,1630.4518146362427,1503.4110732395798,38.31775700934579,25.0,25.0,4,4,66.66666666666666,1620.7928720266698,1569.8537225227467,62.376237623762385,1.0905490020328257,1.1188516918753761,132.64426065220184,132.46205284481601,202.9925352806235,202.39231538928908,3.7559516083045494,3.6333757616652353,0.09534935968171263,0.09911221556221556,1.0352848963672492,1.065554245608193,71.82035764888705,74.88601617680565,31.518073451602863,34.566594714809,0,1,94.30057979318588,95.25547259422177,-0.9548928010358964,63.83653383653384,61.71630094043887,2.1202328960949686,41.02869352869353,12.575757575757574,28.452935952935956,0
VCT 2025: Americas Stage 1,Playoffs,Lower Round 2,G2 Esports,100 Thieves,50.0,50.0,0,0,73.33333333333333,1614.8293532595062,1503.4110732395798,38.31775700934579,50.0,50.0,0,0,46.666666666666664,1520.4117399838174,1511.649084807243,36.53846153846153,1.108821224255048,1.0342819717376992,133.0045384299796,128.62398345605777,203.7264241695124,195.32294440795988,3.7812293860823276,3.4233527463248823,0.09699102634837929,0.09803546170604995,1.0500987852561383,0.9940192777982252,72.60007987110929,72.68914099316575,32.50474011826953,30.840784030784032,0,1,94.78933444104474,94.78302771535881,0.006306725685931269,63.143998858284576,55.79004329004328,7.353955568241297,35.82667332667332,22.51984126984127,13.306832056832054,1
VCT 2025: Americas Stage 1,Playoffs,Upper Final,MIBR,Sentinels,33.333333333333336,33.333333333333336,1,1,76.92307692307693,1597.7476100890676,1500.0,50.0,66.66666666666666,66.66666666666666,1,1,66.66666666666666,1636.4153334034063,1569.8537225227467,62.376237623762385,1.1394945759368835,1.1104389934626775,131.96304539477617,131.96205284481601,200.39548549740857,201.1214159183896,3.683896018511403,3.6217355500250235,0.09736415827761982,0.09902755947755947,1.0261972536010997,1.0561891662431135,73.12003765465305,74.40823839902787,38.07393162393162,34.52705389848247,0,1,95.63524677992028,95.15032605130406,0.48492072861621693,55.52469135802469,61.190836940836945,-5.6661455828122556,0.0,16.107503607503617,-16.107503607503617,0
VCT 2025: Americas Stage 1,Playoffs,Lower Round 3,G2 Esports,Evil Geniuses,50.0,50.0,0,0,80.0,1625.9974347939412,1503.4110732395798,38.31775700934579,50.0,50.0,0,0,66.66666666666666,1582.9005842620843,1592.6952688862516,81.18811881188118,1.1207269481607718,1.0829604297319468,132.46043068587184,132.88725925605183,203.37827602136426,201.71095176581244,4.053283258136199,3.5220276111916977,0.09418967954703249,0.09929663099198702,1.0601459233032764,1.013095318029064,73.2209552919847,71.82238743712428,34.2714067849362,28.92596806243865,0,1,95.00313270084659,94.46311280296223,0.5400198978843633,62.53071253071253,57.607142857142854,4.9235696735696735,39.01515151515152,0.0,39.01515151515152,1
VCT 2025: Americas Stage 1,Playoffs,Lower Final,MIBR,G2 Esports,33.33333333333334,33.33333333333334,1,1,71.42857142857143,1582.0983483711566,1500.0,50.0,66.66666666666666,66.66666666666666,1,1,80.0,1639.321596712429,1503.4110732395798,38.31775700934579,1.1204490450026163,1.1185451299789535,131.62895031555746,132.1877034131446,199.5509100026957,203.08130632439455,3.7166789559646705,4.053283258136199,0.09989937146187146,0.09631089166824462,1.0170811232418375,1.0576610748184279,72.52983088340231,73.33610680713622,38.24722222222222,34.15140678493619,0,1,95.63952887338134,95.03463533227261,0.6048935411087228,51.16666666666666,62.20446220446221,-11.037795537795553,0.0,33.17099567099567,-33.17099567099567,0
VCT 2025: Americas Stage 1,Playoffs,Grand Final,Sentinels,G2 Esports,40.0,40.0,5,5,73.33333333333333,1652.0645951213173,1569.8537225227467,62.376237623762385,60.0,60.0,5,5,80.0,1654.0487757714022,1503.4110732395798,38.31775700934579,1.1315102185339028,1.1219448283198283,131.84011552287868,132.42691909941908,201.55503415200783,203.85325202575203,3.5544990827885568,4.315425037925038,0.09577969622969622,0.09453713601213602,1.0651635252174725,1.0596309089059088,74.79912158991107,73.89085793835794,35.558189429618004,35.17179894179894,0,1,95.10067287110752,95.05916129538859,0.041511575718928384,62.22629521016616,63.1802822500497,-0.9539870398835433,12.75252525252526,31.502849002849004,-18.750323750323744,0
VCT 2025: Americas Stage 2,Group Stage,Week 1,Cloud9,FURIA,66.66666666666666,66.66666666666666,1,1,42.857142857142854,1475.177930059693,1501.6461131968745,50.0,33.33333333333334,33.33333333333334,1,1,8.333333333333332,1372.806901292945,1441.4313873690974,0.0,1.0272733189705767,0.8762918728874611,129.36671255914953,119.15182244226362,196.12146405857152,180.24008836343396,3.5567834863058216,2.957578995078995,0.09821295165103215,0.109871580353198,0.9917676781422912,0.8603197478583509,71.79902289218964,66.84500829372153,32.64823172858887,27.42527427637722,0,1,95.69416385488005,96.08172403100266,-0.3875601761226193,56.481481481481474,32.5,23.981481481481474,13.888888888888884,16.666666666666668,-2.777777777777784,1
VCT 2025: Americas Stage 2,Group Stage,Week 1,LEVIATÁN,LOUD,33.333333333333336,33.333333333333336,1,1,40.0,1427.990527305889,1481.5834498455567,61.6822429906542,66.66666666666666,66.66666666666666,1,1,40.0,1507.7054832062943,1614.1402338538935,61.22448979591836,1.0214486851928029,1.0896987844399608,130.8313389551625,133.87508060566884,195.748825928973,203.9652340687635,3.4090129804835687,4.280802596096714,0.10511165120282767,0.09825604373839668,0.9796501653031064,1.0468588570470923,71.54149195575665,72.09860387978034,31.074722695605047,26.722972305472304,0,1,95.47215926373133,97.4411328443583,-1.9689735806269653,51.069745069745075,60.789500985579416,-9.719755915834341,24.016354016354025,14.005602240896353,10.010751775457672,0
VCT 2025: Americas Stage 2,Group Stage,Week 1,Evil Geniuses,2Game Esports,66.66666666666666,66.66666666666666,1,1,60.0,1569.5764223435965,1592.6952688862516,81.18811881188118,33.333333333333336,33.333333333333336,1,1,14.285714285714285,1432.4433444818133,1500.0,50.0,1.0722048741763914,0.8432661782661783,132.18503703382962,122.31824524681667,201.14206287692357,184.5609628466771,3.5398053889694756,3.1278562707134134,0.10071885321420924,0.10859846502703648,1.0043842069179532,0.8452110587824874,71.5957207704576,68.13439734868307,30.213269649740237,36.893537414965984,0,1,94.42583673041682,96.16002067684845,-1.734183946431628,57.04184704184705,34.814814814814824,22.227032227032225,0.0,0.0,0.0,1
VCT 2025: Americas Stage 2,Group Stage,Week 1,MIBR,KRÜ Esports,83.33333333333333,83.33333333333333,2,2,66.66666666666666,1567.3711693121834,1500.0,50.0,16.666666666666668,16.666666666666668,2,2,53.333333333333336,1512.0370012908595,1425.7222083665558,21.153846153846153,1.1073714896214897,1.1144136790225025,131.17749648499648,131.71788722142438,198.89037314537316,199.76819681092903,3.864138454138454,3.327009419029543,0.10204893717393719,0.09421651960583849,1.0080852388352388,1.0327309930093986,72.1706993006993,72.87435867967602,36.94502645502645,34.6978465978466,0,1,95.62575632939716,95.16830003013708,0.45745629926008746,47.474747474747474,45.541310541310544,1.93343693343693,0.0,0.0,0.0,0
VCT 2025: Americas Stage 2,Group Stage,Week 1,100 Thieves,NRG,50.0,50.0,2,2,40.0,1509.2436584493823,1511.649084807243,36.53846153846153,50.0,50.0,2,2,33.33333333333333,1443.6399372724873,1481.9732038200639,33.33333333333333,1.0155142949700224,1.0653052675129882,127.64755247962678,132.75121839876098,193.49701848203398,201.2062404879549,3.248941971914108,3.09762506585262,0.10062805429864254,0.09839830260611994,0.9801707929497404,1.0324379310740572,72.31338341740819,74.251957383933,33.006693121693125,33.59976551226551,0,1,94.78878197242774,93.2727121972677,1.516069775160048,55.41666666666667,33.33333333333333,22.083333333333343,22.083333333333332,0.0,22.083333333333332,1
VCT 2025: Americas Stage 2,Group Stage,Week 1,Sentinels,G2 Esports,33.33333333333334,20.0,6,5,66.66666666666666,1634.5651064139106,1569.8537225227467,62.376237623762385,66.66666666666666,80.0,6,5,86.66666666666667,1671.548264478809,1503.4110732395798,38.31775700934579,1.1279721232958075,1.139553293928294,132.13535361811677,133.4200407925408,202.00598653296024,205.20880758130758,3.6287847970742706,4.464102286602286,0.09714160099160099,0.0951297286047286,1.0640444775984248,1.07579493006993,74.44388349467296,74.20778915528916,34.02247514390372,36.23846560846561,0,1,95.0647908484278,95.72695868804178,-0.6621678396139714,59.784221989190925,65.24592557201252,-5.461703582821599,10.662055335968379,31.328856328856325,-20.666800992887946,1
VCT 2025: Americas Stage 2,Group Stage,Week 2,2Game Esports,G2 Esports,50.0,50.0,0,0,12.5,1422.9495094892072,1500.0,50.0,50.0,50.0,0,0,86.66666666666667,1654.7363673956247,1503.4110732395798,38.31775700934579,0.8687232905982906,1.1540524392274392,122.65346459096459,133.97012626262625,185.62545787545787,206.04265373515372,3.333028083028083,4.5437604062604064,0.10550442612942613,0.09395024142524142,0.8652327533577533,1.086981254856255,68.05990537240537,74.8033447108447,37.728273809523806,37.11941798941799,0,1,95.957759739064,96.52977935227914,-0.572019613215133,34.44444444444445,64.86607142857143,-30.42162698412698,0.0,29.285714285714292,-29.285714285714292,0
VCT 2025: Americas Stage 2,Group Stage,Week 2,FURIA,Sentinels,33.333333333333336,33.333333333333336,1,1,7.6923076923076925,1360.247660000126,1441.4313873690974,0.0,66.66666666666666,66.66666666666666,1,1,73.33333333333333,1651.3770034970948,1569.8537225227467,62.376237623762385,0.8506599536712659,1.1332578375815219,117.24073550883506,132.18773457049772,177.28670878518162,202.5774151043888,2.8661675930906703,3.7240228923123664,0.11165660671656147,0.0957606486106486,0.8410052110408445,1.063234953788901,65.7563390166897,74.5819787327682,28.11563779357897,36.02482993197279,0,1,95.56651943930662,95.05151877112236,0.5150006681842569,31.216931216931215,59.586399108138245,-28.36946789120703,18.055555555555557,12.934782608695649,5.120772946859908,0
VCT 2025: Americas Stage 2,Group Stage,Week 2,100 Thieves,KRÜ Esports,33.333333333333336,33.333333333333336,1,1,46.666666666666664,1523.5593199509042,1511.649084807243,36.53846153846153,66.66666666666666,66.66666666666666,1,1,60.0,1529.6375596331193,1425.7222083665558,21.153846153846153,1.067678397534125,1.1413156398068163,128.35729606937036,132.35187414952895,195.89291591793142,200.78388308543882,3.2191983821705183,3.2969440595524184,0.0992947209653092,0.09246924291738533,1.0058528442317916,1.0458421041205097,73.56671675074152,73.80464190407689,33.36224867724868,37.500809560809564,0,1,94.4746416692508,95.16039471843501,-0.6857530491842141,55.86666666666667,47.555775691274015,8.310890975392653,22.083333333333332,0.0,22.083333333333332,1
VCT 2025: Americas Stage 2,Group Stage,Week 2,NRG,LOUD,50.0,50.0,0,0,30.76923076923077,1429.3242757709654,1481.9732038200639,33.33333333333333,50.0,50.0,0,0,40.0,1519.4779580125671,1614.1402338538935,61.22448979591836,1.036968175929149,1.0819833848298246,131.53366905447757,133.64876481619515,198.99510956284593,203.45977597909487,3.0605296465858505,4.2515628300148425,0.10130257518671427,0.09821705738362087,1.0114811671452837,1.0403422878463127,73.53435119463637,71.92491966925402,33.96388611388612,27.140750083250087,0,1,93.05513332880432,97.3939842182835,-4.33885088947919,33.33333333333333,61.44300144300146,-28.109668109668128,0.0,14.550264550264547,-14.550264550264547,1
VCT 2025: Americas Stage 2,Group Stage,Week 2,Cloud9,Evil Geniuses,33.333333333333336,33.333333333333336,1,1,46.666666666666664,1487.737171352512,1501.6461131968745,50.0,66.66666666666666,66.66666666666666,1,1,60.0,1579.0702573362025,1592.6952688862516,81.18811881188118,1.0874550977058717,1.0586728480326004,131.44529535823654,131.38895860245705,200.07094221224253,199.6829779096033,3.5863312538854335,3.476014539296273,0.09554420941975122,0.10372016040375173,1.019528620811593,0.993662638290502,72.92151227513456,71.12617828679748,33.63834961334961,30.393825205295794,0,1,94.47540052587547,94.61614119439251,-0.14074066851704004,57.719298245614034,59.06666666666667,-1.3473684210526358,17.222222222222218,0.0,17.222222222222218,1
VCT 2025: Americas Stage 2,Group Stage,Week 2,MIBR,LEVIATÁN,83.33333333333333,83.33333333333333,2,2,66.66666666666666,1549.7706109699236,1500.0,50.0,16.666666666666668,16.666666666666668,2,2,33.33333333333333,1416.218052499616,1481.5834498455567,61.6822429906542,1.1209982702482704,1.0109859400947636,131.94587255337257,129.88441085058733,199.89008824508826,194.86490436034555,3.957015947015947,3.445614287673111,0.09963298275798275,0.10609727211786037,1.018355894105894,0.9712214071331718,72.67924630924631,71.25286450477627,37.42002645502645,31.33369705457941,0,1,96.31518764167028,95.60175008151492,0.7134375601553558,44.811854811854815,49.76446492575525,-4.952610113900434,0.0,22.24867724867725,-22.24867724867725,0
VCT 2025: Americas Stage 2,Group Stage,Week 3,2Game Esports,FURIA,33.333333333333336,33.333333333333336,1,1,11.11111111111111,1415.611944996315,1500.0,50.0,66.66666666666666,66.66666666666666,1,1,7.142857142857142,1354.6986464253082,1441.4313873690974,0.0,0.8565194681861349,0.8286286871391914,122.96357346357347,116.39020678201351,185.65472798806132,175.86940418941472,3.3207163207163206,2.7566794316794314,0.10958418125084793,0.11685573798283884,0.8586019536019536,0.8217270610458636,67.09028625695292,65.39279099168805,36.45291005291005,26.928806522609044,0,1,96.13282209423592,95.08367542840836,1.049146665827564,30.95238095238095,31.313131313131308,-0.3607503607503588,0.0,18.055555555555557,-18.055555555555557,1
VCT 2025: Americas Stage 2,Group Stage,Week 3,LEVIATÁN,NRG,33.333333333333336,33.333333333333336,1,1,40.0,1440.2687748897831,1481.5834498455567,61.6822429906542,66.66666666666666,66.66666666666666,1,1,35.714285714285715,1451.3913678066235,1481.9732038200639,33.33333333333333,1.0428996655849596,1.0592177018243194,130.77251542575073,131.41313225388302,196.26359717080308,199.1053489896756,3.3614312811371634,3.012250056445103,0.10624367734661852,0.1026381055305204,0.989048858113564,1.024452292568972,71.96528280542985,73.82585358183269,34.078795093795094,33.32360853432282,0,1,95.15673577680883,93.11048100022845,2.0462547765803833,51.97210197210198,36.825396825396815,15.146705146705166,20.899470899470902,0.0,20.899470899470902,0
VCT 2025: Americas Stage 2,Group Stage,Week 3,Sentinels,Cloud9,66.66666666666666,66.66666666666666,1,1,73.33333333333333,1656.9260170719126,1569.8537225227467,62.376237623762385,33.333333333333336,33.333333333333336,1,1,53.333333333333336,1509.8601111603186,1501.6461131968745,50.0,1.186307837581522,1.109930622181396,134.02634568160883,132.82151913446032,206.12047065994435,202.5310820723824,3.665411781201255,3.5131377806919604,0.09236620416620415,0.09486355673909855,1.0866099537889011,1.0349085741915462,75.31808984387932,73.52850528212757,37.63503401360544,34.81441798941799,0,1,94.45260660645414,94.50282860088038,-0.05022199442623787,59.996706192358374,60.58201058201058,-0.5853043896522081,15.157004830917863,16.66666666666665,-1.509661835748787,1
VCT 2025: Americas Stage 2,Group Stage,Week 3,MIBR,100 Thieves,50.0,50.0,2,2,60.0,1525.7198885797566,1500.0,50.0,50.0,50.0,2,2,46.666666666666664,1541.467193152133,1511.649084807243,36.53846153846153,1.0982621591371593,1.1087895086452362,130.42966884966884,129.43729606937038,197.8743475043475,197.74180480682028,3.893127058127058,3.143642826614963,0.0981098346098346,0.09725027652086475,0.9958281163281163,1.0214528442317916,72.23202408702409,74.12227230629706,37.153359788359786,38.73843915343915,0,1,95.23831160644855,93.9781138356292,1.260197770819346,42.996289424860855,55.86666666666667,-12.870377241805812,0.0,22.083333333333332,-22.083333333333332,1
VCT 2025: Americas Stage 2,Group Stage,Week 3,G2 Esports,Evil Geniuses,66.66666666666666,66.66666666666666,1,1,86.66666666666667,1662.0739318885169,1503.4110732395798,38.31775700934579,33.333333333333336,33.333333333333336,1,1,53.333333333333336,1556.9473175283958,1592.6952688862516,81.18811881188118,1.153749408924409,1.0011172924770448,133.2792171717172,129.86653436003283,206.04265373515372,196.81105871768412,4.531639194139194,3.5051054483871824,0.0952229686979687,0.10553430181789315,1.083041860916861,0.9661353655632293,74.83364774114774,69.89668333730252,37.11941798941799,32.471602983073566,0,1,96.75042784300372,95.2451143164067,1.5053135265970212,66.12605042016807,55.72390572390572,10.402144696262347,30.497198879551824,0.0,30.497198879551824,1
VCT 2025: Americas Stage 2,Group Stage,Week 3,LOUD,KRÜ Esports,25.0,25.0,4,4,33.33333333333333,1497.410865976909,1614.1402338538935,61.22448979591836,75.0,75.0,4,4,60.0,1511.7296864318905,1425.7222083665558,21.153846153846153,1.054407627254067,1.1043459428371194,131.9881587555891,130.2954148193854,200.21129113061002,197.8052546962841,4.221259799711812,3.2337861648155766,0.09785342101998448,0.09656493669728965,1.0180998636038885,1.026272726130079,70.73704088137524,73.04132451970688,28.72741674991675,39.250867386581675,0,1,96.53946018811307,94.50969205316669,2.02976813494638,60.4797335600907,47.555775691274015,12.923957868816686,16.42526455026454,0.0,16.42526455026454,0
VCT 2025: Americas Stage 2,Group Stage,Week 4,Cloud9,2Game Esports,50.0,50.0,0,0,46.666666666666664,1499.2947995869226,1501.6461131968745,50.0,50.0,50.0,0,0,20.0,1428.1740149927407,1500.0,50.0,1.087639713090487,0.9289341880341879,130.79323630617748,126.48721611721612,199.947243688544,191.10258852258852,3.541824649378829,3.4419780219780223,0.09494436481990662,0.10615909645909646,1.0159227156056878,0.8984750915750915,73.32406083768313,68.48792429792431,37.35251322751323,37.97011904761904,0,1,94.30142269134342,94.43332742226414,-0.13190473092072352,56.62525879917184,37.351190476190474,19.274068322981364,16.26984126984127,0.0,16.26984126984127,1
VCT 2025: Americas Stage 2,Group Stage,Week 4,MIBR,NRG,66.66666666666666,66.66666666666666,1,1,60.0,1544.1170519763791,1500.0,50.0,33.33333333333334,33.33333333333334,1,1,40.0,1466.10493035536,1481.9732038200639,33.33333333333333,1.0786742803492804,1.0664550402212167,129.08057794057794,131.55966417769824,195.82545861545861,199.5612886866602,3.8317129167129167,3.085507460089503,0.10103104673104674,0.10238815775441164,0.9831008436008435,1.0274888063977072,71.45182206682207,73.91153741711791,36.659420394420394,32.9187012987013,0,1,95.63457960509251,93.33222395521719,2.3023556498753237,42.996289424860855,38.23529411764706,4.760995307213797,0.0,0.0,0.0,0
VCT 2025: Americas Stage 2,Group Stage,Week 4,Sentinels,Evil Geniuses,66.66666666666666,66.66666666666666,1,1,73.33333333333333,1667.4913286453086,1569.8537225227467,62.376237623762385,33.333333333333336,33.333333333333336,1,1,53.333333333333336,1546.2111124229173,1592.6952688862516,81.18811881188118,1.2085502618239459,0.9928207238495939,135.24452749979065,129.6020735757191,208.01744035691405,196.40566656082137,3.6290481448376184,3.4247132915244367,0.09291165871165871,0.10603920377867747,1.0995190446979919,0.9606549734063666,75.96051408630356,69.8961931412241,39.17253401360544,33.26234372381431,0,1,94.43933059143104,95.18925925110729,-0.7499286596762431,60.87663688247724,52.78399761158382,8.092639270893422,15.579710144927528,0.0,15.579710144927528,1
VCT 2025: Americas Stage 2,Group Stage,Week 4,LEVIATÁN,KRÜ Esports,50.0,50.0,0,0,33.33333333333333,1425.5552123410466,1481.5834498455567,61.6822429906542,50.0,50.0,0,0,60.0,1526.3036051103622,1425.7222083665558,21.153846153846153,1.025810676143029,1.0818940197601963,129.54265117235707,129.2825943065649,194.0569606700489,196.68249828602768,3.374100964395082,3.2549400109694226,0.10804156573274222,0.09860339823575119,0.9774832472538354,1.0149105466428996,71.48323152337859,72.17369631457866,33.37498556998557,40.46587460158889,0,1,95.31222213543086,94.86738930412936,0.44483283130149687,51.92290249433107,49.44270015698587,2.4802023373451973,25.158730158730165,0.0,25.158730158730165,1
VCT 2025: Americas Stage 2,Group Stage,Week 4,FURIA,G2 Esports,33.333333333333336,33.333333333333336,1,1,6.666666666666667,1342.1365764288826,1441.4313873690974,0.0,66.66666666666666,66.66666666666666,1,1,86.66666666666667,1672.8101369939955,1503.4110732395798,38.31775700934579,0.8278629651394358,1.150634879009879,117.18800252035547,132.3985334110334,177.2114439101204,205.43034604284603,2.7586150886150884,4.586340048840048,0.11725583164112577,0.09764348151848151,0.8260881141189965,1.079964937839938,65.72374778271838,74.76390415140415,26.87799719887955,35.255132275132276,0,1,95.2161658037003,96.80354497743741,-1.587379173737105,29.629629629629626,67.30540293040292,-37.675773300773294,19.444444444444446,31.567460317460316,-12.12301587301587,0
VCT 2025: Americas Stage 2,Group Stage,Week 4,LOUD,100 Thieves,33.33333333333334,33.33333333333334,1,1,33.33333333333333,1482.8369472984373,1614.1402338538935,61.22448979591836,66.66666666666666,66.66666666666666,1,1,46.666666666666664,1523.0700297555104,1511.649084807243,36.53846153846153,1.0389294975406431,1.1148407906965183,131.47956147052122,129.75729606937037,198.96664558008212,197.94214668716216,4.118092378897333,3.2021043650765013,0.09735266687217152,0.0950998491704374,1.0056322919598462,1.0215280579070052,70.027840278057,74.35099025501502,29.402164224664222,39.73399470899471,0,1,96.66044963137345,93.97939297090385,2.6810566604696078,58.63939768284809,55.86666666666667,2.7727310161814245,16.81261978475601,22.083333333333332,-5.270713548577323,0
VCT 2025: Americas Stage 2,Group Stage,Week 5,KRÜ Esports,NRG,66.66666666666666,66.66666666666666,1,1,60.0,1506.8154751551467,1425.7222083665558,21.153846153846153,33.33333333333334,33.33333333333334,1,1,46.666666666666664,1487.5916797144475,1481.9732038200639,33.33333333333333,1.0863074812986577,1.0649802927464693,129.47842763989823,130.34821636625043,197.16422905525846,198.0400765654481,3.1594271904566025,2.971029345611389,0.1006290392613922,0.1025632419294958,1.0214810594634125,1.0283642272731284,72.29420913509149,73.93645324203375,41.46381416202845,35.58981240981241,0,1,94.99638551265959,93.34406897756026,1.652316535099331,47.73719744307979,40.925925925925924,6.81127151715387,0.0,0.0,0.0,0
VCT 2025: Americas Stage 2,Group Stage,Week 5,100 Thieves,LEVIATÁN,50.0,50.0,0,0,53.333333333333336,1536.5176936879916,1511.649084807243,36.53846153846153,50.0,50.0,0,0,33.33333333333333,1445.0433422962622,1481.5834498455567,61.6822429906542,1.1325404243961519,1.0296764168837698,130.1818381939125,129.2120956168015,198.6758463208618,193.79307178116002,3.2896501526222885,3.3532676310617484,0.09482512389571213,0.10562026943644591,1.0336232960022433,0.981825839846428,74.51765692168169,71.67767596782302,40.93955026455026,34.76704906204906,0,1,94.32619618142174,95.29633239010786,-0.970136208686128,56.2962962962963,54.15185415185416,2.144442144442138,23.749999999999993,27.439227439227437,-3.6892274392274444,0
VCT 2025: Americas Stage 2,Group Stage,Week 5,FURIA,Evil Geniuses,33.33333333333334,33.33333333333334,1,1,6.666666666666667,1337.5707237439856,1441.4313873690974,0.0,66.66666666666666,66.66666666666666,1,1,46.666666666666664,1534.5168408759748,1592.6952688862516,81.18811881188118,0.8158014266778972,0.9705211287078934,117.43107944343238,127.79667546505782,177.15811057678704,193.69932378079437,2.619127909127909,3.196913021618904,0.11816352394881807,0.10912692307692308,0.8168111910420734,0.9416158371040724,65.29708111605171,69.08107843137255,27.378211284513807,33.32901039048098,0,1,95.31693708595759,94.65624252564967,0.6606945603079168,28.62222222222222,51.42857142857144,-22.806349206349218,20.555555555555557,0.0,20.555555555555557,0
VCT 2025: Americas Stage 2,Group Stage,Week 5,2Game Esports,Sentinels,33.333333333333336,33.333333333333336,1,1,18.181818181818183,1414.127278839267,1500.0,50.0,66.66666666666666,66.66666666666666,1,1,80.0,1679.185600192251,1569.8537225227467,62.376237623762385,0.9061639471639471,1.2660374413111257,124.1142524142524,137.76833702360017,187.97438117438116,212.72366746314117,3.2829170829170833,3.817326533116007,0.11028449328449329,0.0911021349021349,0.8742081252081252,1.1358413890203363,67.67433677433678,77.06600859179807,36.56374458874458,40.23681972789115,0,1,94.05150303085279,94.62614757768857,-0.5746445468357848,35.71428571428571,61.37117890634515,-25.656893192059442,0.0,16.17494824016562,-16.17494824016562,0
VCT 2025: Americas Stage 2,Group Stage,Week 5,G2 Esports,Cloud9,83.33333333333333,83.33333333333333,2,2,86.66666666666667,1677.3759896788924,1503.4110732395798,38.31775700934579,16.666666666666668,16.666666666666668,2,2,46.666666666666664,1513.3415357403962,1501.6461131968745,50.0,1.1621806665556667,1.1489326423834165,132.9069583194583,132.1944484273896,206.43327644577644,203.3460315673319,4.493299755799756,3.458592326146506,0.09844934232434234,0.09313022340576521,1.0824264763014761,1.0398176651006372,75.69797008547009,74.02183861546091,37.255132275132276,42.71441798941799,0,1,96.73146866164524,93.34418320793641,3.3872854537088273,67.8806616986417,58.053751803751794,9.826909894889909,31.935107376283845,13.997113997113997,17.937993379169846,1
VCT 2025: Americas Stage 2,Group Stage,Week 5,MIBR,LOUD,50.0,50.0,0,0,53.333333333333336,1522.6303026172916,1500.0,50.0,50.0,50.0,0,0,26.666666666666668,1469.389283365956,1614.1402338538935,61.22448979591836,1.0826742803492804,1.0263020465602508,128.41391127391128,131.03250264699182,195.21064380064382,198.54703773694484,3.802083287083287,4.055347280858117,0.10125326895326896,0.09762717667609308,0.9836934361934362,0.997083272352003,71.69997021497021,70.04744812119425,36.198309283309285,30.74299755799756,0,1,95.63459021550136,96.84580105978978,-1.2112108442884164,41.6703985669503,57.97768038634909,-16.307281819398796,0.0,14.994437966574193,-14.994437966574193,1
VCT 2025: EMEA Stage 2,Group Stage,Week 1,Natus Vincere,Apeks,66.66666666666666,66.66666666666666,1,1,38.46153846153847,1480.8322898542417,1495.5668945620932,36.66666666666667,33.333333333333336,33.333333333333336,1,1,0.0,1399.8919229014755,1500.0,50.0,1.0360459575882295,0.865078463203463,125.8507620029411,120.14751082251082,188.98205979408647,183.01666666666668,3.324333188443691,3.2810606060606062,0.1014661023927516,0.10879491341991343,0.9631572857562378,0.877801406926407,70.73956825107099,68.44388528138528,30.75396711132005,31.524149659863944,0,1,95.91801039761549,97.18104705343241,-1.2630366558169186,44.80392156862745,28.717948717948723,16.08597285067873,0.0,0.0,0.0,1
VCT 2025: EMEA Stage 2,Group Stage,Week 1,Team Vitality,GIANTX,66.66666666666666,66.66666666666666,1,1,53.84615384615385,1504.4142025123267,1481.7669044244055,34.92063492063492,33.333333333333336,33.333333333333336,1,1,25.0,1450.2399907081192,1500.0,50.0,1.0748275058275056,0.9239403044871795,129.87041420118342,124.3641826923077,199.2793437331899,187.8253872863248,3.2112434573973037,3.1330128205128203,0.10431952662721894,0.11156850961538463,1.0198322019860482,0.9280154914529914,70.64454434454434,69.76809561965811,30.38113553113553,29.102529761904762,0,1,94.62291632487698,96.31610394755029,-1.6931876226733067,54.65986394557822,41.888888888888886,12.770975056689338,19.107142857142854,0.0,19.107142857142854,0
VCT 2025: EMEA Stage 2,Group Stage,Week 1,FUT Esports,Gentle Mates,66.66666666666666,66.66666666666666,1,1,40.0,1472.1777669348342,1439.0126627366574,0.0,33.33333333333334,33.33333333333334,1,1,33.33333333333333,1450.2583347257653,1500.0,50.0,0.9844177727501257,0.9554517821503116,124.28510101010102,121.56633917099605,189.87393836555603,184.73814388226154,3.142887700534759,3.205568251646683,0.10530677590383472,0.11031962536374301,0.9561725364504776,0.9333642394279649,68.52838840897665,67.55218074409251,35.4455451294737,28.3828373015873,0,1,93.65210469680889,95.03050179070007,-1.3783970938911807,38.888888888888886,44.57142857142857,-5.682539682539684,0.0,0.0,0.0,1
VCT 2025: EMEA Stage 2,Group Stage,Week 1,Team Liquid,KOI,83.33333333333333,83.33333333333333,2,2,66.66666666666666,1564.8182810003289,1493.0518077430106,18.269230769230766,16.666666666666668,16.666666666666668,2,2,14.285714285714285,1427.6455443070374,1500.0,50.0,1.1311336090436237,0.8780958404340756,134.0822564205237,121.11060508119331,202.15309469382765,182.0356070400188,3.6613681651203525,3.0293378190437013,0.08705814953431726,0.11477522232669292,1.0383415316459166,0.8784931734931735,72.85989896662767,68.01790758261346,35.084722222222226,28.294444444444444,0,1,94.91691627834946,96.12647761689233,-1.2095613385428692,63.5031296469205,30.95238095238095,32.55074869453955,18.667911609088083,0.0,18.667911609088083,1
VCT 2025: EMEA Stage 2,Group Stage,Week 1,Team Heretics,BBL Esports,83.33333333333333,83.33333333333333,2,2,66.66666666666666,1612.7669422895988,1563.004296110152,59.4059405940594,16.666666666666668,16.666666666666668,2,2,66.66666666666666,1559.8676097133166,1500.0,50.0,1.104594861300488,1.1373564410807058,131.0414134144,132.32926100995954,199.1949313626777,202.81168981481483,3.5515081874373164,3.435799127343245,0.09261349597379682,0.09899315281668224,1.0183139913055042,1.0356550925925927,73.62654106714243,72.40589312648136,32.95451058201058,34.321817765567765,0,1,94.55574819523814,95.47164465719193,-0.9158964619537926,63.20987654320987,56.44444444444443,6.765432098765444,15.555555555555555,0.0,15.555555555555555,1
VCT 2025: EMEA Stage 2,Group Stage,Week 1,FNATIC,Karmine Corp,50.0,50.0,0,0,73.33333333333333,1637.2228799526038,1548.1407548990458,39.42307692307692,50.0,50.0,0,0,33.33333333333333,1460.4075555757165,1500.0,50.0,1.2014216440422323,1.214820399223908,136.21625769827008,128.91925417013135,206.57230748181985,196.08467899871408,3.74042243188528,3.3457117281678688,0.09759872909168575,0.10513514815269202,1.0762920567392702,1.057766290889098,73.33472825763847,74.90691121743754,33.953500203500205,28.84259259259259,0,1,96.43178459691038,96.66857577026863,-0.23679117335825595,54.96571894836117,37.662337662337656,17.303381286023516,27.186130862601456,0.0,27.186130862601456,1
VCT 2025: EMEA Stage 2,Group Stage,Week 2,Apeks,Karmine Corp,50.0,50.0,0,0,0.0,1388.1702921020612,1500.0,50.0,50.0,50.0,0,0,30.0,1452.33787117461,1500.0,50.0,0.8582630997474747,1.193180464564675,119.15684974747475,129.21153927943402,181.37569444444443,196.70252688831636,3.2181502525252528,3.316403713245818,0.10887610479797981,0.10551637017952809,0.8707845643939394,1.0534633460107146,67.964788510101,74.36885167464115,29.02113095238095,30.003787878787882,0,1,97.28423433833245,96.80740227669484,0.4768320616376087,31.428571428571434,41.66666666666667,-10.238095238095237,0.0,0.0,0.0,0
VCT 2025: EMEA Stage 2,Group Stage,Week 2,GIANTX,BBL Esports,33.33333333333334,33.33333333333334,1,1,33.33333333333333,1470.562260418202,1500.0,50.0,66.66666666666666,66.66666666666666,1,1,61.53846153846154,1546.9641896821172,1500.0,50.0,0.9299469373219372,1.1214511944817374,124.44964387464387,131.96004183724773,187.85960351377017,201.86689919557568,3.184900284900285,3.433950325692407,0.10857941595441596,0.09956834015657545,0.9363841405508073,1.0267132981397689,69.53460351377018,72.02625428869773,29.74669312169312,34.22013947590871,0,1,96.42935198568556,95.51625536553132,0.913096620154235,43.4375,52.60504201680671,-9.167542016806713,0.0,0.0,0.0,1
VCT 2025: EMEA Stage 2,Group Stage,Week 2,Team Liquid,Natus Vincere,50.0,50.0,2,2,73.33333333333333,1574.310625535872,1493.0518077430106,18.269230769230766,50.0,50.0,2,2,42.857142857142854,1492.553920653656,1495.5668945620932,36.66666666666667,1.150113366128644,1.0569980320462131,134.534618093938,126.09802900273101,203.42434975455637,189.25566266593745,3.69186749035652,3.327952246411999,0.08544951255725923,0.10109352365041221,1.0494697367741217,0.9733335510593638,73.05585038363171,70.70906337599449,36.805810657596375,32.842969460511476,0,1,95.10091492050427,95.86217618959147,-0.7612612690871998,64.03683897801545,44.166666666666664,19.87017231134879,19.85838779956427,0.0,19.85838779956427,1
VCT 2025: EMEA Stage 2,Group Stage,Week 2,Gentle Mates,Team Heretics,33.333333333333336,33.333333333333336,1,1,30.0,1436.0160202537131,1500.0,50.0,66.66666666666666,66.66666666666666,1,1,66.66666666666666,1625.6703623207982,1563.004296110152,59.4059405940594,0.9667732706019472,1.0981504168560434,123.20303858722977,131.4255069816515,187.32432949403537,199.95095475449054,3.298344759815348,3.5526777780805916,0.11042099616070204,0.09272109831297812,0.9405611488185018,1.015738552709013,68.46362933634992,73.42303229521261,27.43553791887125,33.527195767195764,0,1,95.22534120096915,94.60013849783483,0.6252027031343204,40.476190476190474,65.09926854754441,-24.623078071353937,0.0,18.686868686868685,-18.686868686868685,0
VCT 2025: EMEA Stage 2,Group Stage,Week 2,FUT Esports,Team Vitality,50.0,50.0,2,2,46.666666666666664,1486.4200814068863,1439.0126627366574,0.0,50.0,50.0,2,2,50.0,1484.091932802244,1481.7669044244055,34.92063492063492,1.0058816422139951,1.0719588744588744,126.6701825951826,129.32728937728936,193.79934629096394,198.8593906093906,3.3540765117235707,3.172345115202258,0.10247693907399791,0.10515384615384615,0.9764429327208739,1.0159870447013304,69.65985694044518,70.79374355802928,37.523467207395775,29.657482993197277,0,1,93.81313300889757,94.79584133956176,-0.9827083306641953,42.270531400966185,53.08441558441558,-10.813884183449396,22.685185185185187,15.773809523809524,6.911375661375663,0
VCT 2025: EMEA Stage 2,Group Stage,Week 2,KOI,FNATIC,50.0,50.0,0,0,12.5,1418.1531997714942,1500.0,50.0,50.0,50.0,0,0,73.33333333333333,1645.2925643537103,1548.1407548990458,39.42307692307692,0.880298146094102,1.1657049773755657,122.83785087461558,135.32375769827007,183.62044187430217,204.75119637070875,3.2042420202346675,3.852644654107502,0.11274974810728487,0.09779872909168576,0.8815386696636696,1.060369834517048,68.86388342050107,72.8555615909718,26.957638888888887,35.31461131461131,0,1,96.36569302022252,96.3431607820291,0.02253223819342054,28.273809523809522,54.2020629591787,-25.928253435369175,0.0,25.91628959276019,-25.91628959276019,0
VCT 2025: EMEA Stage 2,Group Stage,Week 3,FUT Esports,GIANTX,50.0,50.0,0,0,46.666666666666664,1468.7021464461127,1439.0126627366574,0.0,50.0,50.0,0,0,40.0,1489.0519213743007,1500.0,50.0,0.9865209584533114,0.9437647435897436,125.80727661227661,125.70467948717949,192.45473090634857,189.92989316239317,3.179375657022716,3.3039102564102563,0.10765300745006628,0.10765897435897438,0.9619677190456601,0.9474332264957266,68.70054070112893,70.01239316239317,40.01428336620644,30.05059523809524,0,1,93.39961029259436,96.4194229685956,-3.019812676001237,39.904761904761905,41.37254901960784,-1.4677871148459332,18.45238095238096,0.0,18.45238095238096,1
VCT 2025: EMEA Stage 2,Group Stage,Week 3,Gentle Mates,BBL Esports,33.33333333333334,33.33333333333334,1,1,27.27272727272727,1428.3767703779424,1500.0,50.0,66.66666666666666,66.66666666666666,1,1,57.14285714285714,1528.4745287260184,1500.0,50.0,0.970349437920962,1.110896409913493,123.8411461904109,131.62830952556462,188.2746429743756,201.4854289522827,3.3116265493270842,3.4367884603234002,0.11093827933801195,0.0999751128521584,0.9471768019562138,1.0218352806034694,68.80026909365144,71.56573236582082,26.914206349206346,34.54727237048665,0,1,95.38903232672146,95.63572404267391,-0.24669171595245132,42.49084249084248,54.70899470899471,-12.218152218152227,0.0,0.0,0.0,0
VCT 2025: EMEA Stage 2,Group Stage,Week 3,Team Liquid,Apeks,66.66666666666666,66.66666666666666,1,1,73.33333333333333,1587.8438737224265,1493.0518077430106,18.269230769230766,33.333333333333336,33.333333333333336,1,1,0.0,1375.7460777930585,1500.0,50.0,1.1728406388559167,0.8734887684029841,135.27401203333193,120.68190565788603,204.7334406636473,183.3927741466957,3.619140217629247,3.3311662375387865,0.08478284589059257,0.10808594936291015,1.0584394337438185,0.8843575212913448,73.60736553514685,68.75301462335776,38.74866780045352,29.3521164021164,0,1,94.80473911436779,97.10840828048816,-2.303669166120372,64.08380018674136,33.30357142857143,30.780228758169926,19.85838779956427,27.857142857142858,-7.998755057578588,1
VCT 2025: EMEA Stage 2,Group Stage,Week 3,KOI,Karmine Corp,33.333333333333336,33.333333333333336,1,1,11.11111111111111,1410.6590404590304,1500.0,50.0,66.66666666666666,66.66666666666666,1,1,36.36363636363637,1464.7620854836127,1500.0,50.0,0.8724872409725352,1.1786667324919506,122.28321787145316,129.4596881149935,183.04723038399507,196.75096027280097,3.0875313684137216,3.3571584558919203,0.11611943421502247,0.10490793010973141,0.8758976208976209,1.0489773733787244,67.86191346779582,74.28719136197323,30.212345679012344,29.615013774104682,0,1,96.52833456527094,96.91575109257701,-0.38741652730607257,27.61904761904762,44.44444444444445,-16.82539682539683,0.0,0.0,0.0,0
VCT 2025: EMEA Stage 2,Group Stage,Week 3,Natus Vincere,FNATIC,16.66666666666667,16.66666666666667,2,2,40.0,1479.0206724671016,1495.5668945620932,36.66666666666667,83.33333333333333,83.33333333333333,2,2,80.0,1652.786723666174,1548.1407548990458,39.42307692307692,1.034901866946836,1.1818160884866766,125.52853077291932,137.02111219562457,188.17195182154163,206.92527044478283,3.261644318873421,3.917724019186868,0.1034650665181625,0.09717439046734713,0.9607409439517025,1.0670206281678418,70.09142211389116,73.15661979203,31.786771496477378,39.091534391534395,0,1,95.67568656269714,96.38854225207993,-0.712855689382792,42.71929824561404,55.212751767373625,-12.493453521759584,30.0,24.162931839402425,5.837068160597575,0
VCT 2025: EMEA Stage 2,Group Stage,Week 3,Team Vitality,Team Heretics,50.0,50.0,2,2,53.333333333333336,1501.8098677630176,1481.7669044244055,34.92063492063492,50.0,50.0,2,2,73.33333333333333,1633.3096121965689,1563.004296110152,59.4059405940594,1.110956487956488,1.1108716444775268,131.45418803418804,132.44017023825847,202.1969696969697,201.43586524042405,3.2326503126503128,3.568705058558,0.10096410256410257,0.09210046745193805,1.0366648314648315,1.0246677939707352,71.94082732082732,73.35005701814525,31.935873015873018,34.95195767195767,0,1,94.2894346560326,94.7135675363044,-0.42413288027179874,56.117724867724874,63.595959595959606,-7.478234728234732,13.492063492063489,23.686868686868685,-10.194805194805197,0
VCT 2025: EMEA Stage 2,Group Stage,Week 4,FUT Esports,Team Heretics,50.0,50.0,0,0,53.333333333333336,1484.7914144492545,1439.0126627366574,0.0,50.0,50.0,0,0,73.33333333333333,1644.5491038075174,1563.004296110152,59.4059405940594,1.0125722405045934,1.103419263525146,127.03291763791763,133.66814642873467,194.7931924448101,203.140627145186,3.292196169843229,3.6103717252246663,0.10606326386032269,0.09293975316622376,0.978736949814891,1.0246439844469257,69.30054070112894,73.15779511338336,42.59786324786325,35.32084656084656,0,1,93.29971495735849,94.71402364394694,-1.4143086865884555,40.86419753086419,65.2827380952381,-24.418540564373913,17.5,20.87301587301586,-3.3730158730158593,0
VCT 2025: EMEA Stage 2,Group Stage,Week 4,KOI,Apeks,50.0,50.0,0,0,10.0,1397.8070524798172,1500.0,50.0,50.0,50.0,0,0,0.0,1368.8218001346052,1500.0,50.0,0.8598099454467102,0.874447583870378,121.57632465573643,120.72140739978974,181.91393591702416,183.56118903971844,3.085921088715206,3.3749726907079847,0.11779320507923449,0.11020043134969607,0.8685221445221444,0.8858448460852874,67.11857926387339,68.65463623794506,28.52444444444445,28.41690476190476,0,1,96.61666600638738,97.25235351728793,-0.6356875109005529,30.897435897435898,30.74074074074074,0.15669515669515732,0.0,24.44444444444444,-24.44444444444444,1
VCT 2025: EMEA Stage 2,Group Stage,Week 4,Gentle Mates,GIANTX,50.0,50.0,0,0,25.0,1415.7116215355857,1500.0,50.0,50.0,50.0,0,0,36.36363636363637,1472.962653371159,1500.0,50.0,0.9497647625386597,0.9369982517482517,122.52105067454333,125.3194055944056,185.64990420799245,189.7120240870241,3.239361373920197,3.342948717948718,0.11058231161539984,0.10865967365967366,0.93231947586727,0.9413635392385392,67.92802444695828,69.73853923853925,26.376551226551225,28.970238095238095,0,1,95.26040673227295,96.52058446050378,-1.260177728230829,38.253968253968246,42.10526315789473,-3.8512949039264868,0.0,27.777777777777775,-27.777777777777775,0
VCT 2025: EMEA Stage 2,Group Stage,Week 4,Natus Vincere,Karmine Corp,50.0,50.0,2,2,33.33333333333333,1470.8465135496822,1495.5668945620932,36.66666666666667,50.0,50.0,2,2,41.66666666666667,1477.614073462826,1500.0,50.0,1.0325774462694741,1.1985926529324362,125.59127587095854,130.54175114244774,188.5919161709177,198.2902321019194,3.3557619659322446,3.5033211771601867,0.10212816812244058,0.10329523223021675,0.9569263271959092,1.0610070367082751,69.8953436825186,74.73548097069768,33.16050887021475,31.98042929292929,0,1,95.72788315779626,96.73352171950162,-1.0056385617053678,44.58333333333334,45.88235294117647,-1.2990196078431282,33.33333333333333,28.333333333333332,4.9999999999999964,1
VCT 2025: EMEA Stage 2,Group Stage,Week 4,Team Vitality,BBL Esports,50.0,50.0,0,0,53.333333333333336,1490.570376152069,1481.7669044244055,34.92063492063492,50.0,50.0,0,0,60.0,1541.1396775683752,1500.0,50.0,1.1050009324009324,1.1438110082269524,131.25270655270654,131.83770427514236,202.0443771043771,202.52486189392536,3.1970947570947574,3.4435666655326096,0.10293447293447294,0.09848959250816836,1.02998334998335,1.0323283131786227,71.65786435786436,71.99468354143276,33.81492063492063,34.421898656898655,0,1,94.1263139300789,95.56543237687484,-1.4391184467959448,52.91208791208791,57.214285714285715,-4.302197802197803,20.714285714285708,15.238095238095239,5.476190476190469,0
VCT 2025: EMEA Stage 2,Group Stage,Week 4,Team Liquid,FNATIC,0.0,0.0,3,3,73.33333333333333,1594.7681513808798,1493.0518077430106,18.269230769230766,100.0,100.0,3,3,86.66666666666667,1660.9608825835935,1548.1407548990458,39.42307692307692,1.168762207483368,1.1679853351327034,134.10460026862606,136.61636503360188,203.8029831473074,205.82578644065487,3.7550879300475475,3.8231935754304174,0.08335016615203046,0.10071205816600554,1.0511348585804199,1.0596150554124237,73.4115485416828,72.62700162897531,37.83795351473923,39.05517075517075,0,1,94.92984515289957,96.35462551270962,-1.4247803598100433,65.14762226729772,54.43933823529412,10.708284032003597,19.64052287581699,25.591503267973852,-5.950980392156861,1
VCT 2025: EMEA Stage 2,Group Stage,Week 5,KOI,Natus Vincere,50.0,50.0,0,0,18.181818181818183,1411.7419070421174,1500.0,50.0,50.0,50.0,0,0,40.0,1488.789293615283,1495.5668945620932,36.66666666666667,0.8946567685879182,1.0304811895849821,122.87620423248767,126.67861989947905,184.50130537911286,190.6339839071031,3.203110080650188,3.3254589356292144,0.11475518643566773,0.10223868505648692,0.8879746768383132,0.9612436177484939,67.79529933079398,69.6735968019482,29.013131313131314,35.68992063492064,0,1,96.12163312610211,95.59338774859519,0.52824537750692,34.37499999999999,45.7936507936508,-11.418650793650805,0.0,25.83333333333333,-25.83333333333333,0
VCT 2025: EMEA Stage 2,Group Stage,Week 5,Apeks,FNATIC,33.333333333333336,33.333333333333336,1,1,0.0,1354.886945572305,1500.0,50.0,66.66666666666666,66.66666666666666,1,1,80.0,1640.0477548532576,1548.1407548990458,39.42307692307692,0.8816190156397375,1.1456797795771478,121.60279460586948,135.19442058915743,184.7222930664107,203.70578644065486,3.3863388097345317,3.670138019874862,0.11063675577245097,0.10246205816600554,0.8945559206835945,1.0389678331902017,68.73148748904096,72.05894607341976,28.106277056277055,38.85040885040885,0,1,97.20844093701994,95.48788867919605,1.720552257823897,31.088435374149658,53.678733031674206,-22.590297657524548,27.3015873015873,26.841503267973856,0.46008403361344463,0
VCT 2025: EMEA Stage 2,Group Stage,Week 5,GIANTX,Team Heretics,33.333333333333336,33.333333333333336,1,1,41.66666666666667,1485.680397637682,1500.0,50.0,66.66666666666666,66.66666666666666,1,1,73.33333333333333,1654.582209740211,1563.004296110152,59.4059405940594,0.946793851981352,1.104291990797873,125.72460664335665,133.21925753984578,190.66784026159027,203.09779886235768,3.481036324786325,3.473402028254969,0.10816530691530692,0.094972076398547,0.9499620321807822,1.0231611561640974,69.94214581714581,72.83011834570658,29.806051587301585,36.679179894179896,0,1,96.52239548037127,94.74361999245355,1.778775487917727,46.23582766439909,66.21822621822622,-19.98239855382713,32.61904761904762,21.51404151404152,11.105006105006101,0
VCT 2025: EMEA Stage 2,Group Stage,Week 5,Gentle Mates,Team Vitality,50.0,50.0,0,0,23.076923076923077,1402.9938772690625,1500.0,50.0,50.0,50.0,0,0,46.666666666666664,1477.5672468347366,1481.7669044244055,34.92063492063492,0.9551674731126089,1.0673039627039627,122.93067399543644,129.02505503755503,186.4638169020522,198.2261952861953,3.357043635097934,3.2277765752765757,0.10982745924261762,0.10486629111629113,0.9358096936999653,0.9999378954378954,67.87438943032835,70.64915223665224,27.220171957671955,33.805396825396826,0,1,95.4267261364523,94.17590269469274,1.2508234417595645,36.5546218487395,54.45032333921224,-17.89570149047274,30.35714285714286,21.64021164021164,8.716931216931222,0
VCT 2025: EMEA Stage 2,Group Stage,Week 5,FUT Esports,BBL Esports,16.66666666666667,16.66666666666667,2,2,46.666666666666664,1474.7583085165609,1439.0126627366574,0.0,83.33333333333333,83.33333333333333,2,2,60.0,1554.1428068857076,1500.0,50.0,0.9899801659125188,1.1397064330635538,125.43012043512044,131.85012257579595,192.82396167557934,202.38368542333714,3.249771927418986,3.434852068582719,0.10704228483934367,0.09800157507897446,0.9638884649664061,1.0323544569694725,68.64739384798209,71.98074018631294,42.52268518518519,35.39213675213675,0,1,93.3270561938862,95.56513776168231,-2.2380815677961152,39.80158730158729,55.283446712018126,-15.481859410430836,15.648148148148156,12.46031746031746,3.1878306878306955,0
VCT 2025: EMEA Stage 2,Group Stage,Week 5,Team Liquid,Karmine Corp,66.66666666666666,66.66666666666666,1,1,73.33333333333333,1615.6812791112156,1493.0518077430106,18.269230769230766,33.333333333333336,33.333333333333336,1,1,38.46153846153847,1459.671293397225,1500.0,50.0,1.1981820905243032,1.1735960152942768,135.39863535634535,130.38119685876293,205.73748607128402,197.86930515701653,3.6437429008077817,3.4925761915045075,0.08421098486548077,0.1051396549257945,1.066479887820186,1.0465239779405058,74.31377076390504,73.85373068623844,39.00759637188209,32.46545121545121,0,1,94.71406867663582,96.40381069725365,-1.6897420206178282,65.66895803816621,44.44444444444444,21.224513593721767,18.617131062951486,25.0,-6.382868937048514,0
VCT 2025: Pacific Stage 2,Group Stage,Week 1,BOOM Esports,TALON,50.0,50.0,0,0,45.45454545454545,1501.53168730822,1472.83688211738,0.0,50.0,50.0,0,0,38.46153846153847,1461.8778132511097,1462.0366204070108,0.0,1.0549460022300932,1.0031924058847137,130.224870457825,124.82789774328236,199.3923422537059,190.3241271548964,3.471512199921291,2.979079040617502,0.10205988455988457,0.10313588121280429,0.9985938770825133,0.9374290239674855,71.76467270103635,69.26054799900955,29.27216646989374,29.654029304029304,0,1,94.98249754366539,95.52783412142003,-0.5453365777546395,55.17006802721088,40.13227513227513,15.037792894935748,0.0,0.0,0.0,0
VCT 2025: Pacific Stage 2,Group Stage,Week 1,Nongshim RedForce,Team Secret,66.66666666666666,66.66666666666666,1,1,60.0,1520.6687318805232,1500.0,50.0,33.33333333333334,33.33333333333334,1,1,27.27272727272727,1434.1959143840793,1503.4468002875042,51.76470588235295,1.0669613619223912,1.0368008426511102,126.16610928287398,131.80758448325292,193.7212006375977,197.5330958183231,3.6405114493349786,2.8792241626466226,0.08453872549019609,0.09812919871275487,1.029403465651995,0.9868703229331572,73.13732500342795,70.73714063714064,35.74900793650794,28.60821854912764,0,1,96.34624044947826,94.63332212242409,1.7129183270541688,62.222222222222214,41.354166666666664,20.86805555555555,0.0,0.0,0.0,1
VCT 2025: Pacific Stage 2,Group Stage,Week 1,T1,Paper Rex,50.0,50.0,2,2,53.333333333333336,1505.312078895474,1503.0368048028495,50.0,50.0,50.0,2,2,46.666666666666664,1542.7971766026549,1535.3028339316259,39.42307692307692,0.9991477787075849,1.1056386249428818,128.8662092465498,134.09578926606017,194.61198643506626,204.2393514529273,3.2899353064139714,3.1868966806041112,0.11012517247538112,0.09644602164547986,0.9669124223134318,1.036337530010982,69.29621878761871,73.66185892338369,32.58039579468151,31.936406926406924,0,1,96.44175071395023,95.28697399510052,1.1547767188497033,49.46334089191232,49.891604993645814,-0.4282641017334967,0.0,20.329670329670325,-20.329670329670325,0
VCT 2025: Pacific Stage 2,Group Stage,Week 1,DRX,Gen.G,83.33333333333333,83.33333333333333,2,2,73.33333333333333,1626.2862262349834,1579.0407811572811,60.57692307692308,16.66666666666667,16.66666666666667,2,2,60.0,1555.3444668829163,1490.1836859965138,34.92063492063492,1.1405811943130828,1.1784819994819995,131.13929181929183,131.43497733747733,201.2255623976986,201.18775770525772,4.068792116036699,3.550729733229733,0.09408460139791411,0.09953617586117587,1.0426355526826117,1.052965999741,74.37488268181768,73.20766835016836,35.71719576719577,36.283069509855224,0,1,96.07804635641739,94.66147531213888,1.4165710442785127,58.17927170868348,60.415140415140414,-2.235868706456934,25.63725490196078,0.0,25.63725490196078,0
VCT 2025: Pacific Stage 2,Group Stage,Week 1,Rex Regum Qeon,Global Esports,50.0,50.0,0,0,61.53846153846154,1554.845112144134,1500.0,50.0,50.0,50.0,0,0,25.0,1438.7603715358402,1500.0,50.0,1.1116765004728806,0.9028869056801042,131.0527869453322,123.27607915981078,198.68029025022238,185.47795895893321,3.813290914716254,2.658773395721925,0.09238114727153189,0.11446479500891266,1.0318683915380749,0.9187508934080626,73.33067797712593,68.69248980186481,36.03292540792541,31.432738095238093,0,1,96.00910055688172,96.80074909307032,-0.7916485361886032,57.44494635798985,35.91269841269841,21.532247945291438,0.0,0.0,0.0,0
VCT 2025: Pacific Stage 2,Group Stage,Week 1,ZETA DIVISION,DetonatioN FocusMe,50.0,50.0,0,0,33.33333333333333,1429.5893071358514,1455.3201260619624,17.75700934579439,50.0,50.0,0,0,22.22222222222222,1429.9956485063408,1500.0,50.0,0.9044797892194951,0.8870153349736684,120.52535105961577,120.18792195458862,185.6066937855173,182.88603880687214,3.3093578317107726,2.599773374773375,0.1009610806404924,0.11139397176897178,0.8792716010024834,0.9101297051713719,65.55628974511328,67.63335167918501,18.137144892144892,32.550198412698414,0,1,94.82846596862747,94.49018604355845,0.33827992506901694,34.40860215053763,29.142857142857142,5.26574500768049,0.0,0.0,0.0,0
VCT 2025: Pacific Stage 2,Group Stage,Week 1,DRX,Nongshim RedForce,66.66666666666666,66.66666666666666,1,1,66.66666666666666,1605.1416625087636,1579.0407811572811,60.57692307692308,33.33333333333334,33.33333333333334,1,1,63.63636363636363,1532.161849952198,1500.0,50.0,1.099776998508887,1.0741567936668204,129.37122655122656,126.34797813594605,198.42882580096202,194.22634401397772,4.172288619533202,4.016626570102506,0.09472795804127075,0.0847826797385621,1.0199852030322618,1.0334981000876722,73.4914327983678,73.04908333644966,35.614973544973545,35.08495670995671,0,1,96.39244178836663,96.4869229852224,-0.09448119685578149,57.362132352941174,62.5,-5.137867647058826,25.63725490196078,0.0,25.63725490196078,1
VCT 2025: Pacific Stage 2,Group Stage,Week 1,BOOM Esports,T1,33.333333333333336,33.333333333333336,1,1,41.66666666666667,1481.9316230619258,1472.83688211738,0.0,66.66666666666666,66.66666666666666,1,1,53.333333333333336,1489.6036229265142,1503.0368048028495,50.0,1.0378671687109187,1.0177778153376216,129.15310094997594,129.7585169388575,197.799041005291,195.83103405411387,3.470098304473305,3.6056862221648864,0.10279731842231843,0.10861967796988661,0.9855671145983645,0.9797659021669117,71.48504088504089,69.5925557839557,28.81198593073593,33.19987631416203,0,1,94.96372681983574,96.94749732957709,-1.9837705097413476,55.17006802721088,46.02296254470167,9.147105482509211,0.0,0.0,0.0,0
VCT 2025: Pacific Stage 2,Group Stage,Week 1,Global Esports,Team Secret,66.66666666666666,66.66666666666666,1,1,33.33333333333333,1462.0313868609574,1500.0,50.0,33.33333333333334,33.33333333333334,1,1,25.0,1422.7027963124044,1503.4468002875042,51.76470588235295,0.9139550272712038,1.0448572941693146,123.70651480872068,131.88883650095286,186.4304079634962,197.78214942766576,3.0189096850861556,3.0088540331507083,0.1103575955634779,0.09915466403741661,0.9233341274738335,0.9903919989206115,68.77110204610204,70.86049485940791,31.797354497354497,28.660097772597776,0,1,96.94978355655121,94.8455603126772,2.104223243874017,38.53479853479854,40.83959899749374,-2.304800462695198,0.0,13.035714285714285,-13.035714285714285,0
VCT 2025: Pacific Stage 2,Group Stage,Week 1,Paper Rex,DetonatioN FocusMe,50.0,50.0,2,2,53.333333333333336,1558.5056325716148,1535.3028339316259,39.42307692307692,50.0,50.0,2,2,30.0,1445.1778714383813,1500.0,50.0,1.131832357136614,0.9051373308880661,135.41658698685788,121.37501211207093,205.8171292307051,184.99155257324375,3.708264201971632,2.810384272590155,0.09392180512126333,0.11078398635678048,1.0538475015209534,0.9184108523012935,74.24989311141788,67.7229576877371,33.80307359307359,32.14718491385158,0,1,95.4035891230968,94.70110288250994,0.7024862405868504,51.61387631975868,30.138888888888886,21.474987430869795,22.39316239316238,0.0,22.39316239316238,1
VCT 2025: Pacific Stage 2,Group Stage,Week 1,TALON,ZETA DIVISION,33.333333333333336,33.333333333333336,1,1,42.857142857142854,1481.4778774974038,1462.0366204070108,0.0,66.66666666666666,66.66666666666666,1,1,26.666666666666668,1414.4070842038109,1455.3201260619624,17.75700934579439,1.0271072340358054,0.8836047892194951,126.12114314257171,119.3711843929491,192.43907045335618,183.4178048966284,3.194859109144823,3.2038022761552174,0.1014356992214135,0.1033499695293813,0.9551840936840936,0.8608966010024834,69.95146123717552,64.74240085622438,30.648979591836735,18.38137566137566,0,1,95.14284919709681,95.20203844062141,-0.05918924352459953,40.13227513227513,34.998334998335,5.133940133940136,0.0,0.0,0.0,1
VCT 2025: Pacific Stage 2,Group Stage,Week 1,Rex Regum Qeon,Gen.G,33.33333333333334,33.33333333333334,3,3,57.14285714285714,1531.5740968190169,1500.0,50.0,66.66666666666666,66.66666666666666,3,3,66.66666666666666,1576.489030609136,1490.1836859965138,34.92063492063492,1.0991507354015093,1.2046871276871276,129.89864050938743,132.55842056092055,197.34222440528168,202.97493719243718,3.8792588568981756,3.8338799163799164,0.09360204276717435,0.09760577293077294,1.023238694398137,1.070193105968106,72.84465210657935,73.66591010841012,35.13771645021645,37.09026231704803,0,1,96.00305403928236,95.15932000867406,0.843734030608303,55.63011063011064,61.63408020550879,-6.003969575398145,0.0,0.0,0.0,1
VCT 2025: Pacific Stage 2,Group Stage,Week 2,Gen.G,Global Esports,66.66666666666666,66.66666666666666,1,1,60.0,1559.3349156529941,1490.1836859965138,34.92063492063492,33.33333333333334,33.33333333333334,1,1,30.0,1445.1181072268762,1500.0,50.0,1.2046871276871276,0.9139550272712038,132.55842056092055,123.70651480872068,202.97493719243718,186.4304079634962,3.8338799163799164,3.0189096850861556,0.09760577293077294,0.1103575955634779,1.070193105968106,0.9233341274738335,73.66591010841012,68.77110204610204,37.09026231704803,31.797354497354497,0,1,95.15932000867406,96.94978355655121,-1.7904635478771525,59.90074441687345,36.4625850340136,23.43815938285985,0.0,0.0,0.0,1
VCT 2025: Pacific Stage 2,Group Stage,Week 2,TALON,DetonatioN FocusMe,50.0,50.0,0,0,46.666666666666664,1495.7218665929072,1462.0366204070108,0.0,50.0,50.0,0,0,27.27272727272727,1433.1234086171937,1500.0,50.0,1.0271072340358054,0.9051373308880661,126.12114314257171,121.37501211207093,192.43907045335618,184.99155257324375,3.194859109144823,2.810384272590155,0.1014356992214135,0.11078398635678048,0.9551840936840936,0.9184108523012935,69.95146123717552,67.7229576877371,30.648979591836735,32.14718491385158,0,1,95.14284919709681,94.70110288250994,0.4417463145868652,40.13227513227513,27.460317460317462,12.67195767195767,0.0,0.0,0.0,0
VCT 2025: Pacific Stage 2,Group Stage,Week 2,T1,ZETA DIVISION,66.66666666666666,66.66666666666666,1,1,53.333333333333336,1506.8150465663055,1503.0368048028495,50.0,33.33333333333334,33.33333333333334,1,1,20.0,1400.1630951083075,1455.3201260619624,17.75700934579439,1.0177778153376216,0.8836047892194951,129.7585169388575,119.3711843929491,195.83103405411387,183.4178048966284,3.6056862221648864,3.2038022761552174,0.10861967796988661,0.1033499695293813,0.9797659021669117,0.8608966010024834,69.5925557839557,64.74240085622438,33.19987631416203,18.38137566137566,0,1,96.94749732957709,95.20203844062141,1.7454588889556817,46.883116883116884,34.998334998335,11.884781884781887,0.0,0.0,0.0,1
VCT 2025: Pacific Stage 2,Group Stage,Week 2,Rex Regum Qeon,Nongshim RedForce,16.66666666666667,16.66666666666667,2,2,60.0,1548.7282117751588,1500.0,50.0,83.33333333333333,83.33333333333333,2,2,58.333333333333336,1520.1085087124682,1500.0,50.0,1.0991507354015093,1.0741567936668204,129.89864050938743,126.34797813594605,197.34222440528168,194.22634401397772,3.8792588568981756,4.016626570102506,0.09360204276717435,0.0847826797385621,1.023238694398137,1.0334981000876722,72.84465210657935,73.04908333644966,35.13771645021645,35.08495670995671,0,1,96.00305403928236,96.4869229852224,-0.4838689459400456,55.95398428731762,59.9122807017544,-3.9582964144367807,0.0,0.0,0.0,1
VCT 2025: Pacific Stage 2,Group Stage,Week 2,DRX,Team Secret,50.0,50.0,0,0,73.33333333333333,1617.1950037484935,1579.0407811572811,60.57692307692308,50.0,50.0,0,0,30.76923076923077,1439.6160759464856,1503.4468002875042,51.76470588235295,1.099776998508887,1.0448572941693146,129.37122655122656,131.88883650095286,198.42882580096202,197.78214942766576,4.172288619533202,3.0088540331507083,0.09472795804127075,0.09915466403741661,1.0199852030322618,0.9903919989206115,73.4914327983678,70.86049485940791,35.614973544973545,28.660097772597776,0,1,96.39244178836663,94.8455603126772,1.5468814756894318,57.9376571141277,43.083333333333336,14.854323780794367,26.50871459694989,15.416666666666663,11.092047930283227,1
VCT 2025: Pacific Stage 2,Group Stage,Week 2,BOOM Esports,Paper Rex,50.0,50.0,2,2,38.46153846153847,1464.7201994221346,1472.83688211738,0.0,50.0,50.0,2,2,53.333333333333336,1570.5600953928024,1535.3028339316259,39.42307692307692,1.0378671687109187,1.131832357136614,129.15310094997594,135.41658698685788,197.799041005291,205.8171292307051,3.470098304473305,3.708264201971632,0.10279731842231843,0.09392180512126333,0.9855671145983645,1.0538475015209534,71.48504088504089,74.24989311141788,28.81198593073593,33.80307359307359,0,1,94.96372681983574,95.4035891230968,-0.4398623032610516,52.444444444444436,53.235365263667155,-0.7909208192227197,0.0,24.198717948717942,-24.198717948717942,0
VCT 2025: Pacific Stage 2,Group Stage,Week 3,Gen.G,Team Secret,50.0,50.0,0,0,66.66666666666666,1569.710582855975,1490.1836859965138,34.92063492063492,50.0,50.0,0,0,28.57142857142857,1430.3023693930384,1503.4468002875042,51.76470588235295,1.217978502978503,1.0072647212450478,133.0828960853961,129.2820029239565,204.23367845117846,194.02375923500506,3.841339123839124,2.9134983974645587,0.09455215987715988,0.10099483780968634,1.0777455535205536,0.9654506025539372,73.90553714803715,69.80022010690907,38.324956194599054,28.563167174705637,0,1,95.32311206293326,94.19749934227501,1.1256127206582534,60.99358974358975,43.083333333333336,17.910256410256416,0.0,15.416666666666663,-15.416666666666663,1
VCT 2025: Pacific Stage 2,Group Stage,Week 3,TALON,T1,50.0,50.0,2,2,46.666666666666664,1477.8124935458034,1462.0366204070108,0.0,50.0,50.0,2,2,53.333333333333336,1519.1759283654644,1503.0368048028495,50.0,1.0162778628778628,1.0288547384145446,124.99751137751137,130.72774770808826,190.95646575646575,197.2566750797549,3.1907573907573905,3.585173401652066,0.10378443038443039,0.10846583181604047,0.9482607096607096,0.9829966713976809,69.67025271025271,69.92588911728903,30.63904761904762,34.79511440940012,0,1,95.22075583012163,96.83997854651315,-1.6192227163915192,38.89724310776942,47.67445887445887,-8.777215766689451,18.492063492063494,0.0,18.492063492063494,1
VCT 2025: Pacific Stage 2,Group Stage,Week 3,BOOM Esports,DetonatioN FocusMe,66.66666666666666,66.66666666666666,1,1,35.714285714285715,1452.3218005453664,1472.83688211738,0.0,33.33333333333334,33.33333333333334,1,1,33.33333333333333,1451.0327816642975,1500.0,50.0,1.033345917970918,0.9305225735346057,129.14132395382396,122.26705646551903,198.1221916971917,187.01504779385795,3.4269438894438897,2.9412584296274136,0.10174297924297925,0.10798544214252771,0.9859780358530359,0.9308848657284486,71.88129648129649,68.30496153430646,28.430844155844156,32.14913308913309,0,1,95.16104875493475,94.76245769947988,0.3985910554548724,49.99999999999999,30.074074074074076,19.925925925925917,0.0,0.0,0.0,0
VCT 2025: Pacific Stage 2,Group Stage,Week 3,Rex Regum Qeon,DRX,66.66666666666666,66.66666666666666,1,1,60.0,1562.6789493886226,1500.0,50.0,33.333333333333336,33.333333333333336,1,1,73.33333333333333,1626.5087103019407,1579.0407811572811,60.57692307692308,1.1177336688308825,1.1649769985088871,130.1931171070072,131.16780774780776,198.51239190106992,200.8896805018167,3.887308266438297,4.121690328934911,0.09241453816164343,0.09157924009255279,1.0333736586312439,1.0480022970493559,73.55325424684249,74.50066356759855,35.70631313131313,40.13719576719576,0,1,95.91684635722834,95.54752520514359,0.36932115208475125,57.26731601731602,57.9376571141277,-0.6703410968116827,0.0,26.50871459694989,-26.50871459694989,0
VCT 2025: Pacific Stage 2,Group Stage,Week 3,Nongshim RedForce,Global Esports,50.0,50.0,0,0,53.84615384615385,1506.1577710990043,1500.0,50.0,50.0,50.0,0,0,27.27272727272727,1434.7424400238954,1500.0,50.0,1.0508616762458673,0.9301706356551944,125.26128765025824,123.70808555007083,192.76517432050522,186.36514494492434,3.9511384584913998,2.9725742721330954,0.0895764307859896,0.11076628045157458,1.0181424891829305,0.9239451591708946,72.57704434046346,68.7106585081585,34.05009920634921,31.277619047619048,0,1,96.19335199763147,97.10559943895578,-0.9122474413243111,58.41666666666667,34.92063492063491,23.49603174603176,0.0,0.0,0.0,1
VCT 2025: Pacific Stage 2,Group Stage,Week 3,Paper Rex,ZETA DIVISION,50.0,50.0,2,2,60.0,1582.9584942695706,1535.3028339316259,39.42307692307692,50.0,50.0,2,2,20.0,1387.8022133091486,1455.3201260619624,17.75700934579439,1.122815522119779,0.8611973818120877,135.66574523601614,117.9748880966528,206.30265111622697,181.62150860033213,3.75607564978308,3.137135609488551,0.09670294990240812,0.10757219175160351,1.048386222059674,0.8451558602617426,73.81083587236064,64.20166011548365,36.08012987012987,18.623042328042327,0,1,95.42443133859153,95.50892074238716,-0.08448940379562941,54.019677671638455,34.94936436112907,19.070313310509384,24.934012066365007,0.0,24.934012066365007,0
VCT 2025: Pacific Stage 2,Group Stage,Week 4,Gen.G,Nongshim RedForce,50.0,50.0,0,0,66.66666666666666,1580.6046796630167,1490.1836859965138,34.92063492063492,50.0,50.0,0,0,57.14285714285714,1520.190197067306,1500.0,50.0,1.2698936544936543,1.062215511800919,135.58269406519406,126.14651404402535,207.9213552188552,194.94300114792196,3.9120461945461944,3.907559760500937,0.0909602406852407,0.08954984143558804,1.1028647454397456,1.028167031435131,75.14068866318867,72.93502317817928,40.61067048031334,34.34539072039072,0,1,95.54720936791905,96.14602359435081,-0.598814226431756,62.799683976154576,58.41666666666667,4.383017309487904,0.0,0.0,0.0,0
VCT 2025: Pacific Stage 2,Group Stage,Week 4,TALON,Paper Rex,50.0,50.0,0,0,53.333333333333336,1497.497991961545,1462.0366204070108,0.0,50.0,50.0,0,0,60.0,1556.395846958615,1535.3028339316259,39.42307692307692,1.033512050912051,1.1171613331714725,126.58999000999002,135.81262580642613,193.37321789321788,206.28482580428403,3.254005254005254,3.7664143307099964,0.10196562696562697,0.09445696059759529,0.9634846412846413,1.0424361329331144,70.47196211196211,73.71208364419664,33.315238095238094,36.06901875901875,0,1,95.00089273757965,95.15317072899026,-0.15227799141061382,41.28571428571428,52.575931013431024,-11.290216727716746,20.71428571428571,24.569088319088312,-3.8548026048026003,0
VCT 2025: Pacific Stage 2,Group Stage,Week 4,DRX,Global Esports,66.66666666666666,66.66666666666666,1,1,73.33333333333333,1640.9111877059597,1579.0407811572811,60.57692307692308,33.33333333333334,33.33333333333334,1,1,25.0,1420.7100140555938,1500.0,50.0,1.1823992207311094,0.9202250533928342,131.07447441447442,123.25909875181266,200.92523605737227,185.94733456531586,4.0505792178238,2.905137450190926,0.0911792400925528,0.111186129081851,1.0570689637160227,0.9154046901553587,74.11399690093188,68.98871053189235,41.4737037037037,30.419047619047618,0,1,95.62943859487928,97.08290058977167,-1.4534619948923932,58.53535353535353,34.92063492063491,23.61471861471862,26.94444444444445,0.0,26.94444444444445,1
VCT 2025: Pacific Stage 2,Group Stage,Week 4,BOOM Esports,ZETA DIVISION,33.333333333333336,33.333333333333336,1,1,33.33333333333333,1434.6565031804448,1472.83688211738,0.0,66.66666666666666,66.66666666666666,1,1,26.666666666666668,1414.364860620104,1455.3201260619624,17.75700934579439,1.023979939703154,0.8874963717110776,128.948689703154,119.36519112695584,198.1372732426304,183.67565001447352,3.4599399608328176,3.081782074135015,0.09931689342403628,0.10735400993342172,0.9819796047206761,0.8653417188476012,71.50088641517213,64.96650860033213,29.97149814471243,20.889708994708993,0,1,95.30984891125202,94.84827923670233,0.46156967454969333,47.61904761904761,37.33974358974359,10.279304029304022,0.0,38.141025641025635,-38.141025641025635,0
VCT 2025: Pacific Stage 2,Group Stage,Week 4,Rex Regum Qeon,Team Secret,50.0,50.0,2,2,60.0,1548.2764719846036,1500.0,50.0,50.0,50.0,2,2,26.666666666666668,1419.4082725859967,1503.4468002875042,51.76470588235295,1.098954181651395,0.9827348235736982,129.55174958563967,128.03658513268488,197.50555429423233,191.97261159733986,3.817564676694708,2.83176499544786,0.0941718031189084,0.10449520653756587,1.0194898979474831,0.9513799551187658,72.60282689641512,69.23207251685513,38.317424242424245,28.505083805083807,0,1,95.69923094019603,94.13340256248908,1.56582837770695,55.771508185301286,40.580808080808076,15.19070010449321,0.0,10.231481481481481,-10.231481481481481,1
VCT 2025: Pacific Stage 2,Group Stage,Week 4,T1,DetonatioN FocusMe,50.0,50.0,0,0,46.666666666666664,1499.4904299497227,1503.0368048028495,50.0,50.0,50.0,0,0,38.46153846153847,1468.6980790292191,1500.0,50.0,1.020893954100819,0.958256803517833,130.4314910235963,124.54109805635541,197.9622009264572,190.9674975147402,3.5238543285682877,2.9831905975288326,0.11044087637932032,0.10815332196398374,0.9760020189912637,0.9458111269177446,70.00966808342095,69.08510362866981,35.05627705627706,32.37193917193917,0,1,96.72202670802601,94.69453100481886,2.0274957032071512,46.19047619047618,33.333333333333336,12.857142857142847,0.0,0.0,0.0,1
VCT 2025: China Stage 2,Group Stage,Week 1,EDward Gaming,Titan Esports Club,66.66666666666666,66.66666666666666,1,1,73.33333333333333,1608.543471528892,1570.597134487021,100.0,33.33333333333334,33.33333333333334,1,1,40.0,1473.9840896640476,1500.0,50.0,1.1621283049738933,1.0006129955828484,134.99746821805644,131.76761204481792,209.3251770941477,197.38294036845508,1.77421802054155,2.0844187675070027,0.09623614445778313,0.09894075630252101,1.0431519646320067,0.9893053921568628,73.56986332994737,71.95728680361033,24.714285714285715,15.0,0,1,97.82363186998262,99.21858474096106,-1.3949528709784431,53.95880574452002,44.074074074074076,9.884731670445944,21.59391534391535,0.0,21.59391534391535,1
VCT 2025: China Stage 2,Group Stage,Week 1,Bilibili Gaming,TYLOO,50.0,50.0,0,0,60.0,1536.0244390540513,1453.9337923135488,20.5607476635514,50.0,50.0,0,0,14.285714285714285,1437.2317266465996,1500.0,50.0,1.1012297343723814,0.9682284368538239,130.77956219524847,133.05245958032336,200.0864824391295,190.87253446587812,2.193208839091192,1.491031500319426,0.10055830999066293,0.10016511867905058,1.072869696026559,1.037628712303635,72.22047152194212,72.35305584221993,7.916666666666667,15.0,0,1,95.81895728266123,98.21250163727828,-2.393544354617049,40.333333333333336,26.666666666666668,13.666666666666668,0.0,0.0,0.0,1
VCT 2025: China Stage 2,Group Stage,Week 1,All Gamers,Xi Lai Gaming,16.666666666666668,16.666666666666668,2,2,0.0,1396.3249373419922,1500.0,50.0,83.33333333333333,83.33333333333333,2,2,76.92307692307693,1609.4362223206792,1500.0,50.0,0.8000546244690981,1.1912916743063504,113.22051282051284,137.97437942174784,178.4010055003476,206.52738409251566,0.6984126984126985,1.6145057427952165,0.11487179487179489,0.0917468983258457,0.7631794871794871,1.1329421893895577,65.68888888888888,76.30096755096754,15.0,15.0,0,1,95.78390980076952,95.25479717493334,0.5291126258361771,30.555555555555554,73.54497354497353,-42.98941798941797,0.0,0.0,0.0,0
VCT 2025: China Stage 2,Group Stage,Week 1,Wolves Esports,FunPlus Phoenix,50.0,50.0,0,0,50.0,1507.3795726984388,1500.0,50.0,50.0,50.0,0,0,33.33333333333333,1461.6893705041311,1490.2471260536495,0.0,1.006488199300699,1.0143669290948703,137.20765993265994,122.62682400932401,196.98039141414142,194.07005080975668,1.8208712121212123,2.113449883449883,0.1009185606060606,0.10149795066045067,1.0510978535353537,0.9116128010878011,72.03524184149184,67.48199203574204,15.0,9.138066893424037,0,1,96.42049344710041,96.54126433151193,-0.12077088441151318,51.66666666666667,40.0921658986175,11.57450076804917,0.0,21.825396825396826,-21.825396825396826,0
VCT 2025: China Stage 2,Group Stage,Week 1,Dragon Ranger Gaming,Nova Esports,83.33333333333333,83.33333333333333,2,2,53.84615384615385,1513.598641452124,1500.0,50.0,16.66666666666667,16.66666666666667,2,2,45.45454545454545,1485.0425219048677,1500.0,50.0,0.9947410662489848,0.9609243857746533,130.1080693815988,118.24863782051281,194.30527020114124,193.87589001907182,1.6926966321762704,0.8829254079254079,0.10601349181863888,0.12501602564102565,0.9696891711229946,0.8759671474358974,72.29917900726724,67.01775641025641,15.0,15.0,0,1,97.9986360017706,96.22067506919105,1.7779609325795604,58.854166666666664,41.81818181818181,17.03598484848485,0.0,0.0,0.0,1
VCT 2025: China Stage 2,Group Stage,Week 1,JDG Esports,Trace Esports,33.333333333333336,33.333333333333336,1,1,25.0,1446.5495896394618,1500.0,50.0,66.66666666666666,66.66666666666666,1,1,60.0,1534.236397818,1495.2629277190658,46.34146341463415,1.0206317956907642,1.1046005476005476,121.30916305916307,123.98765331890333,192.28269118652244,198.5204292929293,1.2811079545454545,2.0455007955007956,0.10310930735930737,0.09670460557960558,0.9209462481962483,0.9430271464646464,69.31457431457432,70.95488415905082,15.0,11.366666666666667,0,1,96.30359029117305,95.71468141115483,0.5889088800182236,35.714285714285715,57.24517906336089,-21.53089334907517,0.0,23.43434343434343,-23.43434343434343,0
VCT 2025: China Stage 2,Group Stage,Week 2,Trace Esports,TYLOO,50.0,50.0,0,0,60.0,1545.6796063500894,1495.2629277190658,46.34146341463415,50.0,50.0,0,0,12.5,1424.505601735166,1500.0,50.0,1.1005533253783253,0.9363665489137626,124.46525748556999,128.73378912968695,199.10765151515153,188.73568987986556,1.9505007955007954,1.6657636738906088,0.09853793891293891,0.11567939456484348,0.947662563131313,0.9668326453388374,70.50303230719898,68.98701410388716,9.533333333333333,15.0,0,1,95.67672884065364,96.5401332720365,-0.863404431382861,56.52777777777778,27.500000000000004,29.027777777777775,25.277777777777764,0.0,25.277777777777764,0
VCT 2025: China Stage 2,Group Stage,Week 2,FunPlus Phoenix,Nova Esports,33.333333333333336,33.333333333333336,1,1,33.33333333333333,1481.5906423706942,1490.2471260536495,0.0,66.66666666666666,66.66666666666666,1,1,41.66666666666667,1471.0890213175467,1500.0,50.0,1.043973766701708,0.954701520293432,123.64067016317017,120.07391025641024,195.21022174992765,194.17789918414917,2.1384071484071483,1.142681623931624,0.09897487373737375,0.12076282051282053,0.9263922882672884,0.8863451465201464,68.7035304972805,67.014797008547,7.4249669312169315,15.0,0,1,95.93616970394491,96.37212987292874,-0.4359601689838257,40.922619047619044,37.435897435897445,3.486721611721599,21.825396825396826,0.0,21.825396825396826,1
VCT 2025: China Stage 2,Group Stage,Week 2,All Gamers,Wolves Esports,33.333333333333336,33.333333333333336,1,1,0.0,1389.4318058199085,1500.0,50.0,66.66666666666666,66.66666666666666,1,1,45.45454545454545,1487.4783008318757,1500.0,50.0,0.8391654434692845,0.9794647965670692,113.22051282051284,133.28788433788435,179.54940922456888,194.170985201667,0.6111111111111112,1.802190612417885,0.11487179487179489,0.10089722777222777,0.7631794871794871,1.0131388195138196,65.68888888888888,70.84339410589409,15.0,15.0,0,1,95.8849446438329,95.78828098556833,0.09666365826456058,32.53968253968254,50.256410256410255,-17.716727716727718,0.0,0.0,0.0,1
VCT 2025: China Stage 2,Group Stage,Week 2,JDG Esports,Bilibili Gaming,33.33333333333334,33.33333333333334,1,1,22.22222222222222,1435.1063811073723,1500.0,50.0,66.66666666666666,66.66666666666666,1,1,66.66666666666666,1548.7505639654848,1453.9337923135488,20.5607476635514,1.0382740144702218,1.148235794978442,123.96497750615399,134.36542078110705,193.25781700239907,203.26102789367494,1.5309194890077242,2.2659361118184647,0.10001685765215178,0.09538861302096598,0.9336981750275868,1.1273276084844712,70.31048298107122,73.71683515830574,15.0,15.0,0,1,96.50481311301948,96.2177003581763,0.28711275484317866,36.61375661375661,42.016129032258064,-5.402372418501457,0.0,0.0,0.0,0
VCT 2025: China Stage 2,Group Stage,Week 2,TYLOO,Titan Esports Club,16.666666666666668,16.666666666666668,2,2,22.22222222222222,1448.006555154504,1500.0,50.0,83.33333333333333,83.33333333333333,2,2,36.36363636363637,1462.8789161520842,1500.0,50.0,0.9845480434789001,0.9829815111359228,130.76350189198484,129.9174544817927,191.3990445990962,195.69156195112075,2.12120169705309,2.157552414905356,0.10842586859305126,0.09596914877061935,1.0018190574475405,0.9673841230936819,70.63667010663914,71.24910297452314,15.0,15.0,0,1,96.30212596548287,98.43417783930657,-2.1320518738236984,27.500000000000004,43.0,-15.499999999999996,0.0,0.0,0.0,1
VCT 2025: China Stage 2,Group Stage,Week 2,Trace Esports,EDward Gaming,33.33333333333334,33.33333333333334,3,3,53.333333333333336,1522.1786529307515,1495.2629277190658,46.34146341463415,66.66666666666666,66.66666666666666,3,3,73.33333333333333,1619.6486450408554,1570.597134487021,100.0,1.1019866587116587,1.178138886984475,124.46056998556999,134.7888514380111,199.43348484848485,209.92200249097309,2.048834128834129,1.6461756924992221,0.09946849446849447,0.09458081565959718,0.9438813131313131,1.0602494703009409,70.53219897386563,73.1753055068181,3.3,15.0,0,1,95.72849346115778,97.32477574554372,-1.5962822843859357,56.52777777777778,54.91878922111479,1.608988556662986,25.277777777777764,22.38756613756614,2.890211640211625,1
VCT 2025: China Stage 2,Group Stage,Week 2,Dragon Ranger Gaming,All Gamers,50.0,50.0,0,0,57.14285714285714,1527.552142039445,1500.0,50.0,50.0,50.0,0,0,11.11111111111111,1411.8707580114503,1500.0,50.0,1.00625115815557,0.8952105529250782,131.33632837750486,120.37967032967033,195.22464165736224,184.82963359644216,1.849100654247713,1.3606701940035273,0.10423005181093416,0.10561813186813188,0.9887445642592702,0.8657774725274725,73.1640021742963,68.89166666666667,15.0,15.0,0,1,97.80162552004454,95.1645796687242,2.6370458513203374,62.10317460317461,32.53968253968254,29.56349206349207,0.0,0.0,0.0,1
VCT 2025: China Stage 2,Group Stage,Week 2,Xi Lai Gaming,Wolves Esports,83.33333333333333,83.33333333333333,2,2,78.57142857142857,1616.3293538427629,1500.0,50.0,16.666666666666668,16.666666666666668,2,2,41.66666666666667,1465.0393486403339,1500.0,50.0,1.1836279832844683,0.951731619075369,137.97437942174784,129.82828768453768,205.72780903828837,191.17525495337995,1.4991839040241295,1.8834895428645428,0.0917468983258457,0.1065489631895882,1.1329421893895577,0.9778159115190366,76.30096755096754,69.22408095376845,15.0,15.0,0,1,95.39408141993901,95.15415595215973,0.2399254677792868,73.1728588871446,50.256410256410255,22.916448630734344,0.0,0.0,0.0,1
VCT 2025: China Stage 2,Group Stage,Week 3,Titan Esports Club,Bilibili Gaming,50.0,50.0,0,0,33.33333333333333,1444.5259886863628,1500.0,50.0,50.0,50.0,0,0,66.66666666666666,1559.1487711619143,1453.9337923135488,20.5607476635514,0.960233051874596,1.1655755385681856,126.55562032505311,134.95195562607327,192.65316255775815,205.05846379111082,2.125192277765807,2.6095258554082084,0.10083069894624518,0.0957378999491299,0.9392962813330461,1.1260563860975625,69.13142664116928,74.07124874531291,15.0,15.0,0,1,97.46405801437709,96.27482683172457,1.1892311826525201,37.49999999999999,42.29797979797979,-4.797979797979799,0.0,0.0,0.0,0
VCT 2025: China Stage 2,Group Stage,Week 3,FunPlus Phoenix,Dragon Ranger Gaming,16.66666666666667,16.66666666666667,2,2,33.33333333333333,1496.3313455902353,1490.2471260536495,0.0,83.33333333333333,83.33333333333333,2,2,60.0,1537.870267267501,1500.0,50.0,1.0494552481831894,1.005034414278532,123.20178127428127,129.53178733031675,194.50281434252022,194.4563322135381,2.108777518777519,1.9524939439645324,0.09780820707070707,0.1020762953345674,0.9238145104895106,0.9841514937268614,68.53130827505828,72.96850190250926,6.509960317460317,15.0,0,1,96.00849595748377,97.84419145264823,-1.8356954951644582,41.45658263305322,60.11904761904761,-18.66246498599439,21.82539682539683,0.0,21.82539682539683,1
VCT 2025: China Stage 2,Group Stage,Week 3,Nova Esports,All Gamers,66.66666666666666,66.66666666666666,1,1,38.46153846153847,1456.3483180980056,1500.0,50.0,33.333333333333336,33.333333333333336,1,1,10.0,1401.5526327833943,1500.0,50.0,0.951314223860604,0.8952105529250782,120.4838141025641,120.37967032967033,193.86165052895825,184.82963359644216,1.3214497041420117,1.3606701940035273,0.11908012820512821,0.10561813186813188,0.8910653998778999,0.8657774725274725,67.09839743589744,68.89166666666667,15.0,15.0,0,1,96.49650540295127,95.1645796687242,1.3319257342270703,37.77777777777777,37.121212121212125,0.6565656565656468,0.0,0.0,0.0,0
VCT 2025: China Stage 2,Group Stage,Week 3,TYLOO,EDward Gaming,33.33333333333334,33.33333333333334,1,1,30.0,1466.3594826202254,1500.0,50.0,66.66666666666666,66.66666666666666,1,1,66.66666666666666,1600.2928755294586,1570.597134487021,100.0,0.9845480434789001,1.1608833314289198,130.76350189198484,134.13399500825972,191.3990445990962,208.46755804652864,2.12120169705309,1.8061756924992218,0.10842586859305126,0.09844571370214754,1.0018190574475405,1.0415932865133233,70.63667010663914,72.16589231846585,15.0,15.0,0,1,96.30212596548287,97.14180125750434,-0.8396752920214681,36.285714285714285,54.15764790764791,-17.87193362193363,0.0,18.81613756613757,-18.81613756613757,0
VCT 2025: China Stage 2,Group Stage,Week 3,Titan Esports Club,JDG Esports,33.33333333333334,33.33333333333334,1,1,30.76923076923077,1432.5305450654648,1500.0,50.0,66.66666666666666,66.66666666666666,1,1,20.0,1424.7081739109428,1500.0,50.0,0.957826460839708,1.0177591130231998,126.07827304757936,123.78331458846166,192.30332414238404,192.53203530215916,2.4556430742129716,1.7090775401069518,0.10026633526217504,0.10428488137679315,0.9380026672190469,0.9256859791896557,69.04080028922651,69.37331915089268,15.0,15.0,0,1,97.5409741360783,96.58567983523055,0.9552943008477541,37.179487179487175,39.04761904761905,-1.8681318681318757,0.0,0.0,0.0,0
VCT 2025: China Stage 2,Group Stage,Week 3,Bilibili Gaming,Trace Esports,33.33333333333333,33.33333333333333,3,3,66.66666666666666,1571.1442147828122,1453.9337923135488,20.5607476635514,66.66666666666667,66.66666666666667,3,3,60.0,1541.5344224421483,1495.2629277190658,46.34146341463415,1.1686524616451088,1.1019866587116587,134.9754620524111,124.46056998556999,205.68680387208252,199.43348484848485,2.9463679606713664,2.048834128834129,0.09732114512880767,0.09946849446849447,1.126271355782473,0.9438813131313131,73.99513591127368,70.53219897386563,15.0,3.3,0,1,96.3433288137111,95.72849346115778,0.6148353525533139,43.71498599439776,57.2,-13.485014005602245,0.0,18.6111111111111,-18.6111111111111,0
VCT 2025: China Stage 2,Group Stage,Week 3,Wolves Esports,Dragon Ranger Gaming,50.0,50.0,0,0,38.46153846153847,1454.6529533617393,1500.0,50.0,50.0,50.0,0,0,53.333333333333336,1520.861585855395,1500.0,50.0,0.951731619075369,0.9889951985922575,129.82828768453768,129.59034690799396,191.17525495337995,193.142606723342,1.8834895428645428,2.4701410027880617,0.1065489631895882,0.10138807951307952,0.9778159115190366,0.9782201311760136,69.22408095376845,72.66481214863569,15.0,15.0,0,1,95.15415595215973,97.78251104791111,-2.628355095751388,45.77777777777777,58.212560386473434,-12.434782608695663,0.0,10.185185185185187,-10.185185185185187,1
VCT 2025: China Stage 2,Group Stage,Week 3,Xi Lai Gaming,FunPlus Phoenix,50.0,50.0,0,0,80.0,1626.7157491213575,1500.0,50.0,50.0,50.0,0,0,40.0,1513.3400270023412,1490.2471260536495,0.0,1.195992178338231,1.0693176820456232,139.14687067318647,126.44146381396381,206.29140964785702,197.14514238484827,1.6598443710285815,2.1447563547563546,0.09110773103254306,0.10202249278499279,1.139534863632608,0.9561081612831612,76.72550465407608,68.86543525918526,15.0,6.526339285714286,0,1,95.42432179737675,96.14788770216835,-0.7235659047915988,75.05175983436854,43.050193050193045,32.001566784175495,0.0,35.71428571428572,-35.71428571428572,1
VCT 2025: China Stage 2,Group Stage,Week 4,Nova Esports,Xi Lai Gaming,33.333333333333336,33.333333333333336,1,1,35.714285714285715,1438.7707359087135,1500.0,50.0,66.66666666666666,66.66666666666666,1,1,80.0,1638.7680236903686,1500.0,50.0,0.9463223915440303,1.1851858291318818,120.06775902668758,139.14687067318647,193.14194079729796,204.31490171134908,1.5229788069073784,1.6598443710285815,0.11706868131868133,0.09110773103254306,0.8896887100994243,1.139534863632608,67.87181204212455,76.72550465407608,15.0,15.0,0,1,96.56828307330586,95.42432179737675,1.1439612759291151,38.515406162464984,75.4920634920635,-36.97665732959851,0.0,14.616402116402105,-14.616402116402105,0
VCT 2025: China Stage 2,Group Stage,Week 4,EDward Gaming,JDG Esports,50.0,50.0,0,0,73.33333333333333,1611.4254595591635,1570.597134487021,100.0,50.0,50.0,0,0,27.27272727272727,1440.2503379268244,1500.0,50.0,1.1981277758733642,1.010476199005048,134.63021778511973,123.20922763044612,211.95644693541755,191.87404278805909,1.9839534702769999,1.885257656781721,0.09980359736487189,0.10526939412128489,1.050749588011843,0.9276468056919738,72.31042280159926,69.06788700328616,15.0,15.0,0,1,97.01805239775608,96.74059533503214,0.2774570627239399,54.86772486772487,41.666666666666664,13.201058201058203,15.343915343915349,0.0,15.343915343915349,1
VCT 2025: China Stage 2,Group Stage,Week 4,All Gamers,FunPlus Phoenix,50.0,50.0,0,0,18.181818181818183,1419.1302149726864,1500.0,50.0,50.0,50.0,0,0,40.0,1501.28775243333,1490.2471260536495,0.0,0.9168769976325704,1.0693176820456232,122.85373626373625,126.44146381396381,186.55292023679795,197.14514238484827,1.6246031746031746,2.1447563547563546,0.10486950549450551,0.10202249278499279,0.8997469780219779,0.9561081612831612,70.21333333333334,68.86543525918526,15.0,6.526339285714286,0,1,95.3048930171444,96.14788770216835,-0.8429946850239531,40.598290598290596,41.780783319244854,-1.182492720954258,0.0,29.61538461538462,-29.61538461538462,1
VCT 2025: China Stage 2,Group Stage,Week 4,Trace Esports,Titan Esports Club,50.0,50.0,0,0,66.66666666666666,1558.0266975766476,1495.2629277190658,46.34146341463415,50.0,50.0,0,0,28.57142857142857,1416.9883810495833,1500.0,50.0,1.112168476893477,0.957826460839708,125.85829725829726,126.07827304757936,200.54863636363638,192.30332414238404,2.260955340955341,2.4556430742129716,0.09825637325637326,0.10026633526217504,0.9574040404040404,0.9380026672190469,70.75442119608786,69.04080028922651,0.0,15.0,0,1,95.92389463414759,97.5409741360783,-1.6170795019307178,56.87830687830689,36.607142857142854,20.271164021164033,18.650793650793652,24.4047619047619,-5.7539682539682495,0
VCT 2025: China Stage 2,Group Stage,Week 4,Nova Esports,Wolves Esports,66.66666666666666,66.66666666666666,1,1,33.33333333333333,1430.3137274124613,1500.0,50.0,33.33333333333334,33.33333333333334,1,1,42.857142857142854,1472.7149619566515,1500.0,50.0,0.954286863686709,0.9606267576890046,121.1053417799306,130.59590484239607,193.09388158625,192.3156199569661,1.8565346057451322,2.0867838695267844,0.11388246457489878,0.10330668072992635,0.9045302529159437,0.9971855721439056,68.47085047019257,70.0412883331743,15.0,15.0,0,1,96.63850346608353,95.0908492440137,1.5476542220698377,37.79448621553884,49.35574229691877,-11.56125608137993,0.0,0.0,0.0,1
VCT 2025: China Stage 2,Group Stage,Week 4,Dragon Ranger Gaming,Xi Lai Gaming,50.0,50.0,0,0,53.333333333333336,1502.799577260483,1500.0,50.0,50.0,50.0,0,0,86.66666666666667,1647.2250321866209,1500.0,50.0,0.9889951985922575,1.190816598362651,129.59034690799396,138.50351183903817,193.142606723342,205.07148290793026,2.4701410027880617,2.064288815473026,0.10138807951307952,0.09396926465347519,0.9782201311760136,1.1213430056785318,72.66481214863569,76.20148323898324,15.0,15.0,0,1,97.78251104791111,95.41705455429995,2.3654564936111626,54.66666666666667,76.4021164021164,-21.735449735449734,5.555555555555558,10.357142857142854,-4.801587301587296,1
VCT 2025: China Stage 2,Group Stage,Week 4,TYLOO,JDG Esports,50.0,50.0,0,0,27.27272727272727,1455.2268985905205,1500.0,50.0,50.0,50.0,0,0,25.0,1431.9867392741437,1500.0,50.0,0.9669503819881529,1.002804936807259,128.82672776713022,123.20938996611405,189.77342585347228,192.03804799431734,2.3090815273477814,2.3158721502955246,0.102973938113257,0.10401861459296638,0.9765158812062836,0.9262304286646876,69.98293937458024,69.00019060155961,15.0,15.0,0,1,96.15019378213205,96.85818619378144,-0.7079924116493856,36.01731601731602,42.16269841269841,-6.145382395382391,0.0,0.0,0.0,1
VCT 2025: China Stage 2,Group Stage,Week 4,Bilibili Gaming,EDward Gaming,33.33333333333333,33.33333333333333,3,3,66.66666666666666,1554.651939648313,1453.9337923135488,20.5607476635514,66.66666666666667,66.66666666666667,3,3,73.33333333333333,1619.6890582118442,1570.597134487021,100.0,1.1686524616451088,1.1807203684659566,134.9754620524111,133.84614337502882,205.68680387208252,210.63480950851692,2.9463679606713664,2.3348306632594555,0.09732114512880767,0.1005074481547005,1.126271355782473,1.0409377871053955,73.99513591127368,72.02148578459723,15.0,15.0,0,1,96.3433288137111,96.95063590844106,-0.6073070947299612,44.239672364672366,54.680851063829785,-10.441178699157419,0.0,12.407407407407417,-12.407407407407417,1
VCT 2025: Americas Stage 2,Playoffs,Upper Round 1,LEVIATÁN,Cloud9,33.33333333333334,33.33333333333334,1,1,33.33333333333333,1464.1552890667792,1481.5834498455567,61.6822429906542,66.66666666666666,66.66666666666666,1,1,46.666666666666664,1503.484092370192,1501.6461131968745,50.0,1.0479639985831164,1.1502659757167497,129.99850084555968,132.40050903345022,195.08117635632343,203.78239520369553,3.3454244938068465,3.3313195988737783,0.10614837401160931,0.09670598098152278,0.9918127679510033,1.0404843317673038,71.86826420311715,74.3309295245518,35.81593795093795,43.51441798941799,0,1,94.93381685598229,93.35642719392274,1.5773896620595451,54.83974358974359,54.48717948717948,0.3525641025641093,24.48107448107449,19.84126984126984,4.639804639804652,0
VCT 2025: Americas Stage 2,Playoffs,Upper Round 1,G2 Esports,100 Thieves,66.66666666666666,66.66666666666666,1,1,86.66666666666667,1687.2334330490967,1503.4110732395798,38.31775700934579,33.333333333333336,33.333333333333336,1,1,46.666666666666664,1517.4057469174745,1511.649084807243,36.53846153846153,1.161138999889,1.0864751563308839,132.93195831945832,128.01400602608032,206.3601703851704,195.11966916468464,4.312996725496726,3.266340129312266,0.09804782717282717,0.09873188380247204,1.0826385975135975,1.003343575722523,75.80781857031857,73.34702755105232,38.059761904761906,38.2728835978836,0,1,96.73512306739627,94.07885779330157,2.6562652740947073,68.913813459268,55.313131313131315,13.600682146136684,33.17099567099569,25.51767676767676,7.653318903318926,1
VCT 2025: Americas Stage 2,Playoffs,Upper Semifinals,Sentinels,Cloud9,83.33333333333333,83.33333333333333,2,2,80.0,1684.6153219835462,1569.8537225227467,62.376237623762385,16.666666666666668,16.666666666666668,2,2,46.666666666666664,1516.9708035465287,1501.6461131968745,50.0,1.2832329300329302,1.149333574784349,137.2149535649536,132.47463490757607,211.90662485662486,203.87563529693563,3.738128538128538,3.444140111694291,0.09114975394975394,0.09892975720529901,1.135635875235875,1.0387640520470243,76.96300107300108,74.42789922152151,42.234268707483,43.99775132275133,0,1,94.62568326050362,93.33127345673276,1.2944098037708613,61.58370304643596,54.40214547357404,7.181557572861919,15.968599033816421,18.742368742368743,-2.7737697085523223,1
VCT 2025: Americas Stage 2,Playoffs,Upper Semifinals,NRG,G2 Esports,33.33333333333334,33.33333333333334,1,1,46.666666666666664,1503.6318465795946,1481.9732038200639,33.33333333333333,66.66666666666666,66.66666666666666,1,1,86.66666666666667,1696.8559484765617,1503.4110732395798,38.31775700934579,1.0374348382010148,1.1913814241314242,129.10284599588005,133.9137765012765,195.86137286174437,208.57229159729158,3.0942616688437123,4.397845210345211,0.1047947234109773,0.0947750999000999,1.0039845976434987,1.0969416278166277,73.35589768647817,76.75327311577311,33.18425685425685,39.809761904761906,0,1,94.81863044584134,95.9462550682826,-1.1276246224412603,44.34824434824435,69.35820412274705,-25.009959774502704,0.0,33.755790992633095,-33.755790992633095,0
VCT 2025: Americas Stage 2,Playoffs,Lower Round 1,100 Thieves,Evil Geniuses,66.66666666666666,66.66666666666666,1,1,46.666666666666664,1507.7832314900095,1511.649084807243,36.53846153846153,33.33333333333334,33.33333333333334,1,1,46.666666666666664,1543.0872148732135,1592.6952688862516,81.18811881188118,1.0625222151544134,0.9812113247863248,126.63675112411956,128.4128846153846,192.971433870567,195.07893162393162,3.1322224822534417,3.0907692307692307,0.10267698184168772,0.10739358974358974,0.9865357325852683,0.9525256410256411,73.17604715889546,69.40944444444445,36.454365079365076,36.915284900284895,0,1,93.55638652670156,94.11560899534906,-0.5592224686475049,52.604166666666664,52.78033794162826,-0.17617127496159668,27.083333333333336,0.0,27.083333333333336,1
VCT 2025: Americas Stage 2,Playoffs,Lower Round 2,NRG,LEVIATÁN,83.33333333333333,83.33333333333333,2,2,46.666666666666664,1496.1095275976575,1481.9732038200639,33.33333333333333,16.666666666666668,16.666666666666668,2,2,33.33333333333333,1450.6685778904425,1481.5834498455567,61.6822429906542,1.0415653937565703,1.0581025606746195,129.21201266254673,130.02386032268384,196.00915063952215,195.4845750491339,3.184261668843712,3.3778427944604417,0.10500305674431062,0.1047261517893871,1.0071707087546098,0.9921029640294347,73.04839768647818,72.1840811965812,34.21759018759019,37.17784271284271,0,1,94.86885236872841,94.93604742323124,-0.06719505450283236,42.78696051423324,54.67310467310467,-11.886144158871424,0.0,27.822177822177828,-27.822177822177828,1
VCT 2025: Americas Stage 2,Playoffs,Lower Round 2,Cloud9,100 Thieves,50.0,50.0,0,0,46.666666666666664,1508.5843447894656,1501.6461131968745,50.0,50.0,50.0,0,0,53.333333333333336,1527.1654910102288,1511.649084807243,36.53846153846153,1.1692737457245197,1.1053117576380733,133.064805847747,128.5434177907862,204.95341307471338,196.03496328233172,3.5603794279336074,3.136144050880893,0.09532291959846141,0.09962861582861583,1.0533922571752294,1.0128102423891898,75.38089067451297,73.7412759170654,44.922751322751324,37.09603174603174,0,1,93.75675175274714,93.49044842258655,0.26630333016058216,52.791461412151065,52.604166666666664,0.18729474548440095,17.460317460317455,27.083333333333336,-9.62301587301588,1
VCT 2025: Americas Stage 2,Playoffs,Upper Final,Sentinels,G2 Esports,42.85714285714286,40.0,7,5,86.66666666666667,1693.0017807406093,1569.8537225227467,62.376237623762385,57.14285714285714,60.0,7,5,86.66666666666667,1704.3782674584988,1503.4110732395798,38.31775700934579,1.2883079300329299,1.2022703130203132,137.1774535649536,134.36900525944642,212.07329152329152,209.3111804861805,3.706461871461871,4.376930177665471,0.09107475394975394,0.09276529597853127,1.1409775419025416,1.0987782291238173,77.14133440633441,76.65588749485808,41.35569727891156,39.01976190476191,0,1,94.79609661117716,95.98291335977979,-1.1868167486026238,62.06609220540634,69.59915462637785,-7.533062420971511,16.663043478260853,35.94877344877345,-19.285729970512598,0
VCT 2025: Americas Stage 2,Playoffs,Lower Round 3,NRG,Cloud9,16.66666666666667,16.66666666666667,2,2,53.333333333333336,1511.4206673765093,1481.9732038200639,33.33333333333333,83.33333333333333,83.33333333333333,2,2,53.333333333333336,1527.1247111616376,1501.6461131968745,50.0,1.0969173751085515,1.1806581157404685,130.67448352501756,134.37389675683792,198.1359571663287,206.7288516712046,3.173072857654901,3.5530429048076106,0.10483056257181644,0.0962192513368984,1.0295996131835141,1.0633603592485945,73.91506435314484,75.9276211370329,37.57949494949495,44.34867724867725,0,1,94.00358847125122,93.90876044646308,0.09482802478814278,43.97013614404919,53.99470899470899,-10.024572850659801,0.0,19.312169312169313,-19.312169312169313,1
VCT 2025: Americas Stage 2,Playoffs,Lower Final,Sentinels,NRG,50.0,50.0,0,0,80.0,1675.9778720961003,1569.8537225227467,62.376237623762385,50.0,50.0,0,0,53.333333333333336,1527.3072379244106,1481.9732038200639,33.33333333333333,1.2581745966995967,1.1109737476575712,136.96412023162023,131.7342874465862,211.4021804121804,199.6202708918189,3.75535076035076,3.1799356027529404,0.0910303095053095,0.10361977825809096,1.1278219863469863,1.0334550053403768,77.00800107300107,73.83736827471348,42.76590136054421,38.34060606060606,0,1,94.54097914865142,93.89875734500158,0.6422218036498322,61.40247584541062,44.53333333333333,16.86914251207729,17.74999999999999,0.0,17.74999999999999,0
VCT 2025: Americas Stage 2,Playoffs,Grand Final,G2 Esports,NRG,83.33333333333333,83.33333333333333,2,2,86.66666666666667,1721.4021761030078,1503.4110732395798,38.31775700934579,16.66666666666667,16.66666666666667,2,2,60.0,1552.0101036537355,1481.9732038200639,33.33333333333333,1.1663430402930401,1.1289386599382731,132.9088032392444,132.09919972728795,206.90592796092795,200.23430597953816,4.306627147362442,3.327304023805572,0.09624004345327876,0.10172504141598569,1.0807297442753325,1.0422269351649383,76.35972587869647,74.20228055541523,37.2197619047619,38.74666666666667,0,1,96.56186028765296,93.96952171694471,2.5923385707082502,69.94493166660874,44.900284900284895,25.044646766323844,37.61544011544012,0.0,37.61544011544012,1
VCT 2025: EMEA Stage 2,Playoffs,Upper Round 1,FNATIC,BBL Esports,33.33333333333334,33.33333333333334,1,1,80.0,1645.7592601129106,1548.1407548990458,39.42307692307692,66.66666666666666,66.66666666666666,1,1,60.0,1567.7899856588394,1500.0,50.0,1.1379828098801783,1.1612180195163166,134.5728717676086,132.9624220410366,202.60073593560435,204.0004412165635,3.6593636091004513,3.489754029367033,0.10201087971482709,0.095944534080757,1.0366580688804372,1.0436913553651945,72.3087777232514,72.18252271750724,40.62374218374218,35.32888888888888,0,1,95.59832392722396,95.79410881759509,-0.19578489037112945,54.29218657159834,57.68115942028985,-3.388972848691509,27.813725490196084,12.222222222222223,15.591503267973861,0
VCT 2025: EMEA Stage 2,Playoffs,Upper Round 1,GIANTX,Natus Vincere,33.333333333333336,33.333333333333336,1,1,38.46153846153847,1476.0205713505513,1500.0,50.0,66.66666666666666,66.66666666666666,1,1,46.666666666666664,1500.6727279917457,1495.5668945620932,36.66666666666667,0.91986099157253,1.0496358736808427,123.67741467933776,128.53221467072086,187.61646793377562,192.88169632540377,3.3414694280078896,3.3036724432544866,0.11334917219532606,0.1017680968211928,0.926460679277987,0.973520306201653,69.108989301297,70.41063383898523,29.43635531135531,37.45825396825397,0,1,95.60882068533432,95.42597065442433,0.18285003090998941,43.84057971014492,47.60822510822511,-3.767645398080191,26.38888888888889,28.214285714285715,-1.825396825396826,1
VCT 2025: EMEA Stage 2,Playoffs,Upper Semifinals,Team Heretics,BBL Esports,100.0,100.0,3,3,80.0,1664.2420360273418,1563.004296110152,59.4059405940594,0.0,0.0,3,3,66.66666666666666,1586.3449405869853,1500.0,50.0,1.151919696425579,1.1722611567712187,134.87207139265965,133.3043828253503,206.03632700088582,204.58031049760928,3.6396357944887354,3.6152442254454638,0.09256514999162059,0.09326740989775045,1.0550226280255692,1.0478142311821879,73.91150362709186,72.27350310966409,38.45695767195767,35.69555555555555,0,1,95.00063590266966,95.93516652815119,-0.9345306254815284,67.74829931972789,60.06666666666667,7.681632653061222,19.384920634920643,8.05555555555555,11.329365079365093,0
VCT 2025: EMEA Stage 2,Playoffs,Upper Semifinals,Team Liquid,GIANTX,66.66666666666666,66.66666666666666,1,1,66.66666666666666,1594.0805033333904,1493.0518077430106,18.269230769230766,33.333333333333336,33.333333333333336,1,1,42.857142857142854,1492.2972751274217,1500.0,50.0,1.184003168955676,0.9299155636030635,135.07535104261984,124.24509934509935,204.7183684242252,188.27332736707737,3.687860547866605,3.3438644688644685,0.08566686721842194,0.11324387418137419,1.059886750565284,0.9324724164724165,73.98509429331679,69.13245435120436,37.444104308390024,29.8031462585034,0,1,94.6912221692805,95.7010835463201,-1.0098613770396128,65.62881005148681,47.3968253968254,18.23198465466141,25.936819172113303,30.291005291005284,-4.354186118891981,1
VCT 2025: EMEA Stage 2,Playoffs,Lower Round 1,Natus Vincere,Team Vitality,66.66666666666666,66.66666666666666,1,1,46.666666666666664,1484.3960242148753,1495.5668945620932,36.66666666666667,33.33333333333334,33.33333333333334,1,1,53.333333333333336,1489.5539229122421,1481.7669044244055,34.92063492063492,1.0616729107178797,1.082964219114219,129.23962207812826,129.41063196063197,194.05206669577413,199.32331067081068,3.3036724432544866,3.3521355496355496,0.10184217089526687,0.10182141932141932,0.9807795654609123,1.0135404595404596,70.288411616763,71.25684454434455,36.31380952380952,35.26650793650794,0,1,95.47469333067835,94.3097901039747,1.1649032267036432,44.83134920634921,53.99014778325124,-9.15879857690203,23.452380952380956,14.047619047619047,9.404761904761909,1
VCT 2025: EMEA Stage 2,Playoffs,Lower Round 2,GIANTX,FNATIC,33.33333333333334,33.33333333333334,1,1,40.0,1481.4270399035938,1500.0,50.0,66.66666666666666,66.66666666666666,1,1,80.0,1627.2043051847647,1548.1407548990458,39.42307692307692,0.9353151320901321,1.147456294728663,124.65300181300181,134.9823414645783,188.8066206941207,203.1643722992407,3.466394716394716,3.688909063645906,0.11199731287231288,0.10037072819967557,0.9377621341621342,1.0443436749410433,69.18423012173011,72.40688378385747,29.19722222222222,38.80707551707552,0,1,95.78947589295369,95.89440164721063,-0.10492575425693929,45.65843621399176,52.766990837666874,-7.108554623675111,22.314814814814817,28.044871794871796,-5.730056980056979,1
VCT 2025: EMEA Stage 2,Playoffs,Lower Round 2,Team Heretics,Natus Vincere,66.66666666666666,66.66666666666666,1,1,80.0,1642.7608297668464,1563.004296110152,59.4059405940594,33.333333333333336,33.333333333333336,1,1,53.333333333333336,1502.2572880359573,1495.5668945620932,36.66666666666667,1.1694382149440974,1.07684153816886,136.44614546673373,129.61870704544853,208.6289195934784,194.70618434283296,3.7655617204146616,3.284848913842722,0.08723181665828725,0.09946308592794662,1.0682448502477913,0.988643617748494,74.45965177524,70.99795410042314,38.00362433862434,36.64714285714285,0,1,95.7043242719804,95.39247106739,0.3118532045903919,66.25220458553792,46.46666666666667,19.785537918871256,22.857142857142858,25.83333333333333,-2.976190476190471,0
VCT 2025: EMEA Stage 2,Playoffs,Upper Final,BBL Esports,Team Liquid,16.666666666666668,16.666666666666668,2,2,73.33333333333333,1607.8261468474807,1500.0,50.0,83.33333333333333,83.33333333333333,2,2,66.66666666666666,1604.9507385572183,1493.0518077430106,18.269230769230766,1.1802641733624706,1.1514846504371576,134.18341751614972,134.00127696854577,205.9872486574886,203.2919795353363,3.5757268800457656,3.6637864737925314,0.09105624851011848,0.0886576079591627,1.0544869310313583,1.04718767649121,72.71573538719049,73.29666836739086,37.25111111111111,36.49469954648526,0,1,96.00782949854674,95.03127755546211,0.9765519430846297,61.282051282051285,66.34401908911714,-5.061967807065855,9.444444444444432,20.936819172113296,-11.492374727668864,0
VCT 2025: EMEA Stage 2,Playoffs,Lower Final,BBL Esports,GIANTX,50.0,50.0,2,2,66.66666666666666,1592.5003531464486,1500.0,50.0,50.0,50.0,2,2,46.666666666666664,1506.006797450448,1500.0,50.0,1.180671580769878,0.9573151320901321,134.80563973837195,125.82004726754728,207.27613754637747,190.74828736078737,3.5831342874531726,3.5035159285159287,0.09220439665826663,0.10942913105413106,1.0568573014017286,0.9485234977984978,72.74906872052382,69.9069573944574,36.68868686868687,29.72222222222222,0,1,96.10237707739573,95.57367615515672,0.5287009222390111,60.476190476190474,48.48659003831417,11.989600437876305,9.444444444444432,21.203703703703702,-11.75925925925927,0
VCT 2025: EMEA Stage 2,Playoffs,Grand Final,Team Liquid,GIANTX,83.33333333333333,83.33333333333333,2,2,73.33333333333333,1620.2765322582504,1493.0518077430106,18.269230769230766,16.666666666666668,16.666666666666668,2,2,46.666666666666664,1527.8999645634713,1500.0,50.0,1.156204711459278,1.0067661124822889,134.77030824238255,127.9298511891159,204.75605276188097,193.97965990980694,3.646395169444705,3.522520453402806,0.0878429626502382,0.10719987011898778,1.0533936261479606,0.9713228944802474,73.56028392803161,70.50514743970626,37.11930272108844,31.17037037037037,0,1,95.07982093058413,94.59314105941574,0.4866798711683913,66.09753645047762,51.233998975934455,14.863537474543165,25.936819172113303,24.17989417989418,1.7569249922191226,1
VCT 2025: Pacific Stage 2,Playoffs,Upper Round 1,TALON,Nongshim RedForce,83.33333333333333,83.33333333333333,2,2,46.666666666666664,1482.853317508951,1462.0366204070108,0.0,16.666666666666668,16.666666666666668,2,2,60.0,1540.8201288450985,1500.0,50.0,1.03210194990195,1.0611231950239304,125.87160617160617,126.4272575463752,192.2172582972583,195.38113842856487,3.214005254005254,3.886690107278343,0.10293128353128353,0.09084573188249659,0.9647129241129241,1.0286825731458085,70.26832574832574,72.98911492918846,34.01079365079365,36.14929138321995,0,1,95.0353165736427,96.2856456037257,-1.2503290300829946,41.28571428571428,60.9573002754821,-19.67158598976782,20.71428571428571,0.0,20.71428571428571,1
VCT 2025: Pacific Stage 2,Playoffs,Upper Round 1,Rex Regum Qeon,T1,66.66666666666666,66.66666666666666,1,1,60.0,1558.0836700121863,1500.0,50.0,33.33333333333334,33.33333333333334,1,1,46.666666666666664,1515.5346570843453,1503.0368048028495,50.0,1.1167875149847286,1.0229383985452636,130.40920572599055,129.83149102359627,198.55555429423234,197.21701574127204,3.708792746870146,3.519409884123843,0.0951674171539961,0.11174458008302403,1.0267464768948515,0.9770909078801526,72.86094093150285,69.62300141675428,39.77909090909091,35.227217227217224,0,1,95.57307500930152,96.69233889495756,-1.1192638856560393,55.2199413489736,49.049165120593685,6.170776228379914,18.48484848484848,14.177489177489184,4.307359307359297,0
VCT 2025: Pacific Stage 2,Playoffs,Upper Semifinals,DRX,TALON,66.66666666666666,66.66666666666666,1,1,73.33333333333333,1648.6436358886517,1579.0407811572811,60.57692307692308,33.33333333333334,33.33333333333334,1,1,53.333333333333336,1503.3627885958429,1462.0366204070108,0.0,1.1809667420986305,1.0495179043179044,131.08062826062826,127.24112184112184,201.44933862147485,194.2192525992526,3.9883569956015776,3.245914085914086,0.09215359906691177,0.10191134051134051,1.0559270833741423,0.9763738927738927,74.05587724281222,70.63841121841122,42.4737037037037,35.53079365079365,0,1,95.64335077115615,94.92239755024958,0.7209532209065657,59.08440254866021,43.5621521335807,15.522250415079505,27.724171539961016,22.532467532467532,5.191704007493485,0
VCT 2025: Pacific Stage 2,Playoffs,Upper Semifinals,Paper Rex,T1,66.66666666666666,66.66666666666666,3,3,60.0,1571.040521411209,1535.3028339316259,39.42307692307692,33.33333333333334,33.33333333333334,3,3,53.333333333333336,1532.5868882070586,1503.0368048028495,50.0,1.1328974442825837,1.0188791392860044,136.43623691753723,129.36037991248517,207.40204802650624,197.58664537090166,3.886414330709996,3.581632106346065,0.09273751615315083,0.11199643193487586,1.0509361329331144,0.9768686856579305,73.68875031086331,69.5889273426802,37.480447330447326,33.90029415029415,0,1,95.17564289112168,96.69656802126552,-1.5209251301438371,52.575931013431024,49.03174603174604,3.5441849816849853,24.569088319088312,17.738095238095237,6.830993080993075,1
VCT 2025: Pacific Stage 2,Playoffs,Lower Round 1,Nongshim RedForce,DetonatioN FocusMe,50.0,50.0,0,0,53.333333333333336,1520.3106577582066,1500.0,50.0,50.0,50.0,0,0,35.714285714285715,1452.6538518945965,1500.0,50.0,1.043896800204153,0.9601660434839168,125.57453128570775,124.5231437679967,194.17391101817572,191.29544149289626,3.803335009217362,3.0140694273047215,0.09260753157517863,0.1066977409845057,1.0183461591785121,0.9468434070956696,72.37771938845468,69.00755127853544,34.83933862433863,31.42427757427757,0,1,96.16476889787252,94.9011339743487,1.2636349235238242,58.768115942028984,32.22222222222222,26.545893719806763,0.0,0.0,0.0,1
VCT 2025: Pacific Stage 2,Playoffs,Lower Round 2,T1,Nongshim RedForce,66.66666666666666,66.66666666666666,1,1,46.666666666666664,1516.9269138552586,1503.0368048028495,50.0,33.333333333333336,33.333333333333336,1,1,60.0,1534.5260498753441,1500.0,50.0,1.0059902503971154,1.0498294601368132,128.2137132458185,124.44456495574143,196.12886759312389,192.29781674208144,3.403854328568287,3.8134360193183725,0.11266309860154253,0.0924728514404985,0.9646909078801527,1.013362994195347,69.33114956490243,72.26391467464997,36.86183261183261,33.60600529100529,0,1,96.41317766903958,96.44633602963602,-0.03315836059643118,48.31029185867896,61.27692307692308,-12.966631218244125,13.293650793650786,0.0,13.293650793650786,1
VCT 2025: Pacific Stage 2,Playoffs,Lower Round 2,DRX,Rex Regum Qeon,50.0,50.0,2,2,66.66666666666666,1627.4339760340108,1579.0407811572811,60.57692307692308,50.0,50.0,2,2,60.0,1541.031438889473,1500.0,50.0,1.1720461071779955,1.088306033503247,130.49068117068117,129.41059461487944,200.45992063205685,197.09536910904714,4.0227485299931125,3.6967557098331087,0.09255042446373717,0.09576463937621833,1.0496202050672638,1.0154362917096664,73.75270263963763,72.521589079651,41.54037037037037,39.24575757575758,0,1,95.4962320952459,95.63915821329878,-0.14292611805288402,57.53199423679972,55.62901744719927,1.9029767896004515,28.075048732943475,14.494949494949495,13.58009923799398,0
VCT 2025: Pacific Stage 2,Playoffs,Lower Round 3,T1,Rex Regum Qeon,50.0,50.0,2,2,53.333333333333336,1535.4176693137636,1503.0368048028495,50.0,50.0,50.0,2,2,66.66666666666666,1562.9202693562984,1500.0,50.0,1.020444795851661,1.1050764038736174,128.92886476097001,129.5713353556202,197.2349281991845,198.26648022015826,3.2947634194773783,3.67749645057385,0.11266309860154253,0.09197945419103314,0.9716606048498497,1.02133999541337,69.36145259520546,72.84825574631766,38.96206571206571,40.514155844155844,0,1,96.25541825642051,95.55918136592872,0.6962368904917895,50.6038406038406,55.62901744719927,-5.025176843358665,17.909035409035408,14.494949494949495,3.4140859140859128,0
VCT 2025: Pacific Stage 2,Playoffs,Lower Final,TALON,Rex Regum Qeon,33.33333333333334,33.33333333333334,1,1,53.333333333333336,1524.5724484504838,1462.0366204070108,0.0,66.66666666666666,66.66666666666666,1,1,66.66666666666666,1576.919561775699,1500.0,50.0,1.0504808672808672,1.0954986260958397,127.25964035964036,130.53704964133448,194.20814148814148,199.76267069634872,3.2903585303585303,3.8225758156532152,0.10224467384467385,0.09357627958785854,0.9791146335146336,1.0211145985879733,71.0124852924853,72.48031923838116,34.522460317460315,40.407489177489175,0,1,94.89891965820352,95.55978755180617,-0.6608678936026422,47.60869565217391,56.70940170940171,-9.100706057227804,25.83333333333333,13.531468531468526,12.301864801864802,0
VCT 2025: Pacific Stage 2,Playoffs,Grand Final,Paper Rex,Rex Regum Qeon,33.333333333333336,33.333333333333336,1,1,66.66666666666666,1586.700495763009,1535.3028339316259,39.42307692307692,66.66666666666666,66.66666666666666,1,1,66.66666666666666,1589.8465950478037,1500.0,50.0,1.1155128288979683,1.0870743836715973,134.87213435343466,130.37918528347012,204.98153520599342,199.10235323603126,3.84026048455615,3.92762632070372,0.09422469564033033,0.09662389863547757,1.043397671394653,1.0152733287467035,73.29387851599152,72.37151692957885,37.85378066378066,40.614896584896584,0,1,95.4564873039837,95.6214483818799,-0.1649610778961943,53.05705503073924,56.2406015037594,-3.183546473020158,23.735754985754976,10.476190476190473,13.259564509564504,1
VCT 2025: China Stage 2,Playoffs,Upper Quarterfinals,All Gamers,TYLOO,50.0,50.0,0,0,25.0,1440.816182474679,1500.0,50.0,50.0,50.0,0,0,33.33333333333333,1469.4116758481894,1500.0,50.0,0.9547972705750639,0.989794464909016,123.03366910866912,129.406102791994,187.31477597284663,191.3662160165256,1.8041847041847041,2.3879350783375553,0.10172458791208792,0.10313732510548079,0.9313447039072038,0.9929799990171507,70.85555555555555,70.3719312286318,15.0,15.0,0,1,95.30862044815473,96.17794998684187,-0.8693295386871398,40.598290598290596,36.15384615384615,4.444444444444443,0.0,0.0,0.0,0
VCT 2025: China Stage 2,Playoffs,Upper Quarterfinals,EDward Gaming,Dragon Ranger Gaming,100.0,100.0,3,3,66.66666666666666,1598.8324309274797,1570.597134487021,100.0,0.0,0.0,3,3,53.333333333333336,1523.977633639376,1500.0,50.0,1.1807203684659566,1.0162746598717187,133.84614337502882,130.4585849444673,210.63480950851692,196.6375562182915,2.3348306632594555,2.754989487636547,0.1005074481547005,0.09824927156177157,1.0409377871053955,0.992216299876594,72.02148578459723,72.9801491155903,15.0,15.0,0,1,96.95063590844106,97.50318220496425,-0.5525462965231895,52.925170068027214,55.714285714285715,-2.7891156462585016,11.296296296296294,6.666666666666665,4.629629629629629,0
VCT 2025: China Stage 2,Playoffs,Lower Round 1,All Gamers,FunPlus Phoenix,66.66666666666666,66.66666666666666,1,1,23.076923076923077,1424.6614787070287,1500.0,50.0,33.33333333333334,33.33333333333334,1,1,40.0,1479.6017849313375,1490.2471260536495,0.0,0.9446539082835522,1.06398434871229,123.63325484039771,125.23479714729714,187.08341643664787,195.80292016262604,1.8333231583231582,2.0825341325341324,0.10697272370486657,0.10208915945165946,0.9244493066457352,0.9582414946164945,70.27179487179487,68.3587685925186,15.0,6.2351190476190474,0,1,95.44302671067281,96.19557391304966,-0.7525472023768458,38.333333333333336,41.780783319244854,-3.4474499859115184,0.0,29.61538461538462,-29.61538461538462,1
VCT 2025: China Stage 2,Playoffs,Lower Round 1,EDward Gaming,Trace Esports,50.0,50.0,4,4,60.0,1577.4981232850123,1570.597134487021,100.0,50.0,50.0,4,4,60.0,1533.650332827263,1495.2629277190658,46.34146341463415,1.1334476411932295,1.122752603877604,135.42578690659187,127.00472582972583,209.91763779134524,202.3397474747475,2.6459417743705673,2.4050823250823252,0.09945121549417216,0.09794949494949495,1.0489333418129858,0.9674397546897546,72.66599717791668,70.45389209555876,15.0,15.0,0,1,96.83925529123117,96.16561506217772,0.6736402290534471,51.984313725490196,53.77668308702791,-1.792369361537716,12.766884531590412,24.603174603174597,-11.836290071584186,1
VCT 2025: China Stage 2,Playoffs,Upper Semifinals,Bilibili Gaming,TYLOO,66.66666666666666,66.66666666666666,1,1,73.33333333333333,1575.5085669326775,1453.9337923135488,20.5607476635514,33.33333333333334,33.33333333333334,1,1,38.46153846153847,1485.5663796158397,1500.0,50.0,1.183560794978442,1.0178115928332647,135.16639577026572,130.93033994299475,206.63291498319361,193.51347579292624,3.1597012940046993,2.4667182662538703,0.09716823652915581,0.0989951594672957,1.1276376316894894,1.0120241658066735,74.06730494373981,71.34210649171949,15.0,15.0,0,1,96.42720109772058,96.06418974504778,0.3630113526727996,46.56168135270302,39.285714285714285,7.275967066988734,23.585972850678733,0.0,23.585972850678733,1
VCT 2025: China Stage 2,Playoffs,Upper Semifinals,Xi Lai Gaming,Dragon Ranger Gaming,33.33333333333334,33.33333333333334,1,1,80.0,1626.0469758077277,1500.0,50.0,66.66666666666666,66.66666666666666,1,1,53.333333333333336,1545.3119412818435,1500.0,50.0,1.190816598362651,1.004476680073739,138.50351183903817,130.98255196971775,205.07148290793026,196.6314956122309,2.064288815473026,2.969804302451361,0.09396926465347519,0.09972156000565091,1.1213430056785318,0.9893885554433683,76.20148323898324,73.25468101417299,15.0,15.0,0,1,95.41705455429995,97.48675253042317,-2.069697976123223,73.32323232323232,56.990595611285265,16.332636711947053,16.71717171717173,7.878787878787874,8.838383838383857,0
VCT 2025: China Stage 2,Playoffs,Lower Round 2,Xi Lai Gaming,All Gamers,100.0,100.0,3,3,73.33333333333333,1607.3771204442432,1500.0,50.0,0.0,0.0,3,3,28.57142857142857,1442.2452327264316,1500.0,50.0,1.1517123671965002,0.9517515366404388,138.74821967391625,123.7367902930403,204.35259745901388,187.21901162199447,2.3231123448847906,2.053245045552738,0.0935282352475335,0.10456267170329672,1.1092329985116363,0.9263931433150183,76.22484784641648,71.06474358974359,15.0,15.0,0,1,95.43004972577133,95.61928200769646,-0.1892322819251291,69.65198863636364,39.58333333333333,30.06865530303031,20.18939393939394,0.0,20.18939393939394,1
VCT 2025: China Stage 2,Playoffs,Upper Final,Dragon Ranger Gaming,Bilibili Gaming,50.0,50.0,0,0,53.333333333333336,1563.981796645328,1500.0,50.0,50.0,50.0,0,0,73.33333333333333,1586.8592817986362,1453.9337923135488,20.5607476635514,0.9888100134070722,1.2018308804485274,131.7201170833524,134.89205763409146,196.06311954385484,208.41000900028763,3.164248746895806,3.328590182893588,0.09724476333851334,0.09813241011040656,1.0015228424897542,1.1243321728415798,73.35845759632524,73.6624974477584,15.0,15.0,0,1,97.19337392910722,96.55047576320716,0.6428981659000641,58.92473118279571,47.7810650887574,11.14366609403831,12.222222222222223,22.115384615384613,-9.89316239316239,1
VCT 2025: China Stage 2,Playoffs,Lower Round 3,EDward Gaming,Xi Lai Gaming,50.0,50.0,2,2,60.0,1590.789941277398,1570.597134487021,100.0,50.0,50.0,2,2,80.0,1615.8517007020544,1500.0,50.0,1.1150554843304843,1.1724901449742782,134.52755956633666,138.72339770652462,208.03528485016875,204.63407894049536,2.904765303782332,2.5527419745144204,0.10033028086965783,0.0927309672783357,1.0425026221520997,1.112143031993806,72.24285035426676,76.29125195066372,15.0,15.0,0,1,96.80366388828176,95.43248348961055,1.371180398671214,52.57861635220126,70.9368774247667,-18.358261072565448,12.407407407407401,17.468805704099843,-5.061398296692442,1
VCT 2025: China Stage 2,Playoffs,Lower Final,Bilibili Gaming,EDward Gaming,50.0,50.0,4,4,66.66666666666666,1570.6598560444804,1453.9337923135488,20.5607476635514,50.0,50.0,4,4,60.0,1609.65729426268,1570.597134487021,100.0,1.1993818063744535,1.1237777065527064,134.49351780308493,135.17928575354154,209.07482381510243,208.4160255909095,3.6035901828935883,3.164024563041591,0.0984235827697128,0.09936470370874396,1.1199602319243243,1.0491477195933911,73.82249761790784,72.60023793385308,15.0,15.0,0,1,96.6695419466585,96.7186912185588,-0.049149271900304825,47.44271392767634,53.34849469352393,-5.905780765847595,19.091478696741852,10.945419103313835,8.146059593428017,1
VCT 2025: China Stage 2,Playoffs,Grand Final,Dragon Ranger Gaming,Bilibili Gaming,66.66666666666666,66.66666666666666,1,1,60.0,1580.1812223994837,1500.0,50.0,33.333333333333336,33.333333333333336,1,1,66.66666666666666,1590.2270897253602,1453.9337923135488,20.5607476635514,0.9900322356292945,1.210489018850087,132.05574910258167,134.77818781143915,197.00670928744458,209.61575948761708,3.4753598580069167,3.639067765739592,0.09643106359452513,0.0996263118145471,0.9980082648623372,1.1283436905709407,73.26678137096688,73.96265356332694,15.0,15.0,0,1,97.16545865077606,96.80824625149441,0.35721239928165005,59.24996572055395,50.44444444444445,8.805521276109502,10.462315462315463,18.88888888888889,-8.426573426573427,0
Valorant Masters Toronto 2025,Swiss Stage,Round 1,Team Heretics,Paper Rex,50.0,50.0,0,0,73.33333333333333,1618.4075528498138,1563.004296110152,59.4059405940594,50.0,50.0,0,0,73.33333333333333,1604.4598629560862,1535.3028339316259,39.42307692307692,1.1382159927218751,1.143998298983438,135.21348553407378,135.7931599944603,206.384475149034,206.6724753769336,3.7177502726032134,4.042311766607432,0.08693215335862396,0.09205033666597134,1.0443357593387004,1.0652745944715758,73.61891103449926,73.95439133650434,40.19251322751323,37.85378066378066,1,0,94.77744656747524,96.42285126566163,-1.6454046981863968,64.74474474474474,53.64907366455356,11.095671080191174,21.111111111111097,24.6203744655757,-3.509263354464604,0
Valorant Masters Toronto 2025,Swiss Stage,Round 1,Bilibili Gaming,Team Liquid,50.0,50.0,0,0,66.66666666666666,1607.3183392800624,1453.9337923135488,20.5607476635514,50.0,50.0,0,0,80.0,1633.3042620704023,1493.0518077430106,18.269230769230766,1.1760890188500868,1.1692510077555742,133.4821560654074,135.8059563905307,207.3905743024319,206.62133053965871,3.778327024998852,3.688061836111372,0.09966334885158415,0.08806518487246043,1.110804008031258,1.0632315891109234,73.21598689666027,74.35195059469828,15.0,37.29073129251701,1,0,97.17926969029192,95.11416466923721,2.0651050210547055,51.61210317460318,66.84205658744727,-15.229953412844097,14.186507936507942,22.971451206745318,-8.784943270237376,1
Valorant Masters Toronto 2025,Swiss Stage,Round 1,Sentinels,Wolves Esports,50.0,50.0,0,0,80.0,1651.2750063667754,1569.8537225227467,62.376237623762385,50.0,50.0,0,0,40.0,1455.6691003347676,1500.0,50.0,1.2626783004033004,0.9489748464255043,136.8470831945832,128.99256435815647,211.7021804121804,191.10111138861137,3.884239649239649,2.1296921645605855,0.09104512432012431,0.10491351265693372,1.1289108752358752,0.9856545149295151,77.10948255448255,69.70590949985686,41.08150793650793,15.0,1,0,94.58880342976174,95.15490143199597,-0.5660980022342272,61.053451149359084,51.57407407407407,9.479377075285015,15.315004262574593,0.0,15.315004262574593,1
Valorant Masters Toronto 2025,Swiss Stage,Round 1,Gen.G,MIBR,50.0,50.0,0,0,60.0,1559.9747478852241,1490.1836859965138,34.92063492063492,50.0,50.0,0,0,53.333333333333336,1537.554193630954,1500.0,50.0,1.2291290857290857,1.0864210752210752,134.35378963628963,128.96006512006514,206.03883773633774,195.37346431346432,3.9292956117956117,3.7501602101602103,0.09132387704887705,0.10031737151737152,1.0815267501017503,0.9852960002960003,74.43998936248936,71.62112406112406,37.44400381364667,35.009420394420395,1,0,95.11277937726366,95.60544573784613,-0.4926663605824615,59.857549857549856,42.503607503607505,17.35394235394235,0.0,36.09307359307359,-36.09307359307359,1
Valorant Masters Toronto 2025,Swiss Stage,Round 2 (1-0),Bilibili Gaming,Sentinels,50.0,50.0,0,0,73.33333333333333,1623.6530852906726,1470.8379758949334,18.269230769230766,50.0,50.0,0,0,80.0,1659.8955001569432,1583.9620729999417,62.376237623762385,1.1677556855167535,1.239259496984497,134.45154382050944,135.68981823731824,208.2953362071938,210.05944536944537,3.8640413107131377,3.8705644355644355,0.10018715837539367,0.09411520979020979,1.1114162529292173,1.121451046176046,73.21598689666027,76.73614922114922,25.428571428571427,38.428174603174604,1,0,97.17894778916123,94.69374307409034,2.4852047150708927,51.35014005602241,62.051851851851836,-10.701711795829425,17.6704014939309,14.972222222222232,2.6981792717086677,0
Valorant Masters Toronto 2025,Swiss Stage,Round 2 (1-0),Paper Rex,Gen.G,33.33333333333334,33.33333333333334,1,1,80.0,1622.7660299873166,1554.3031373392678,41.1214953271028,66.66666666666666,66.66666666666666,1,1,66.66666666666666,1576.4405666647692,1508.280817484735,51.76470588235295,1.2016871878723272,1.2479439005439006,137.49538221668254,135.23950392200393,209.00580871026693,206.13619223369224,4.051200655496321,3.9472850297850295,0.08818366999930467,0.09135562308062309,1.0894968166937982,1.0840664326414327,75.04328022539322,74.72252904502905,39.443174603174604,42.22971809936096,1,1,96.1131866009712,94.95640061338226,1.1567859875889468,53.64907366455356,60.97744360902255,-7.328369944468989,24.6203744655757,13.809523809523805,10.810850656051896,0
Valorant Masters Toronto 2025,Swiss Stage,Round 2 (0-1),Team Heretics,Wolves Esports,50.0,50.0,0,0,66.66666666666666,1600.1013858185834,1544.00399270251,59.4059405940594,50.0,50.0,0,0,40.0,1447.0486065445998,1485.891649522805,0.0,1.091215992721875,0.9414241423780897,131.568613739202,127.7075260398825,201.03992386698272,189.85627539127537,3.494352836705778,2.273426972637499,0.09115651233298293,0.10290838812968,1.007226784979726,0.9721534551307279,71.92596231655055,69.23913850636337,39.236957671957676,30.333333333333332,1,0,93.79967040271607,95.13325660750795,-1.333586204791871,64.74474474474474,47.63888888888889,17.105855855855843,21.111111111111097,0.0,21.111111111111097,0
Valorant Masters Toronto 2025,Swiss Stage,Round 2 (0-1),Team Liquid,MIBR,50.0,50.0,0,0,73.33333333333333,1616.969516059792,1476.147624161626,0.0,50.0,50.0,0,0,53.333333333333336,1521.0883748514088,1481.9028685117787,0.0,1.1546235567751821,1.0579766307766307,135.06935508334115,126.15752543752544,205.36424992963694,191.4414008214008,3.7555999624730276,3.5304776704776706,0.08949437877224256,0.10683800643800644,1.0562250531632111,0.9636833018833019,74.39029482127779,70.6839812039812,38.947193877551015,36.683494468494466,1,0,94.97739701524152,94.22440723654225,0.7529897786992734,66.48514126774995,40.91856060606061,25.566580661689343,25.235690235690235,30.37878787878788,-5.143097643097644,1
Valorant Masters Toronto 2025,Swiss Stage,Round 3 (1-1),Bilibili Gaming,Wolves Esports,66.66666666666666,66.66666666666666,3,3,73.33333333333333,1610.0329327541624,1460.4192764525483,18.81188118811881,33.33333333333334,33.33333333333334,3,3,46.666666666666664,1471.93635227485,1506.4082908359662,50.0,1.1601758535839803,0.9659369628909101,133.35869580110293,127.98189886989229,207.3942804002556,192.51382524882527,4.036030106231345,2.4888115880221147,0.0997209274385745,0.10381986860605281,1.0981453654790343,0.9839611800236802,73.95585617770602,68.97562055391002,26.339285714285715,35.916666666666664,1,1,96.8325811776505,94.99472023145724,1.8378609461932598,49.749760043877686,49.60317460317461,0.14658544070307755,14.423648247177645,0.0,14.423648247177645,0
Valorant Masters Toronto 2025,Swiss Stage,Round 3 (1-1),Paper Rex,Team Liquid,33.333333333333336,33.333333333333336,1,1,80.0,1602.8331355498594,1534.3853311369614,41.1214953271028,66.66666666666666,66.66666666666666,1,1,73.33333333333333,1629.8321349306202,1494.0391401750715,20.5607476635514,1.1920705212056606,1.1309568901085154,136.32482666112696,134.01824397223004,207.40303093248912,203.59758326297026,3.9148117666074325,3.784488851361916,0.09000589222152691,0.08980548988335366,1.0805107055826868,1.0453139420521,74.59578022539323,74.17918371016668,40.39317460317461,39.0781462585034,1,0,95.54749711749854,95.41146999519087,0.13602712230766656,52.89448307364361,66.80519480519482,-13.910711731551203,23.350533195734435,22.457912457912453,0.8926207378219821,1
Valorant Masters Bangkok 2025,Swiss Stage,Round 1,EDward Gaming,Team Liquid,33.333333333333336,33.333333333333336,1,1,60.0,1590.0900605818001,1570.597134487021,100.0,66.66666666666666,66.66666666666666,1,1,66.66666666666666,1613.4533244449876,1480.5963586887299,21.153846153846153,1.0762482947880008,1.110541203834006,134.11605946022135,133.48987795915815,204.56148013636403,202.76882509303562,3.540495151276885,3.9057960409044,0.09936806520853957,0.09057411733433404,1.0346287648325185,1.0356825695030802,71.90190161084676,73.65081769709478,15.0,37.01862244897959,1,0,96.30545625808602,95.22317208553987,1.082284172546153,50.90023037391458,65.7285908836017,-14.828360509687116,13.291245791245787,23.45029239766081,-10.159046606415023,1
Valorant Masters Bangkok 2025,Swiss Stage,Round 1,DRX,Sentinels,33.333333333333336,33.333333333333336,1,1,60.0,1605.5451455671855,1579.0407811572811,60.57692307692308,66.66666666666666,66.66666666666666,1,1,80.0,1673.5156526934534,1594.3807724423268,61.22448979591836,1.1495572182891067,1.2257409784659785,130.1288511053217,134.3638923113923,199.93939775623986,208.34251415251416,3.7443171574440925,3.8414639064639067,0.0954759146598156,0.09308346375846376,1.0352855645443881,1.1118055435305434,72.99897714944154,76.59487937987937,41.959417989417986,38.61071428571429,1,0,95.20317088809529,94.73757266268164,0.46559822541364326,57.53199423679972,62.876509455456805,-5.344515218657087,28.075048732943475,15.557017543859663,12.518031189083812,1
Valorant Masters Bangkok 2025,Swiss Stage,Round 1,Team Vitality,T1,50.0,50.0,0,0,46.666666666666664,1471.69265909116,1481.7669044244055,34.92063492063492,50.0,50.0,0,0,46.666666666666664,1521.4183768943628,1503.0368048028495,50.0,1.070032595182595,1.0257649539544278,128.76704221704222,130.03189506400034,197.58741323491324,199.34191107138477,3.214243811743812,3.3382416803469437,0.10277868427868428,0.11313477185582449,1.0062641062641062,0.9745196298827878,70.9203773078773,69.06738144896039,34.15984126984127,38.88147963147963,1,0,94.2285182881286,96.30074519272675,-2.0722269045981534,52.43290043290043,49.633699633699635,2.799200799200797,15.865800865800866,17.76556776556777,-1.8997668997669042,1
Valorant Masters Bangkok 2025,Swiss Stage,Round 1,G2 Esports,Trace Esports,50.0,50.0,0,0,86.66666666666667,1731.042234683318,1503.4110732395798,38.31775700934579,50.0,50.0,0,0,53.333333333333336,1520.3585148348773,1495.2629277190658,46.34146341463415,1.1655957875457874,1.105947409072409,132.1915871220283,127.59150232483564,205.6465873015873,201.53931457431457,4.316883557618851,2.690796610796611,0.09550377971701501,0.09808311688311688,1.0788432973888857,0.9770893057559724,75.88023869920929,70.37993145743147,37.870873015873016,15.0,1,0,96.52989354859778,96.11656030613482,0.41333324246296854,70.82706766917293,52.47825091575091,18.34881675342202,38.66541353383458,24.282661782661783,14.382751751172798,1
Valorant Masters Bangkok 2025,Swiss Stage,Round 2 (1-0),DRX,Team Vitality,50.0,50.0,0,0,60.0,1626.5450542269416,1597.4173525816732,61.6822429906542,50.0,50.0,0,0,46.666666666666664,1491.7945488437817,1500.4430269997363,51.76470588235295,1.1658631006420481,1.0711841103341102,130.85512561512562,128.59128464128463,200.7127310895732,198.0783223258223,3.7003955888166415,3.171819569319569,0.09650336564020774,0.10683929033929035,1.044336544936545,1.0055974395974396,73.63113401218665,70.84765003515004,40.714973544973546,35.37095238095238,1,0,95.05228217126019,94.25817786648527,0.794104304774919,58.5937849318131,52.43290043290043,6.160884498912665,27.47354497354497,15.865800865800866,11.607744107744105,0
Valorant Masters Bangkok 2025,Swiss Stage,Round 2 (1-0),EDward Gaming,G2 Esports,33.333333333333336,33.333333333333336,1,1,60.0,1608.8717897765519,1583.7372900363048,100.0,66.66666666666666,66.66666666666666,1,1,86.66666666666667,1739.1103294662335,1520.5983893315702,58.87850467289719,1.091232910172616,1.2186434065934066,134.39037344492453,133.18076461120577,205.28695022183413,206.80632756132758,3.8225464333281676,4.250216890952185,0.09787173265617538,0.09378083599407129,1.0370894112795817,1.0975965441421323,71.81613381114929,76.45339887236946,38.5,37.990873015873014,1,0,96.30377341427456,95.955993655162,0.3477797591125551,51.593521421107624,71.23556409634507,-19.642042675237448,14.77272727272727,39.30643917486023,-24.53371190213296,1
Valorant Masters Bangkok 2025,Swiss Stage,Round 2 (0-1),T1,Trace Esports,50.0,50.0,0,0,40.0,1501.3164871417412,1484.3606822275187,33.33333333333333,50.0,50.0,0,0,46.666666666666664,1512.2904200519617,1478.0756116270754,36.53846153846153,0.9984082288082289,1.0265548164798166,128.8143512043512,125.73901875901876,197.11851925851926,196.71561087061087,3.35032745032745,2.841907721907722,0.11066303696303698,0.09922707595434868,0.9596229437229437,0.9525803751803752,68.63385318385319,69.57569526433163,36.5518093018093,62.5,1,0,96.39618846152865,95.53301418502907,0.8631742764995778,49.633699633699635,51.15440115440115,-1.5207015207015147,17.76556776556777,22.817460317460313,-5.051892551892543,1
Valorant Masters Bangkok 2025,Swiss Stage,Round 2 (0-1),Team Liquid,Sentinels,66.66666666666666,66.66666666666666,1,1,60.0,1594.671595250236,1467.4562031394462,21.153846153846153,33.333333333333336,33.333333333333336,1,1,73.33333333333333,1652.5157440336973,1576.0042010179347,59.4059405940594,1.0989993234921254,1.1696179015429016,133.56406599334616,132.17790940540942,202.81908150329204,204.34764235764234,3.8466507417591007,3.8062502312502313,0.09399975835997508,0.09611594239094239,1.0308757318962427,1.073938876863877,73.25628778256487,75.52752895252895,35.71071428571428,35.36626984126984,1,0,95.12797399108007,94.65993951395822,0.4680344771218472,64.93993993993993,61.448060486522024,3.4918794534179085,22.22222222222222,13.493589743589752,8.72863247863247,1
Valorant Masters Bangkok 2025,Swiss Stage,Round 3,T1,DRX,0.0,0.0,3,3,40.0,1519.4722074654476,1501.642334935305,50.0,100.0,100.0,3,3,53.333333333333336,1605.7286645356173,1578.0816548899077,42.30769230769231,1.0276018796018795,1.1157263485052957,130.03911310911312,129.90697746697748,198.920424020424,198.930394907237,3.4214385614385616,3.850822939243992,0.10988208458208458,0.09563726877411088,0.9720800865800866,1.0296527842527843,69.33607540607541,73.41119099224362,36.82653457653458,35.83497354497354,1,1,95.54904174784856,95.27468662616114,0.27435512168742093,51.8796992481203,57.906244989578326,-6.026545741458023,16.666666666666668,29.74627224627224,-13.079605579605573,1
Valorant Masters Bangkok 2025,Swiss Stage,Round 3,G2 Esports,Team Liquid,50.0,50.0,0,0,86.66666666666667,1718.4651962115136,1508.130648682707,39.42307692307692,50.0,50.0,0,0,66.66666666666666,1612.3791002477103,1487.2563727542415,40.59405940594059,1.2053934065934064,1.11368548333618,133.04767637591166,133.99155137346312,206.2695628554452,203.71147916411073,4.256834538011009,3.810003568269822,0.09369995364113011,0.0939510254165053,1.0900009559068382,1.0375813849176854,76.03942828413416,73.61320786053759,37.041666666666664,36.50162337662337,1,0,95.63746906591668,95.18463375188011,0.4528353140365624,71.23556409634507,64.22792022792024,7.007643868424836,39.30643917486023,20.299145299145305,19.007293875714925,1
Valorant Masters Toronto 2025,Playoffs,Upper Quarterfinals,G2 Esports,Paper Rex,50.0,50.0,2,2,86.66666666666667,1730.8522151213147,1524.6744936623309,41.1214953271028,50.0,50.0,2,2,80.0,1619.211946035492,1547.828112623303,60.57692307692308,1.2185987937987939,1.2007956674044908,133.14733967557495,136.40582081317376,206.68437767026,207.11326485061778,3.9847806659571368,4.003115860174684,0.09531611525729172,0.08815501502854445,1.0976575215634037,1.0840955009043245,75.85558990029578,74.76975683358037,40.208333333333336,40.415396825396826,1,0,95.62584638404856,95.61459812038596,0.011248263662594127,72.03359962406014,53.35121067657832,18.682388947481826,39.85588972431078,26.924692954104724,12.931196770206054,0
Valorant Masters Toronto 2025,Playoffs,Upper Quarterfinals,Xi Lai Gaming,Sentinels,50.0,50.0,0,0,80.0,1596.9843477167724,1500.0,50.0,50.0,50.0,0,0,66.66666666666666,1634.8082390362229,1556.2040314031394,40.59405940594059,1.1629345894187226,1.1517090696340697,136.46755163403066,131.02007464757466,204.75448298089938,202.42627483627484,2.728499550271996,3.8125180375180374,0.09578848264972667,0.0968395891145891,1.0883944918951955,1.0629531218781219,74.80196458324801,74.93009305509305,15.0,34.32293650793651,1,0,95.0626879091331,94.58086824007249,0.4818196690606129,69.13419913419912,61.89386562804283,7.24033350615629,16.161616161616166,14.049145299145305,2.112470862470861,0
Valorant Masters Toronto 2025,Playoffs,Upper Quarterfinals,Rex Regum Qeon,Wolves Esports,50.0,50.0,0,0,60.0,1572.0872278547265,1500.0,50.0,50.0,50.0,0,0,46.666666666666664,1496.1853765356664,1521.6921425449982,66.66666666666666,1.0479188281160416,0.988306193660141,128.36585195013677,128.80577647161655,195.82235323603126,194.21177396677396,3.9898485429259423,2.719580818791345,0.09777945419103314,0.10186922782570557,0.9938511065244812,0.9951357638088408,71.63818359624551,69.72305802609446,39.53434102934103,45.666666666666664,1,0,96.01099050294214,94.84280931552534,1.168181187416792,54.773519163763076,52.287784679089036,2.4857344846740403,9.04761904761905,0.0,9.04761904761905,0
Valorant Masters Toronto 2025,Playoffs,Upper Quarterfinals,FNATIC,Gen.G,50.0,50.0,0,0,73.33333333333333,1602.6245476379106,1548.1407548990458,39.42307692307692,50.0,50.0,0,0,73.33333333333333,1596.3734611022264,1528.1986236870414,61.6822429906542,1.1198357819081504,1.2632677100677099,135.10302522526206,135.98664677914678,203.0238594787279,207.95333509083508,3.6345500892869316,3.8120469345469346,0.10243910426805164,0.089760384985385,1.0362342732316416,1.0938854802604803,72.02397780095149,74.82205285455285,38.19993265993266,44.08388476602762,1,0,95.9143487456137,94.92865288964865,0.9856958559650479,51.478348306992814,61.74492174492174,-10.266573437928926,29.441930618401212,11.536796536796533,17.90513408160468,0
Valorant Masters Toronto 2025,Playoffs,Lower Round 1,Xi Lai Gaming,G2 Esports,50.0,50.0,0,0,73.33333333333333,1581.2928539540742,1485.2225422825386,0.0,50.0,50.0,0,0,80.0,1707.7837916561218,1508.2456503527337,41.1214953271028,1.142442922752056,1.2151981203981204,134.42858899786145,133.58033630857162,203.16614964756607,206.49784568372803,2.968499550271996,3.9787200598965304,0.09663944242891613,0.09604338798456445,1.059861617570596,1.0952400131458957,73.88513420131066,75.7687212134271,47.666666666666664,40.04833333333333,1,0,94.34457089987966,95.6104628711071,-1.2658919712274468,65.97297913087387,70.12493354598615,-4.151954415112286,21.48743069795701,40.01461988304093,-18.52718918508392,0
Valorant Masters Toronto 2025,Playoffs,Lower Round 1,Rex Regum Qeon,FNATIC,50.0,50.0,0,0,60.0,1550.7023000754152,1483.4974304842283,0.0,50.0,50.0,0,0,66.66666666666666,1587.1510976291004,1532.0692611184386,40.59405940594059,1.0307067069039204,1.109252448574817,126.87527955956439,135.41552522526206,193.8644407781188,202.56969281206122,3.870656623734023,3.5595500892869314,0.10065824206982102,0.10343910426805164,0.9812282109015855,1.0346926065649749,71.67353713159905,71.81147780095148,38.32828042328042,36.95112313612314,1,0,96.01749854459506,95.88836076211172,0.1291377824833404,53.65253793825223,50.77480131332658,2.877736624925653,10.97069597069597,31.17283950617284,-20.202143535476868,0
Valorant Masters Toronto 2025,Playoffs,Upper Semifinals,Wolves Esports,Gen.G,50.0,50.0,0,0,46.666666666666664,1517.5703043149776,1538.19471206077,75.0,50.0,50.0,0,0,73.33333333333333,1611.8469111110367,1544.2701174676486,60.57692307692308,0.9902036295575769,1.270412491212491,129.68778144891866,134.5004514929515,195.48356883856883,206.832122969623,2.9708628700733963,3.790498112998113,0.10102142583815517,0.08755163077663078,0.9994392532071104,1.096531944906945,69.98459783741738,75.3755882080882,46.75,44.5100752422181,1,0,94.81651086122538,95.03311263304248,-0.21660177181709628,53.720238095238095,62.00577200577201,-8.285533910533914,0.0,12.171717171717166,-12.171717171717166,1
Valorant Masters Toronto 2025,Playoffs,Upper Semifinals,Sentinels,Paper Rex,50.0,50.0,0,0,66.66666666666666,1650.499732798921,1570.9814891206008,60.57692307692308,50.0,50.0,0,0,80.0,1642.2803695006849,1564.2569559329002,60.57692307692308,1.1938100797350797,1.1911037906537907,132.7928019203019,135.89433621933622,205.81752062752062,206.13511359011358,3.74450456950457,3.9734239834239835,0.09787662615162615,0.08818302623302625,1.0858420107670106,1.0787845765345765,75.74120416620417,74.43026103526104,36.80904761904762,41.11539682539683,1,0,94.3581200641647,95.58055461948787,-1.2224345553231757,62.70755992978214,54.57389016212545,8.133669767656691,14.932983682983691,25.361811391223156,-10.428827708239465,0
Valorant Masters Toronto 2025,Playoffs,Lower Round 2,Gen.G,G2 Esports,50.0,50.0,0,0,66.66666666666666,1589.585015012269,1526.3623877980294,58.87850467289719,50.0,50.0,0,0,80.0,1719.2450152584936,1524.6810758255244,61.6822429906542,1.2550077293077293,1.2711887963887962,133.08259435009435,135.39851812675343,204.68033725533726,209.30950069538306,3.8178790653790653,3.693405374581845,0.08587305934805936,0.09546063740181387,1.0889248020498021,1.1152167031225855,75.2035643985644,76.46102890573479,43.586605854463,42.78611111111111,1,0,94.77966866576025,95.24813882386614,-0.46847015810588744,59.96654860291224,70.52818613698423,-10.561637534071991,16.19769119769119,40.01461988304093,-23.81692868534974,0
Valorant Masters Toronto 2025,Playoffs,Lower Round 2,Sentinels,FNATIC,100.0,100.0,3,3,60.0,1632.4834432219584,1553.0408878328035,39.42307692307692,0.0,0.0,3,3,66.66666666666666,1600.762319198434,1545.1580227729917,40.59405940594059,1.1584311623561623,1.1277979031202714,131.92499565249565,135.8987575484944,204.1839023939024,203.77696553933396,3.719433344433344,3.5357117054485476,0.10030397657897658,0.1025865790155264,1.0665599594849595,1.0441673540397225,74.91442353942354,72.05753840701209,36.41460317460317,37.20890091390092,1,0,94.06904331923276,95.59883464103582,-1.52979132180306,61.543720507135134,51.33724722765819,10.206473279476945,15.637529137529139,29.4973544973545,-13.859825359825361,0
Valorant Masters Toronto 2025,Playoffs,Upper Final,Paper Rex,Wolves Esports,50.0,50.0,0,0,80.0,1660.2966590776475,1582.1975572206975,79.43925233644859,50.0,50.0,0,0,53.333333333333336,1539.8322004137453,1556.102441730389,80.0,1.1869046564546564,0.9947985013524487,135.32810245310245,129.7930404634352,204.7532954082954,193.6654491804492,3.8980993080993085,3.1930850922956187,0.08828692233692234,0.10037555300450038,1.0739014596514596,1.003743302993303,74.66922207422208,70.06562464825623,41.82095238095238,44.714285714285715,1,0,95.7158977844158,94.78595773233963,0.9299400520761765,55.64034437304334,55.44871794871795,0.191626424325392,25.242763772175543,9.722222222222221,15.520541549953322,1
Valorant Masters Toronto 2025,Playoffs,Lower Round 3,G2 Esports,FNATIC,33.33333333333334,33.33333333333334,1,1,80.0,1729.0219576211937,1539.9546311651613,60.57692307692308,66.66666666666666,66.66666666666666,1,1,66.66666666666666,1617.346247099427,1560.702831992301,61.22448979591836,1.2778173678173677,1.1301312364536047,135.95502606326136,135.72375754849438,209.6250562509386,203.75613220600061,3.561024422200893,3.6232117054485475,0.09390508184625831,0.10083657901552638,1.1209341634400458,1.0419173540397224,76.78706065176654,71.98670507367875,41.71944444444444,37.67890091390091,1,0,95.30988932222365,95.60750594125727,-0.2976166190336187,69.97896585997273,51.27930938457255,18.699656475400182,40.570175438596486,29.07964355332777,11.490531885268716,0
Valorant Masters Toronto 2025,Playoffs,Lower Final,Wolves Esports,FNATIC,50.0,50.0,0,0,53.333333333333336,1528.1012291656718,1539.8218585673524,80.0,50.0,50.0,0,0,73.33333333333333,1640.416292545516,1577.2530406820915,61.22448979591836,0.9895540569080042,1.1526673669897354,130.13526268565744,136.80394402868086,194.00322695822697,205.30857975844816,3.1930850922956187,3.82600890824575,0.1001977752267226,0.09800208018102755,0.9989877474377474,1.0566119927343611,70.45229131492289,72.81281229978597,40.845238095238095,39.81223424723425,1,0,94.72777529674363,95.59419573169318,-0.8664204349495463,52.4930426716141,52.423265957100554,0.06977671451354439,8.820346320346317,30.63909774436091,-21.818751424014593,0
Valorant Masters Toronto 2025,Playoffs,Grand Final,Paper Rex,FNATIC,66.66666666666666,66.66666666666666,1,1,80.0,1672.027630325721,1598.4781403837342,79.43925233644859,33.333333333333336,33.333333333333336,1,1,73.33333333333333,1652.5170047365125,1592.9641963441588,81.18811881188118,1.1723194712694711,1.1494967130822393,135.19550986050984,136.7640716203874,204.44070281570282,205.27444897694897,3.8995807895807895,3.894589450510503,0.08940544085544086,0.09718868305184095,1.0700496077996078,1.0523440501506292,74.48181466681467,72.5968633364686,40.17333333333333,40.74223424723425,1,0,95.78650682061216,95.68781930188536,0.09868751872680548,56.77495543672014,52.9047619047619,3.8701935319582432,25.819964349376118,28.92857142857143,-3.1086070791953127,1
Valorant Masters Bangkok 2025,Playoffs,Upper Semifinals,EDward Gaming,T1,50.0,50.0,0,0,60.0,1629.5169230312717,1596.205030685168,100.0,50.0,50.0,0,0,46.666666666666664,1541.3540766817935,1523.0532213766785,60.00000000000001,1.0930412435059496,1.036009287009287,134.5759290004801,129.31022422022423,205.688339110723,198.58338698338696,3.8944908777726117,3.439216339216339,0.09825228821173095,0.10798578828578828,1.041697744612915,0.9772578643578643,72.07057825559373,69.71755688755688,36.05,36.78379953379953,1,0,96.1805234602137,95.35040950828767,0.8301139519260374,51.593521421107624,51.8796992481203,-0.28617782701267913,14.77272727272727,16.666666666666668,-1.893939393939398,1
Valorant Masters Bangkok 2025,Playoffs,Upper Semifinals,Team Vitality,G2 Esports,50.0,50.0,0,0,46.666666666666664,1512.610938535106,1519.7787246915018,60.57692307692308,50.0,50.0,0,0,80.0,1705.9519121751048,1523.404422475371,58.87850467289719,1.0548379564879564,1.275036741036741,128.18166925666927,136.02568133391662,197.3453095053095,210.6193582452406,3.269255466755467,3.463588524764995,0.10572711085211087,0.09493642087759735,1.0016230806230806,1.1209626534685357,70.73739362489363,76.99446805917394,35.11034632034632,42.214682539682535,1,0,94.34463583383248,95.31124585876624,-0.9666100249337575,53.6217008797654,68.22589916079647,-14.604198281031074,17.651515151515145,40.766253869969034,-23.11473871845389,0
Valorant Masters Bangkok 2025,Playoffs,Upper Final,EDward Gaming,G2 Esports,50.0,50.0,2,2,60.0,1640.9405841534892,1608.2511704366946,100.0,50.0,50.0,2,2,80.0,1714.6575566259257,1540.8207626335636,58.87850467289719,1.0921579101726162,1.2474340474340475,134.43370677825786,136.0916745999099,205.32556133294523,210.1069003327827,3.8700464333281674,3.5491104102868807,0.09926062154506428,0.0932865892277657,1.040583855724026,1.115097333603216,72.36113381114929,76.71770038240626,36.11666666666667,40.62420634920635,1,0,96.19048174141187,95.38394071701705,0.8065410243948179,52.29070364663585,68.62181759111583,-16.33111394447998,15.984848484848492,41.310916179337234,-25.326067694488742,0
Valorant Masters Bangkok 2025,Playoffs,Lower Round 1,T1,Team Vitality,33.333333333333336,33.333333333333336,1,1,46.666666666666664,1529.930415559576,1511.0070816251518,61.6822429906542,66.66666666666666,66.66666666666666,1,1,40.0,1503.905294084285,1502.362384533309,58.87850467289719,1.0359944721944723,1.0480587357087356,129.13726125726126,128.29912957412958,198.58783142783145,197.5357856957857,3.5095867095867095,3.1021558996558998,0.10607097347097348,0.10711816424316425,0.9796837902837903,0.9997471787471787,69.54533466533466,70.72758121508122,37.11627816627817,35.71367965367965,1,0,95.38104644705663,94.3260939079162,1.0549525391404302,50.82417582417583,52.34375,-1.519574175824168,19.345238095238095,15.530303030303022,3.8149350649350726,1
Valorant Masters Bangkok 2025,Playoffs,Lower Final,EDward Gaming,T1,66.66666666666666,66.66666666666666,1,1,60.0,1627.0198099007437,1587.2776084206487,78.21782178217822,33.33333333333334,33.33333333333334,1,1,53.333333333333336,1543.9939642131376,1525.8289617890084,60.57692307692308,1.065480987095693,1.0771910533910534,133.67678370133478,130.529398009398,203.6879544953384,201.60526732526733,3.9414994247811586,3.7567661967661965,0.10085036513480787,0.10221114441114441,1.024706932647103,1.0039709697709698,71.61036458038006,70.62259962259962,31.2125,36.53654401154402,1,0,96.09108747066392,95.52282691239846,0.5682605582654645,50.82038180398837,51.625094482237344,-0.8047126782489755,15.288600288600291,12.698412698412703,2.590187590187588,0
Valorant Masters Bangkok 2025,Playoffs,Grand Final,G2 Esports,T1,50.0,50.0,0,0,80.0,1728.5783308786713,1561.7943246496095,79.43925233644859,50.0,50.0,0,0,60.0,1565.7215225751338,1546.5097022653588,81.73076923076923,1.2469930217930216,1.1079551559551561,136.69680280503812,132.07837236837238,210.34587469175705,204.0721904021904,3.5921873333638037,3.8475354275354277,0.0913994097405862,0.09923934953934954,1.118974256680139,1.0220376364376365,76.68077730548319,71.30747141747142,41.47420634920635,38.32500555000555,1,0,95.36762393161302,95.31747076322314,0.05015316838988326,69.35087212176995,53.41991341991342,15.930958701856532,40.32765737874096,8.253968253968258,32.0736891247727,0
Valorant Champions 2025,Group Stage,Opening (A),Paper Rex,Xi Lai Gaming,50.0,50.0,0,0,80.0,1688.6403206728778,1615.7988446743784,100.0,50.0,50.0,0,0,66.66666666666666,1569.8316303517024,1468.7871168097479,0.0,1.1547012376512376,1.1112121535212867,134.27442723942724,132.7565673589727,202.69910737410737,199.47011235152877,4.042600732600733,3.1326021143745604,0.0916533041033041,0.09920563916515333,1.0597504625004626,1.0376237416627985,73.78551837051836,72.70462091955304,38.568138528138526,32.83333333333333,1,0,95.8896048782105,93.85328280213915,2.0363220760713574,57.71174789572902,64.59569977575516,-6.883951880026146,27.735862460926402,19.21470342522974,8.521159035696662,1
Valorant Champions 2025,Group Stage,Opening (A),GIANTX,Sentinels,50.0,50.0,0,0,46.666666666666664,1514.8722347513194,1500.0,50.0,50.0,50.0,0,0,60.0,1615.8995153209653,1537.496078613494,21.153846153846153,1.012919958636135,1.1580644956894957,128.1718383686031,131.5657363932364,194.59857016621723,203.8287172087172,3.6270076328899856,3.581655566655567,0.10836012652924419,0.10229656917156918,0.9752684073007603,1.0689488483738485,70.00482692688574,75.09664576164576,30.155218855218855,38.2384126984127,1,0,94.70698310732173,94.12971622840067,0.5772668789210655,48.890419344964805,61.32483257483257,-12.434413229867765,23.021885521885523,18.415306915306918,4.606578606578605,1
Valorant Champions 2025,Group Stage,Opening (C),NRG,EDward Gaming,50.0,50.0,0,0,60.0,1542.3700450734254,1481.9732038200639,33.33333333333333,50.0,50.0,0,0,53.333333333333336,1605.2922515387475,1566.5968679442983,57.692307692307686,1.1263210128794496,1.0562912435059493,131.5293467861115,133.28430506885616,199.5438648030676,203.14778355516745,3.3493628473349832,4.034832758114492,0.10220053161206413,0.10120592069036342,1.041271052811997,1.0213804369206072,74.07580996717994,71.33104834106383,37.93666666666666,29.347777777777775,1,0,93.95626846528684,95.9691819286312,-2.0129134633443613,42.5287356321839,49.442857173949605,-6.914121541765702,0.0,12.812481636011047,-12.812481636011047,1
Valorant Champions 2025,Group Stage,Opening (C),Team Liquid,DRX,50.0,50.0,0,0,60.0,1599.9920813379092,1470.7125277746177,39.42307692307692,50.0,50.0,0,0,53.333333333333336,1583.8467953192715,1556.670768448534,42.30769230769231,1.0902970121582352,1.0681412669202144,133.03415788975386,127.45989121989122,202.72501299869722,195.55463733147946,3.819527377793632,3.7035035919246444,0.09650741639394891,0.09871885385569597,1.022202938802397,1.0101516187516186,72.89892214625186,72.46527024632287,36.68745361781076,33.92941798941799,1,0,94.98109950334577,95.17460025995715,-0.19350075661137112,62.7640529896169,57.906244989578326,4.857808000038574,20.906432748538016,29.74627224627224,-8.839839497734225,0
Valorant Champions 2025,Group Stage,Opening (D),Dragon Ranger Gaming,T1,50.0,50.0,0,0,53.333333333333336,1563.0899728447814,1500.0,50.0,50.0,50.0,0,0,66.66666666666666,1587.5666639218528,1562.3779599449267,81.18811881188118,1.021629638226697,1.1086800236800236,131.78646090137687,132.23234062234062,199.90367898441428,204.35367188367186,3.7229789056259643,4.1343079143079144,0.097145171296957,0.09690601620601622,0.993609715331354,1.029667266067266,72.99772555875496,71.65138676138676,15.0,35.55137917637918,1,0,97.1147374216288,95.5488853924587,1.5658520291701024,57.37451737451739,54.08871478959089,3.2858025849265005,12.857142857142856,9.638400814871407,3.218742042271449,0
Valorant Champions 2025,Group Stage,Opening (D),G2 Esports,Team Heretics,50.0,50.0,0,0,73.33333333333333,1706.7331895319523,1545.9260669700416,60.57692307692308,50.0,50.0,0,0,60.0,1575.2136400883332,1523.4873513893488,39.42307692307692,1.2199234247234247,1.071147616653499,136.0026636108989,130.58365647424472,209.12865857454094,199.859069166128,3.904275245451716,3.47691693926988,0.09183164417282065,0.09168642686289745,1.1097508134566958,0.9962490072019483,76.06099708570297,71.43741530800354,37.97420634920635,37.44648148148148,1,0,95.35151675735403,93.85616419283151,1.4953525645225199,68.10429965072865,63.31084120557805,4.793458445150598,42.23684210526315,19.401709401709393,22.835132703553757,0
Valorant Champions 2025,Group Stage,Opening (B),Bilibili Gaming,MIBR,50.0,50.0,0,0,66.66666666666666,1585.783908493346,1445.1354247435163,18.269230769230766,50.0,50.0,0,0,46.666666666666664,1508.2257559805807,1464.0113524983333,0.0,1.1569011283092552,1.0259766307766307,133.20851265091977,124.81393569393569,206.98988479586004,188.95422133422136,3.9950044652057035,3.433041773041773,0.09955242927007632,0.1106841602841603,1.0924823618160306,0.9396320198320198,73.66428108613094,70.31987863987864,27.4484126984127,35.772383357383355,1,0,96.45617780556206,94.24935938694905,2.206818418613011,48.41864018334606,40.08264462809918,8.335995555246875,15.772854596384006,28.156565656565657,-12.383711060181652,0
Valorant Champions 2025,Group Stage,Opening (B),Rex Regum Qeon,FNATIC,33.33333333333334,33.33333333333334,1,1,53.333333333333336,1537.0910785060817,1470.4086688296752,0.0,66.66666666666666,66.66666666666666,1,1,66.66666666666666,1635.9043143893557,1575.6434920535144,78.84615384615384,1.0226282755313716,1.144963379748906,125.54978936348594,136.5979312695102,191.96640156243254,204.95918581905423,3.7843821139301013,4.0426596259491,0.10179549697178181,0.0963535953325427,0.9733458579604091,1.0500545764664184,71.07353713159905,72.12370544173176,37.66542328042328,38.823715728715726,1,0,95.74595042338416,95.64798582945235,0.09796459393180612,52.5042735042735,51.72183507549361,0.7824384287798907,15.375457875457876,28.948412698412707,-13.57295482295483,0
Valorant Champions 2025,Group Stage,Winner's (A),Paper Rex,GIANTX,50.0,50.0,0,0,86.66666666666667,1700.4459589950372,1626.366462425791,100.0,50.0,50.0,0,0,53.333333333333336,1534.3715921933322,1516.8340810629606,100.0,1.164277306027306,1.0282020099181863,134.7776751026751,128.11029990706461,203.77090224590222,195.07036503801208,4.05969474969475,3.785981991864345,0.08988578273578275,0.10543704960616726,1.0641094368594368,0.9821402021725552,74.20876623376624,70.42021154227037,39.015757575757576,31.905218855218855,1,0,95.82418103735036,94.77881233830645,1.0453686990439053,58.20649213791796,51.25541125541125,6.951080882506709,28.84697357203751,26.262626262626256,2.5843473094112532,1
Valorant Champions 2025,Group Stage,Winner's (C),DRX,NRG,50.0,50.0,0,0,53.333333333333336,1602.2640767994624,1570.003114755058,42.30769230769231,50.0,50.0,0,0,60.0,1563.1230902384434,1503.7771680108142,50.0,1.0956503578293053,1.0893295598879964,127.89928515928517,131.930771287536,196.170394907237,199.9410158002186,3.6744126828337356,3.31574461371675,0.09640370234054445,0.10502389343542595,1.0244667702667702,1.0280858676268119,73.26042176147439,73.54390113527111,34.47608465608466,36.944074074074074,1,0,95.36722094855654,94.35481090618187,1.0124100423746683,57.906244989578326,42.5287356321839,15.377509357394423,29.74627224627224,0.0,29.74627224627224,0
Valorant Champions 2025,Group Stage,Winner's (D),Team Heretics,T1,50.0,50.0,0,0,60.0,1599.1750206889687,1542.2224487821588,41.1214953271028,50.0,50.0,0,0,66.66666666666666,1603.9287985376786,1576.8516072263799,81.18811881188118,1.0557743972802798,1.1068704998705,130.90274479333303,132.08419247419246,199.32687543393425,204.56425389425388,3.4501363124892537,3.964995744995745,0.09276904794551853,0.09651977281977282,0.9961065570594982,1.0312069486069486,71.1912614618497,72.04450845450846,37.34092592592593,36.66047008547009,1,0,93.86034644265837,95.57238786304526,-1.712041420386896,64.11070411070412,55.69682418421914,8.41387992648498,20.317460317460306,9.35828877005348,10.959171547406825,1
Valorant Champions 2025,Group Stage,Winner's (B),MIBR,FNATIC,50.0,50.0,0,0,53.333333333333336,1529.690623917039,1480.656096723487,33.33333333333333,50.0,50.0,0,0,66.66666666666666,1648.629479389747,1588.0698791146383,79.43925233644859,1.0629422873422874,1.1507582515437778,126.20464276464277,135.91075178233072,190.3897768897769,204.10277556264398,3.313445813445813,4.083685266974741,0.10952052392052393,0.09491769789664527,0.9562542420542421,1.0495930380048801,70.78977762977765,71.87755159557791,36.57238335738336,39.66260461760462,1,0,93.68440497987282,95.6686942195112,-1.9842892396383718,41.51812240047534,52.240390131956396,-10.722267731481054,30.008417508417512,27.638888888888896,2.369528619528616,0
Valorant Champions 2025,Group Stage,Elimination (C),Team Liquid,EDward Gaming,50.0,50.0,2,2,60.0,1581.5747998577183,1457.3801814680937,18.269230769230766,50.0,50.0,2,2,53.333333333333336,1584.5392063737295,1544.792903753548,36.53846153846153,1.0997081232693462,1.046846799061505,133.0849912230872,132.80388178843288,202.8589018875861,201.99222799961188,3.7967496000158536,4.016843340125074,0.09602408306061558,0.10070856619300893,1.0358001610246192,1.012232288772459,73.21864436847409,71.06914357915906,37.558882189239334,28.512037037037036,1,0,95.88424529842264,95.99591189867226,-0.11166660024962027,62.7640529896169,49.442857173949605,13.321195815667295,20.906432748538016,12.812481636011047,8.09395111252697,1
Valorant Champions 2025,Group Stage,Elimination (A),Xi Lai Gaming,Sentinels,33.33333333333334,33.33333333333334,1,1,60.0,1558.025992029543,1458.2194990583353,0.0,66.66666666666666,66.66666666666666,1,1,53.333333333333336,1596.4001578789525,1520.6619975505334,21.782178217821784,1.0976360851452183,1.1525327496577495,132.50489083037309,130.63081575831578,198.79353115494757,202.33427276427275,3.0259354477078935,3.472131757131757,0.10083877525982789,0.10078863266363267,1.026617824503035,1.0667980547230547,72.33815149154515,75.05855052355052,33.955555555555556,37.48920634920635,1,0,93.59942596644036,94.0883120206354,-0.48888605419503506,63.21412505623031,60.10347169170698,3.11065336452333,21.89327485380117,17.560606060606055,4.332668793195115,1
Valorant Champions 2025,Group Stage,Elimination (B),Bilibili Gaming,Rex Regum Qeon,50.0,50.0,0,0,60.0,1564.3190405568878,1428.4906805183625,18.269230769230766,50.0,50.0,0,0,53.333333333333336,1524.3659135056903,1457.9822817685513,0.0,1.1001603875685144,0.9993252452283412,130.68999413240127,124.37638869008529,202.33062553660076,190.51387630990726,3.9431526133538517,3.690779420327408,0.10095983667748373,0.10447899865528348,1.0572231025567713,0.9573424909570422,72.1309477527976,70.38027113833306,24.086309523809526,37.852089947089944,1,0,95.68248813308503,95.82694514235101,-0.14445700926597738,47.60960251869342,51.487099856665075,-3.877497337971654,16.753246753246753,16.8040293040293,-0.050782550782546565,0
Valorant Champions 2025,Group Stage,Elimination (D),G2 Esports,Dragon Ranger Gaming,50.0,50.0,0,0,66.66666666666666,1682.7718089313169,1527.1909695772315,41.1214953271028,50.0,50.0,0,0,53.333333333333336,1546.7278382289555,1485.5263527185468,0.0,1.2018721426721428,1.0138653284623873,134.73086873910404,131.6188786594669,207.22003386591624,198.8248911056264,3.801244942421413,3.977524360171419,0.09447033881151529,0.09654761442261443,1.0967951025009848,0.9931872494607787,75.3812768059827,72.94939233968645,37.08253968253968,30.25,1,0,94.82711509001103,97.11474638150231,-2.28763129149128,67.31259260517187,55.08547008547009,12.22712251970178,41.04636591478696,8.611111111111114,32.435254803675846,1
Valorant Champions 2025,Group Stage,Decider (C),DRX,Team Liquid,66.66666666666666,66.66666666666666,1,1,46.666666666666664,1585.3589008914496,1551.9403755389874,42.30769230769231,33.33333333333334,33.33333333333334,1,1,60.0,1596.9044868775077,1476.3257122191565,36.53846153846153,1.102505058684006,1.0945564204829685,128.50484071484073,132.34876831287048,196.53748892433103,201.35446432308663,3.6120195204405734,3.8504131707072884,0.098450710887553,0.09491778791097677,1.0215009583009584,1.0304276120050113,73.09460979566242,73.0000685170809,35.406640211640216,36.722147495361774,1,0,95.38366102129864,95.86286054083111,-0.47919951953247164,57.698412698412696,62.075935760146294,-4.377523061733598,28.880471380471374,23.17916002126529,5.701311359206084,1
Valorant Champions 2025,Group Stage,Decider (A),GIANTX,Xi Lai Gaming,50.0,50.0,0,0,53.333333333333336,1525.9301325154647,1506.2733384448352,50.0,50.0,50.0,0,0,60.0,1574.898034254913,1476.1222652737333,22.352941176470587,1.034860129576306,1.1007471962563293,128.32824862501334,132.16728399276624,195.25868412633116,198.74908671050312,3.907349513231866,3.085194706967153,0.10233448550360316,0.09912937355042618,0.9892370682694213,1.0270024398876507,70.41280413486295,72.51763867103233,30.843314093314095,30.59166666666667,1,0,94.9303422473791,93.59624841359943,1.3340938337796757,50.175438596491226,64.82489055659786,-14.649451960106639,26.666666666666668,21.613247863247874,5.0534188034187935,1
Valorant Champions 2025,Group Stage,Decider (D),T1,G2 Esports,66.66666666666666,66.66666666666666,1,1,60.0,1586.0880020477825,1557.5031882933579,78.84615384615384,33.333333333333336,33.333333333333336,1,1,66.66666666666666,1693.8121217681028,1542.6904299911585,61.6822429906542,1.0826140896140897,1.169084263884264,130.47507566507565,133.11268692092221,202.1784989084989,204.24427629015864,4.0242550042550045,3.6376085787850494,0.09473059903059904,0.0979854903266668,1.019577318977319,1.0795829812888635,71.58410959410959,74.51461013931603,35.01761294261294,36.2510582010582,1,0,95.50021213078108,95.45427619654963,0.04593593423145137,53.95477263989375,67.69836189744657,-13.743589257552827,8.051099227569814,41.47926634768741,-33.42816712011759,0
Valorant Champions 2025,Group Stage,Decider (B),MIBR,Rex Regum Qeon,50.0,50.0,0,0,46.666666666666664,1519.4999221160203,1470.0111459052766,25.882352941176475,50.0,50.0,0,0,53.333333333333336,1541.3061634331239,1471.895140163518,23.170731707317074,1.0631352697984275,1.0281906047054654,125.5256953962217,125.7353429384513,189.7273708747393,193.0085168327831,3.164573632994686,3.763982034706493,0.10899170186538609,0.10369991368796323,0.9531840666156455,0.9780379157936434,70.60907587539167,70.86366983114353,36.17979076479076,38.07431216931217,1,0,93.68872656323458,96.02062683624803,-2.3319002730134457,40.64935064935065,51.5625,-10.913149350649348,28.156565656565657,12.500000000000005,15.656565656565652,1
Valorant Champions 2025,Playoffs,Upper Quarterfinals,Paper Rex,G2 Esports,66.66666666666667,66.66666666666667,3,3,86.66666666666667,1708.8874186729047,1636.9272050439165,100.0,33.33333333333333,33.33333333333333,3,3,66.66666666666666,1706.123549203077,1561.0403436743516,61.6822429906542,1.1599638139638138,1.1770842638842638,134.25426240426242,133.56523594053004,203.30860065860068,205.08427629015867,4.006520146520146,3.6940791670203432,0.0910802271802272,0.09702862758156876,1.0639229289229288,1.0887908244261186,74.10916305916307,74.82755131578661,37.97131313131313,35.691058201058205,1,0,95.8250931144463,95.37859359188484,0.4464995225614672,58.39210868622633,68.0024056797512,-9.610296993524877,30.239156268568028,41.87452326468345,-11.635366996115419,1
Valorant Champions 2025,Playoffs,Upper Quarterfinals,FNATIC,DRX,33.33333333333334,33.33333333333334,3,3,66.66666666666666,1658.8201811907657,1598.7148299328487,79.43925233644859,66.66666666666666,66.66666666666666,3,3,53.333333333333336,1603.543548972161,1565.7693254559413,42.30769230769231,1.120216584877111,1.100030984609932,135.08443599285704,127.33150738150738,202.3297492468545,194.27822966507176,4.061316845922109,3.5675750759961287,0.09647471544050491,0.09686552570236781,1.0388518099347046,1.0153824397824398,71.29684984119194,72.99238757344021,38.57260461760462,35.857830687830685,1,0,95.76884701254785,95.3993872692767,0.3694597432711504,52.56681900013847,57.698412698412696,-5.131593698274223,28.090448823207442,28.880471380471374,-0.7900225572639314,1
Valorant Champions 2025,Playoffs,Upper Quarterfinals,Team Heretics,MIBR,50.0,50.0,0,0,60.0,1617.0158171788648,1561.5708677151808,41.1214953271028,50.0,50.0,0,0,46.666666666666664,1538.2031098967204,1487.7065822259412,41.1214953271028,1.052235935741818,1.0934616101247678,131.1642832548715,125.3028515733779,200.01405492111374,190.45138019874864,3.460392722745664,3.22890929733035,0.09415366333013392,0.10706163193531616,0.9945168134697546,0.9657808032123822,71.00664607723432,71.21187307818886,37.79171957671958,38.22979076479076,1,0,93.87955300526141,93.18504951431188,0.6945034909495291,65.51296941540843,40.64935064935065,24.863618766057783,22.6984126984127,28.156565656565657,-5.458152958152958,0
Valorant Champions 2025,Playoffs,Upper Quarterfinals,NRG,GIANTX,50.0,50.0,0,0,66.66666666666666,1580.0282661464562,1521.8399072268849,58.87850467289719,50.0,50.0,0,0,60.0,1545.994397805182,1522.3498020923062,68.33333333333333,1.1062496202198215,1.0500184629096394,131.88823735088442,129.0285264027911,200.8541379721643,196.55173968188674,3.4358049455417876,3.9467939576763107,0.10463475316393274,0.1006428188369365,1.0414463502814122,1.0015676238249767,73.64224201008257,70.54585969041851,38.76150793650794,31.394980759980758,1,0,94.78834489446747,95.04652701798656,-0.25818212351909153,43.088954056696,51.31313131313131,-8.224177256435311,0.0,27.57575757575757,-27.57575757575757,1
Valorant Champions 2025,Playoffs,Lower Round 1,DRX,G2 Esports,50.0,50.0,0,0,46.666666666666664,1590.7416528930983,1552.0063576182197,42.30769230769231,50.0,50.0,0,0,60.0,1691.0444635006486,1549.108519464534,42.30769230769231,1.0972973322973323,1.1682236578236578,126.93756798756799,134.11028644558056,193.07121212121214,205.46528639116875,3.673157213157213,3.988624621565798,0.0959979020979021,0.0950690316219728,1.0124733488733488,1.0872029456382397,72.90785806785807,74.56613717437247,37.08746031746032,34.55772486772487,1,0,95.30299413698782,95.35847374753284,-0.05547961054502082,56.9036109620838,66.46853788295726,-9.56492692087346,28.47982109423757,39.44444444444445,-10.964623350206882,1
Valorant Champions 2025,Playoffs,Lower Round 1,Team Heretics,GIANTX,83.33333333333333,83.33333333333333,2,2,53.333333333333336,1595.490510196019,1540.284506296376,40.0,16.666666666666668,16.666666666666668,2,2,60.0,1530.1129537496902,1504.7239724318958,50.0,1.0322655653714476,1.0201396750308516,129.50650547709373,126.4201347943995,197.62146232852118,192.14987488002194,3.395207537560479,3.759381370263723,0.09639070036717096,0.10134211953623719,0.980724220877162,0.9764907007480537,70.16664607723432,70.29737484193366,36.917645502645506,30.972758537758537,1,1,93.68107036168641,93.77695855313198,-0.09588819144556737,64.37830687830687,49.156859400761846,15.221447477545027,19.722222222222214,27.34265734265734,-7.6204351204351255,1
Valorant Champions 2025,Playoffs,Upper Semifinals,FNATIC,Paper Rex,16.666666666666668,16.666666666666668,2,2,66.66666666666666,1671.6220772698284,1612.4777977705703,78.84615384615384,83.33333333333333,83.33333333333333,2,2,86.66666666666667,1723.966504375333,1648.859029253734,100.0,1.13918453359506,1.1418897398897399,135.5328334287545,132.89870684870684,203.11051847762374,201.5530451030451,4.047214281819545,3.6583719983719982,0.09747471544050491,0.09159874569874571,1.05273642531932,1.0496266326266326,71.48883702067913,73.51657046657047,38.505937950937955,36.42909090909091,1,0,95.80582856846108,95.7713846476975,0.03444392076357872,52.803921568627445,59.232719350366416,-6.428797781738972,30.315656565656568,30.683600713012478,-0.3679441473559102,1
Valorant Champions 2025,Playoffs,Upper Semifinals,MIBR,NRG,50.0,50.0,2,2,46.666666666666664,1559.7284168795663,1508.992943644746,61.6822429906542,50.0,50.0,2,2,73.33333333333333,1595.909710201948,1539.4657368872952,79.43925233644859,1.1164959535591115,1.2295061858763874,126.38648793701425,133.54035856300564,192.23683474420315,203.88040059842692,3.2765860650071175,3.4410574707943127,0.10664547031915454,0.10305091478009436,0.9771060557376346,1.0734867543218163,71.77470136101715,74.64951473735529,39.49201298701299,38.297222222222224,1,1,92.88982425022594,94.52706043809683,-1.637236187870883,41.76887926887927,46.08585858585858,-4.316979316979314,31.331168831168828,0.0,31.331168831168828,0
Valorant Champions 2025,Playoffs,Lower Round 2,Paper Rex,Team Heretics,66.66666666666666,66.66666666666666,1,1,80.0,1706.4936525394044,1632.0731745432095,81.18811881188118,33.33333333333334,33.33333333333334,1,1,60.0,1607.8635871444783,1553.9341742365182,58.87850467289719,1.1349267769267768,1.0530803801862627,132.18389203389202,129.52245989304814,200.38267473267473,198.42374153080036,3.662075702075702,3.4470593894123307,0.0915802271802272,0.0969320109084815,1.042108114108114,0.9926415997945409,73.25360750360751,70.60026431085254,33.78940836940837,37.350978835978836,1,0,95.6051723240821,93.88976851173138,1.7154038123507291,57.85108166687114,63.71212121212121,-5.8610395452500725,28.722481222481218,16.11111111111111,12.611370111370107,1
Valorant Champions 2025,Playoffs,Lower Round 2,MIBR,DRX,50.0,50.0,0,0,40.0,1546.1056191684424,1495.1226934157116,63.46153846153847,50.0,50.0,0,0,53.333333333333336,1610.2118340166944,1567.079582698208,62.376237623762385,1.1125282767914346,1.0788956228956228,125.7509323814587,125.60765345765346,191.7580468654153,191.0618104118104,3.430121418542471,3.725721315721316,0.10507779355147777,0.09456627816627818,0.9765323183638973,1.002127195027195,71.58480237111817,72.58221704221704,37.225346320346326,36.79857142857143,1,0,92.90626694627431,95.41992677232307,-2.5136598260487517,43.09699309699309,56.331528582221104,-13.234535485228015,32.84632034632034,27.755183413078143,5.091136933242197,0
Valorant Champions 2025,Playoffs,Upper Final,FNATIC,NRG,50.0,50.0,0,0,66.66666666666666,1689.094929105757,1629.2636524810948,78.21782178217822,50.0,50.0,0,0,73.33333333333333,1609.5325079130719,1553.3359871163295,78.84615384615384,1.1321247045352307,1.2052839636541648,134.38639468231574,131.77980300745008,201.7646495317548,201.1184561539825,4.004479239084502,3.400501915238757,0.09813568410147358,0.10655369255787213,1.0521552287381235,1.0537561987662607,71.43356636540847,73.84673695957753,36.339271284271284,35.87579365079365,1,0,95.81203392261541,94.28396803780691,1.5280658848084983,53.54723457660507,44.95663650075415,8.59059807585092,31.368683326958212,0.0,31.368683326958212,0
Valorant Champions 2025,Playoffs,Lower Round 3,DRX,Paper Rex,66.66666666666666,66.66666666666666,3,3,60.0,1622.6386435098568,1579.1757840337257,61.22448979591836,33.33333333333334,33.33333333333334,3,3,86.66666666666667,1717.49096761459,1643.9111567668238,80.61224489795919,1.083990860990861,1.155220483220483,125.46919191919191,132.6617475117475,190.9727994227994,202.11181226181225,3.777003367003367,3.761842601842602,0.09692525252525254,0.09235411995411996,1.005094227994228,1.0579496059496059,72.58954304954304,73.69836274836275,38.223571428571425,33.72551948051948,1,1,95.48742932577541,96.1000425193419,-0.6126131935664887,56.27039627039628,58.67071259415757,-2.400316323761288,30.606060606060602,29.929558745348224,0.6765018607123778,1
Valorant Champions 2025,Playoffs,Lower Final,FNATIC,DRX,50.0,50.0,4,4,60.0,1667.53355048115,1607.8774775390762,78.21782178217822,50.0,50.0,4,4,60.0,1644.9276455272702,1600.0176467970134,81.18811881188118,1.119665865129023,1.1117181337181339,132.83578739486634,127.07828282828284,199.69852267615425,193.20714285714286,4.057380723564934,3.807979797979798,0.09471868005289058,0.0940026936026936,1.043412988522199,1.0228955747955748,71.23950428713586,72.52826358826358,36.188180272108845,38.610969387755105,1,0,95.5177163396375,95.37476115397749,0.1429551856600142,53.082226438962664,57.30615376184998,-4.223927322887313,32.35682561944834,31.59018759018759,0.7666380292607471,1
Valorant Champions 2025,Playoffs,Grand Final,NRG,FNATIC,66.66666666666666,66.66666666666666,1,1,80.0,1631.0938865376788,1574.7221620583482,100.0,33.333333333333336,33.333333333333336,1,1,66.66666666666666,1683.9900192880482,1625.079391006602,78.21782178217822,1.2260853104555118,1.1510547540179121,131.5178501454972,133.33273183931078,201.48949992502625,200.63518934282092,3.366158480895323,4.2479362791204895,0.10699140299558256,0.09321868005289059,1.0646854916955535,1.062976877411088,73.85751137035192,71.6325598426914,36.95742630385488,35.40246598639456,1,0,94.50835126016062,96.42020893748852,-1.9118576773279017,45.98508634222921,52.75516795865632,-6.770081616427113,0.0,33.42089371980676,-33.42089371980676,1
VCT 2026: Americas Kickoff,Main Event,Upper Round 1,ENVY,Evil Geniuses,50.0,50.0,0,0,62.5,1542.172592191286,1542.172592191286,80.0,50.0,50.0,0,0,46.666666666666664,1523.7049553529941,1592.6952688862516,81.18811881188118,1.0746114718614719,0.970599358974359,137.07258297258298,127.98655982905983,202.2824134199134,194.43106837606837,3.455321067821068,3.0145299145299145,0.11551731601731603,0.10996794871794872,1.0129974747474748,0.9456675213675214,68.58176406926407,69.16021367521368,15.236507936507937,35.28195156695156,0,1,94.9313095110299,94.017628501887,0.9136810091428913,54.44444444444444,52.78033794162826,1.6641065028161819,0.0,0.0,0.0,1
VCT 2026: Americas Kickoff,Main Event,Upper Round 1,LOUD,Cloud9,50.0,50.0,0,0,20.0,1454.4653923522937,1614.1402338538935,61.22448979591836,50.0,50.0,0,0,46.666666666666664,1511.2381406137363,1501.6461131968745,50.0,1.0118576021158066,1.16694134014134,130.46805820254738,133.568667998668,197.12481551472266,205.2565205165205,3.935347280858117,3.561757501757502,0.1000271766760931,0.09852861952861953,0.985483272352003,1.050610903910904,69.24744812119425,75.6234817034817,29.631031746031745,43.00423280423281,0,1,96.9920801947746,93.58347270830895,3.4086074864656553,57.5736746969554,53.67559523809524,3.8980794588601597,16.46502620186831,22.46031746031746,-5.99529125844915,0
VCT 2026: Americas Kickoff,Main Event,Upper Round 1,KRÜ Esports,FURIA,66.66666666666666,66.66666666666666,1,1,60.0,1490.7753082899997,1425.7222083665558,21.153846153846153,33.333333333333336,33.333333333333336,1,1,6.666666666666667,1329.000349746747,1441.4313873690974,0.0,1.0876734486646251,0.8031310970075676,129.9506887121593,116.44316735552029,198.22530131633073,175.83869665737313,3.1454411764705883,2.5396407296407295,0.10075957539192834,0.12115253493782906,1.0248610128433657,0.8061628393937217,72.5137895546719,64.76887598784657,37.88345701917131,27.75576230492197,0,1,95.12409746444858,95.4647279615804,-0.34063049713181215,46.87084520417853,27.66122766122766,19.20961754295087,17.478632478632484,21.464646464646467,-3.986013986013983,0
VCT 2026: Americas Kickoff,Main Event,Upper Round 1,100 Thieves,LEVIATÁN,33.333333333333336,33.333333333333336,1,1,53.333333333333336,1508.6251246380568,1511.649084807243,36.53846153846153,66.66666666666666,66.66666666666666,1,1,33.33333333333333,1435.3574381115907,1481.5834498455567,61.6822429906542,1.11286446419078,1.035839740161799,129.52062576799418,128.72321929704282,197.65690060426903,193.46630581836465,3.170332085068927,3.0848940765117234,0.10063146483146483,0.10892486973810504,1.0212461398250872,0.9707952717217423,73.66435284014231,71.28119658119658,39.81269841269841,36.94728715728716,0,1,93.64916410137185,93.67028565277047,-0.02112155139862182,51.28205128205128,53.60608383864197,-2.3240325565906943,25.587606837606835,26.356976356976357,-0.7693695193695227,1
VCT 2026: Americas Kickoff,Main Event,Upper Round 2,NRG,Cloud9,33.33333333333334,33.33333333333334,3,3,86.66666666666667,1648.5903297124728,1592.1099477671398,100.0,66.66666666666666,66.66666666666666,3,3,46.666666666666664,1525.987537257471,1501.6461131968745,50.0,1.2585444069146083,1.140740873940874,132.3166291442762,133.42974025974027,203.68412751965383,204.78752284752284,3.5156090303458725,3.6344847744847746,0.10540654341072299,0.10040274540274541,1.0844950155050774,1.0446248899248898,74.54200465484521,75.317187997188,36.73361678004535,41.3542328042328,0,1,95.2988555747516,93.6652745789238,1.6335809958277991,47.13778223840143,54.85897940443395,-7.721197166032525,0.0,23.672438672438666,-23.672438672438666,1
VCT 2026: Americas Kickoff,Main Event,Upper Round 2,MIBR,ENVY,50.0,50.0,0,0,33.33333333333333,1533.67880967528,1483.026492080194,43.56435643564357,50.0,50.0,0,0,66.66666666666666,1556.5654094420993,1542.172592191286,80.0,1.092605199868358,1.0636228956228955,125.20477853530484,134.99308962642297,190.59793290530132,200.16373256373257,3.564024552445605,3.547586980920314,0.10388406135774558,0.11403126503126505,0.9693927172242962,1.004410453743787,71.51272259903838,69.13617123617124,32.75201298701299,15.670546737213405,0,1,93.062130034846,95.14617466567844,-2.0840446308324374,43.2067932067932,54.44444444444444,-11.237651237651242,36.417748917748916,0.0,36.417748917748916,1
VCT 2026: Americas Kickoff,Main Event,Upper Round 2,Sentinels,FURIA,83.33333333333333,83.33333333333333,2,2,46.666666666666664,1579.5281156535825,1502.7592313351352,21.782178217821784,16.666666666666668,16.666666666666668,2,2,13.333333333333334,1350.8071550784948,1441.4313873690974,0.0,1.091288305213305,0.8338490457255163,127.92044538794539,117.72407903643197,197.59353202353202,178.40992172859822,3.4913910163910162,2.613714803714804,0.10509974377474378,0.11814398792928205,1.0366128695378696,0.8260659732968557,73.82521719021719,65.67970219867279,35.43753968253968,29.330167066826732,0,1,94.62498105408089,94.89616581654033,-0.27118476245944123,58.84573539560753,29.59970071081182,29.246034684795706,15.77881297446515,24.7979797979798,-9.019166823514649,0
VCT 2026: Americas Kickoff,Main Event,Upper Round 2,G2 Esports,100 Thieves,83.33333333333333,83.33333333333333,2,2,53.333333333333336,1671.5742823770524,1534.0352943845458,42.30769230769231,16.666666666666668,16.666666666666668,2,2,53.333333333333336,1520.6664134549544,1511.649084807243,36.53846153846153,1.1575862951862952,1.0965772847036004,133.26339999869413,128.14079670816514,204.5297552556376,196.1109176982861,3.8758041087452852,3.2127252474620893,0.096266833819775,0.10101778961778961,1.0821150335503276,1.0143196440985915,74.81485512309042,73.59358360937308,34.92883597883598,38.38769841269841,0,1,95.21960801576624,93.75628134262601,1.4633266731402301,66.76389653274629,52.46983408748114,14.294062445265148,39.83333333333334,26.97649572649573,12.856837606837612,1
VCT 2026: Americas Kickoff,Main Event,Middle Round 1,LOUD,100 Thieves,16.66666666666667,16.66666666666667,2,2,20.0,1439.715995708559,1614.1402338538935,61.22448979591836,83.33333333333333,83.33333333333333,2,2,46.666666666666664,1511.6824288641862,1511.649084807243,36.53846153846153,1.0149311951893996,1.1175246531246532,129.88883742332658,129.25558367558367,196.72972171962883,197.70189514189514,3.7679591134699493,3.3184896584896584,0.10122198187089829,0.09782731342731342,0.9795005883693191,1.0230188922188923,69.02609169983783,74.10486180486181,30.82150793650794,39.93769841269841,0,1,96.93637064194031,93.6313272609382,3.3050433810021076,56.73994370089446,51.35164835164835,5.388295349246107,16.46502620186831,24.754273504273506,-8.289247302405197,0
VCT 2026: Americas Kickoff,Main Event,Middle Round 1,Evil Geniuses,Sentinels,16.666666666666668,16.666666666666668,2,2,40.0,1509.3121381021808,1592.6952688862516,81.18811881188118,83.33333333333333,83.33333333333333,2,2,40.0,1551.7687118109295,1502.7592313351352,21.782178217821784,0.954474358974359,1.074015577940578,127.07155982905984,127.39317266067266,193.01217948717948,196.02989565989566,3.093974358974359,3.4065425315425317,0.11055128205128205,0.10564519832019832,0.9349397435897436,1.0202492331742332,68.56215811965812,72.78279294779296,32.30695156695157,34.85087301587302,0,1,94.29630167301283,94.7892995513159,-0.49299787830307196,52.78033794162826,57.85786508738986,-5.0775271457616,0.0,14.99309868875086,-14.99309868875086,0
VCT 2026: Americas Kickoff,Main Event,Middle Round 1,KRÜ Esports,ENVY,33.33333333333334,33.33333333333334,1,1,53.333333333333336,1468.9685029582517,1425.7222083665558,21.153846153846153,66.66666666666666,66.66666666666666,1,1,60.0,1537.8077199006184,1542.172592191286,80.0,1.0359897885339062,1.0379272727272728,127.5028455749044,134.0160028860029,194.16151046665752,199.0473593073593,3.1904084967320263,3.4928282828282833,0.1026994446729741,0.11285036075036077,0.9988296402943462,0.9833027417027417,71.39431243048891,68.36699855699855,34.272345908060196,17.103492063492062,0,1,95.58338167069729,94.88964900326148,0.6937326674358104,46.32167832167832,54.44444444444444,-8.122766122766123,28.055555555555568,0.0,28.055555555555568,0
VCT 2026: Americas Kickoff,Main Event,Middle Round 1,LEVIATÁN,Cloud9,16.66666666666667,16.66666666666667,2,2,26.666666666666668,1423.316149294693,1481.5834498455567,61.6822429906542,83.33333333333333,83.33333333333333,2,2,46.666666666666664,1514.352643517425,1501.6461131968745,50.0,1.0180745886466476,1.123645635845636,128.02587081219434,132.13083916083917,192.38373006078888,202.91353017353018,3.12656074317839,3.41946645946646,0.10995896064719596,0.09924889924889926,0.9599202717217423,1.031599248899249,70.92475718725719,74.36737114737114,35.02506493506494,42.587566137566135,0,1,93.86931564120208,93.3080813605555,0.5612342806465733,52.550101413737785,54.127832951362365,-1.5777315376245795,28.14269064269064,18.672438672438673,9.470251970251965,0
VCT 2026: Americas Kickoff,Main Event,Middle Round 2,100 Thieves,Sentinels,16.666666666666668,16.666666666666668,2,2,46.666666666666664,1523.7782300757315,1511.649084807243,36.53846153846153,83.33333333333333,83.33333333333333,2,2,40.0,1567.2286364395832,1502.7592313351352,21.782178217821784,1.1189905622155623,1.048924668849669,129.21656852406852,125.4390601065601,197.39431938431937,192.14418137418136,3.3897017797017797,3.2541615791615794,0.09653564676064677,0.10539411606911607,1.0189544982794982,1.002015466940467,73.62607392607393,72.46937303437304,39.69603174603174,34.10087301587301,0,1,93.74779921740945,95.83387717745525,-2.086077960045799,50.48076923076922,57.85786508738986,-7.377095856620642,24.754273504273506,14.99309868875086,9.761174815522645,1
VCT 2026: Americas Kickoff,Main Event,Middle Round 2,ENVY,Cloud9,50.0,50.0,0,0,63.63636363636363,1550.0348658526013,1542.172592191286,80.0,50.0,50.0,0,0,46.666666666666664,1527.443738962968,1501.6461131968745,50.0,1.0568278236914599,1.1115430717430717,134.40091171454807,130.8641724941725,200.20972058244786,201.41609427609427,3.523783287419651,3.3886972286972283,0.11319729765184312,0.09883864283864284,0.994593401547947,1.02662488992489,68.954847173029,74.20326858326858,17.73044733044733,42.59391534391534,0,1,94.96977618143319,93.48817779258762,1.481598388845569,56.666666666666664,55.166357452071736,1.5003092145949282,0.0,20.259740259740266,-20.259740259740266,0
VCT 2026: Americas Kickoff,Main Event,Upper Round 3,NRG,MIBR,66.66666666666667,66.66666666666667,3,3,86.66666666666667,1660.225223452519,1592.1099477671398,100.0,33.33333333333333,33.33333333333333,3,3,40.0,1552.436499216761,1483.026492080194,43.56435643564357,1.2550572274274288,1.123748057011215,132.14227016991723,126.16754909807541,203.7456659811923,192.63862554599396,3.5668910816279236,3.518137106558159,0.10273987674405632,0.10132994880363302,1.0812129642230262,0.9880940159255949,74.65995337279394,72.63739792371372,38.8764739229025,31.61391774891775,0,1,95.37264801277162,92.86647678196697,2.5061712308046538,47.63852286476721,43.2067932067932,4.43172965797401,0.0,36.417748917748916,-36.417748917748916,0
VCT 2026: Americas Kickoff,Main Event,Upper Round 3,FURIA,G2 Esports,16.666666666666668,16.666666666666668,2,2,20.0,1378.5665589211478,1441.4313873690974,0.0,83.33333333333333,83.33333333333333,2,2,53.333333333333336,1680.5582669678206,1534.0352943845458,42.30769230769231,0.8527208405973111,1.0994294324411973,118.42634147987089,132.1439704086763,179.667236962384,202.78822227881054,2.621859600094894,3.8797256773727358,0.1162978340831282,0.09808501563795682,0.83789704418675,1.0580116467410585,66.2531561956562,73.94141483788543,30.922137188208616,34.28439153439153,0,1,94.38631332399031,95.68642924347219,-1.3001159194818825,32.96064089167537,67.11355835240275,-34.15291746072738,32.02020202020203,38.51754385964913,-6.4973418394471025,1
VCT 2026: Americas Kickoff,Main Event,Lower Round 1,LOUD,Evil Geniuses,33.33333333333334,33.33333333333334,3,3,13.333333333333334,1427.6201944970137,1614.1402338538935,61.22448979591836,66.66666666666666,66.66666666666666,3,3,40.0,1493.8522134735272,1592.6952688862516,81.18811881188118,0.993686750744955,0.9690617715617715,127.98217075665993,127.60862276612276,194.07962070952783,193.6434149184149,3.7025045680154043,3.183951048951049,0.10207450712342353,0.10935780885780887,0.9601470530157836,0.946352331002331,68.81437452812065,69.440945998446,29.440555555555555,32.61171347171347,0,1,97.25178834484701,94.7122585961807,2.539529748666311,57.31323257639047,52.78033794162826,4.532894634762208,17.655502392344495,0.0,17.655502392344495,0
VCT 2026: Americas Kickoff,Main Event,Lower Round 1,KRÜ Esports,LEVIATÁN,33.333333333333336,33.333333333333336,1,1,46.666666666666664,1456.7413570062688,1425.7222083665558,21.153846153846153,66.66666666666666,66.66666666666666,1,1,26.666666666666668,1410.22505384915,1481.5834498455567,61.6822429906542,1.0126829102270278,1.0096745886466474,126.67215774421656,126.15031525663879,193.07738348253054,189.84150783856666,3.168186274509804,3.135449632067279,0.1045089684824979,0.1092034050916404,0.9871788466435525,0.9503202717217423,71.24087327704974,70.63142385392386,32.865316429602146,35.07617604617605,0,1,95.5767560837837,93.60311642296776,1.973639660815948,45.67307692307692,51.50577817244485,-5.832701249367929,30.555555555555564,29.53157953157953,1.023976023976033,0
VCT 2026: Americas Kickoff,Main Event,Middle Round 3,NRG,100 Thieves,33.33333333333334,33.33333333333334,3,3,80.0,1640.4552488286467,1592.1099477671398,100.0,66.66666666666666,66.66666666666666,3,3,53.333333333333336,1543.5678881571855,1511.649084807243,36.53846153846153,1.2433387089089103,1.1300127844377845,131.30152942917647,129.35138333888332,202.2204807960071,198.20024531024532,3.5017058964427386,3.454886964886965,0.1043250619292415,0.09613564676064676,1.0758796308896927,1.0254730167980168,74.26143485427541,73.94162948162948,38.887188208616784,39.37222222222223,0,1,95.30460601208203,93.78622186597842,1.5183841461036138,46.53420467624198,51.62256662256662,-5.088361946324646,24.873410902822673,25.966394716394724,-1.0929838135720509,1
VCT 2026: Americas Kickoff,Main Event,Middle Round 3,G2 Esports,Cloud9,100.0,100.0,3,3,53.333333333333336,1654.7035463159887,1534.0352943845458,42.30769230769231,0.0,0.0,3,3,53.333333333333336,1543.6306902845854,1501.6461131968745,50.0,1.1096886917004563,1.1106881697822872,132.3108549402667,130.4382901412313,203.37776476247063,201.38027728263023,3.837459882165765,3.465559973795268,0.0974946016946017,0.1010739369562899,1.0602229757170933,1.0262667199902493,74.11418172241702,74.32719015189603,34.189153439153436,41.3712962962963,0,1,95.7814167985045,93.48693373575824,2.2944830627462522,66.34997316156736,55.23458523458523,11.11538792698213,39.83333333333334,18.11688311688312,21.716450216450223,1
VCT 2026: Americas Kickoff,Main Event,Lower Round 2,ENVY,Evil Geniuses,66.66666666666666,66.66666666666666,1,1,58.333333333333336,1533.8479145309839,1542.172592191286,80.0,33.33333333333334,33.33333333333334,1,1,40.0,1508.1371661139356,1592.6952688862516,81.18811881188118,1.0570921717171717,0.9726480963480963,133.93972462722462,126.97238344988345,199.95335497835495,193.52307303807305,3.707912457912458,3.2242929292929294,0.11009752284752285,0.1080005439005439,0.9969883958633958,0.9441335275835275,69.05860990860991,69.04231351981352,17.41957671957672,33.78021164021164,0,1,95.17590959218543,94.77783477245478,0.3980748197306525,56.00000000000001,53.69791666666666,2.30208333333335,0.0,0.0,0.0,0
VCT 2026: Americas Kickoff,Main Event,Lower Round 2,Sentinels,LEVIATÁN,50.0,50.0,0,0,33.33333333333333,1547.4389783581291,1502.7592313351352,21.782178217821784,50.0,50.0,0,0,33.33333333333333,1430.1674450906771,1481.5834498455567,61.6822429906542,1.03292995985496,1.0322348127362833,126.55969502719502,126.13350853394971,193.50820253820254,190.5669980346451,3.2869658119658123,3.1998754023754024,0.1065316822066822,0.10599332105802696,0.9986186415436415,0.9599225126181009,72.21487567987568,70.72666194916195,33.11992063492063,34.459206349206355,0,1,95.93344087051814,93.41158520751144,2.521855663006704,57.427201866028966,52.22183613487961,5.205365731149357,15.919024614676792,25.642690642690642,-9.72366602801385,0
VCT 2026: Americas Kickoff,Main Event,Lower Round 3,100 Thieves,Evil Geniuses,83.33333333333333,83.33333333333333,2,2,53.333333333333336,1530.7525112311139,1511.649084807243,36.53846153846153,16.66666666666667,16.66666666666667,2,2,46.666666666666664,1527.037219945954,1592.6952688862516,81.18811881188118,1.1494067238317238,1.00438029008029,129.62330253080253,127.96668544418544,199.0184271284271,194.694583009583,3.4674122174122175,3.324008029008029,0.09730332352832353,0.10464441854441855,1.0327215016465017,0.9618372312872313,74.2676900876901,69.53234200984201,39.125,33.71354497354498,0,1,94.05009003194725,94.37866452330809,-0.3285744913608397,50.46650717703349,53.69791666666666,-3.2314094896331653,24.684343434343436,0.0,24.684343434343436,1
VCT 2026: Americas Kickoff,Main Event,Lower Round 3,Cloud9,LEVIATÁN,100.0,100.0,3,3,53.333333333333336,1531.4731320501514,1501.6461131968745,50.0,0.0,0.0,3,3,40.0,1453.4922783803113,1481.5834498455567,61.6822429906542,1.1140659475600652,1.0515510520525226,130.18153800447917,125.82695582739701,201.62643112878408,191.1715564392035,3.463850572085866,3.319533522033522,0.10163462071697366,0.10590215296685886,1.0307829593064888,0.9691019997975882,74.10462604933194,70.85429727679728,40.5212962962963,35.80253968253968,0,1,93.61365271580557,93.41731971785819,0.1963329979473798,55.23458523458523,52.22183613487961,3.0127490997056228,18.11688311688312,25.642690642690642,-7.525807525807522,1
VCT 2026: Americas Kickoff,Main Event,Middle Round 4,NRG,G2 Esports,0.0,0.0,3,3,80.0,1653.2706257547184,1592.1099477671398,100.0,100.0,100.0,3,3,53.333333333333336,1666.8611045504226,1534.0352943845458,42.30769230769231,1.2496510632212645,1.1076146176263824,131.591039918687,132.95529938471114,201.98271855824487,204.05924624395212,3.601938996675839,3.9559784006842826,0.10254883815301773,0.0960871942871943,1.08115235816242,1.0584451979393157,74.2376586304992,74.44010764834294,37.45385487528345,31.309153439153437,0,1,95.41324595060084,95.82500528824741,-0.411759337646572,47.62404961984794,66.34997316156736,-18.725923541719425,26.15546218487395,39.83333333333334,-13.677871148459392,0
VCT 2026: Americas Kickoff,Main Event,Lower Round 4,100 Thieves,Cloud9,33.333333333333336,33.333333333333336,1,1,53.333333333333336,1548.1643133693049,1511.649084807243,36.53846153846153,66.66666666666666,66.66666666666666,1,1,60.0,1545.1878894099123,1501.6461131968745,50.0,1.1201246725496725,1.155532614226732,128.73612304362305,130.6037602267014,198.13124764124765,202.7597644621174,3.5084378584378584,3.446072794308088,0.09853409275909276,0.10043462071697366,1.0207727836977838,1.0472274037509333,73.13948495948496,74.66018160488748,37.364285714285714,40.55833333333333,0,1,94.32264184479104,93.60841404466377,0.7142278001272615,51.56565656565656,56.036682615629985,-4.471026049973425,25.795454545454554,20.497835497835503,5.297619047619051,1
VCT 2026: Americas Kickoff,Main Event,Upper Final,MIBR,FURIA,66.66666666666666,66.66666666666666,1,1,46.666666666666664,1572.2064738406332,1483.026492080194,43.56435643564357,33.333333333333336,33.333333333333336,1,1,20.0,1404.4212795729798,1441.4313873690974,0.0,1.1292123427255008,0.8399189757954465,125.75623957426589,117.25757691110633,192.01243506980347,177.53763323278028,3.431232344653397,2.6913234695587636,0.09822875832744254,0.11382230960760373,0.9921594921160711,0.8326895849792908,72.91120744752324,66.00467134717135,32.20796536796537,28.779280045351474,0,1,92.92078445927353,94.71210298677312,-1.791318527499584,45.01636574807307,34.52861952861952,10.487746219453548,37.42784992784992,35.35353535353535,2.0743145743145703,0
VCT 2026: Americas Kickoff,Main Event,Middle Final,MIBR,G2 Esports,16.66666666666667,16.66666666666667,2,2,46.666666666666664,1550.1880156986836,1483.026492080194,43.56435643564357,83.33333333333333,83.33333333333333,2,2,60.0,1683.7730043241752,1534.0352943845458,42.30769230769231,1.1444419723551305,1.1397798597916244,126.56735068537701,133.29945892887068,193.81836099572942,205.23645422116013,3.6193804928015454,3.9303373750432575,0.09698061017929441,0.09352309172309173,1.0016965291531081,1.0695107250048426,73.55009633641212,74.7973726056079,32.249632034632036,32.286931216931215,0,1,93.01373889501144,95.5895365238589,-2.575797628847454,44.28071928071928,66.70226733323234,-22.42154805251306,42.536630036630044,38.64285714285715,3.8937728937728906,0
VCT 2026: Americas Kickoff,Main Event,Lower Final,MIBR,NRG,50.0,50.0,4,4,46.666666666666664,1539.0401601623935,1483.026492080194,43.56435643564357,50.0,50.0,4,4,73.33333333333333,1636.3587259809658,1592.1099477671398,100.0,1.1472419723551301,1.2127023452725465,127.46216550019182,130.33576926341632,194.92799062535906,199.8248838004101,3.606047159468212,3.465186859923702,0.09952875832744254,0.10447761308179265,1.007785418041997,1.058064039074101,73.53231855863436,73.48552187836245,31.627409812409812,35.81099773242631,0,1,93.32577915551622,94.73989133215399,-1.4141121766377722,43.17486860965122,46.74907172171194,-3.5742031120607223,37.53663003663005,28.655462184873947,8.881167851756103,0
VCT 2026: EMEA Kickoff,Main Event,Upper Round 1,Natus Vincere,Karmine Corp,66.66666666666667,66.66666666666667,3,3,60.0,1526.61056495299,1495.5668945620932,36.66666666666667,33.33333333333333,33.33333333333333,3,3,42.857142857142854,1481.2720691750503,1500.0,50.0,1.117838171165493,1.1561010618208762,132.01331984006134,129.76349232123226,198.99439983104847,196.84054526484869,3.3515155805093886,3.5192969397303764,0.09925433171919242,0.10505825100252345,1.0145493416542177,1.040057979516184,71.73465443712348,73.29751182769759,40.16936507936508,32.20771490414348,0,1,95.0836984144968,96.439854995904,-1.3561565814072054,48.098290598290596,44.45454545454545,3.643745143745143,27.68518518518519,26.81818181818182,0.8670033670033703,1
VCT 2026: EMEA Kickoff,Main Event,Upper Round 1,FUT Esports,Gentle Mates,83.33333333333333,83.33333333333333,2,2,46.666666666666664,1461.111129743429,1439.0126627366574,0.0,16.66666666666667,16.66666666666667,2,2,21.428571428571427,1391.007201191557,1500.0,50.0,1.0038076717400246,0.9587031297950416,126.56531857031857,123.57372109100051,195.16382181543946,187.7354490280961,3.3574642351112938,3.3315405183052245,0.10730801910507794,0.11112549786814493,0.976778907856849,0.9389661441499676,68.4571840577723,68.36431399482869,41.75780423280423,27.39126984126984,0,1,93.67997406161732,95.57511799463212,-1.8951439330148077,37.91005291005291,37.89473684210527,0.015316067947644285,15.806878306878303,21.66666666666666,-5.859788359788357,0
VCT 2026: EMEA Kickoff,Main Event,Upper Round 1,PCIFIC Esports,BBL Esports,50.0,50.0,0,0,50.0,1500.0,1500.0,50.0,50.0,50.0,0,0,66.66666666666666,1570.6071860334253,1500.0,50.0,1.0,1.1545512103995075,130.0,133.43758418281638,200.0,204.70530421304414,5.0,3.4785046578235432,0.25,0.09461180406567404,1.0,1.0392924865869138,70.0,71.6268464983016,15.0,37.42202020202021,0,1,100.0,94.97581039736002,5.024189602639979,50.0,57.44300144300144,-7.443001443001442,0.0,8.997113997113992,-8.997113997113992,0
VCT 2026: EMEA Kickoff,Main Event,Upper Round 1,ULF Esports,Team Vitality,50.0,50.0,0,0,50.0,1500.0,1500.0,50.0,50.0,50.0,0,0,33.33333333333333,1489.8417454307234,1487.5405043694525,39.42307692307692,1.0,1.0012849261849261,130.0,126.87055814555814,200.0,194.79947617197615,5.0,3.0342987567987567,0.25,0.11140387852887852,1.0,0.9778662263662263,70.0,69.72877169127169,15.0,34.38867965367965,0,1,100.0,94.33933896044998,5.660661039550021,50.0,51.11111111111111,-1.1111111111111072,0.0,15.740740740740744,-15.740740740740744,0
VCT 2026: EMEA Kickoff,Main Event,Upper Round 2,Team Heretics,Natus Vincere,50.0,50.0,2,2,53.333333333333336,1596.8662720692926,1542.0961920129039,60.57692307692308,50.0,50.0,2,2,60.0,1541.926807146064,1495.5668945620932,36.66666666666667,1.000720591826474,1.130015948943271,127.78595195654019,132.08887539561687,195.36606957312839,199.66106649771513,3.4179588603118014,3.2715155805093885,0.097434656411127,0.09912099838585907,0.9719167320696732,1.0179715638764402,69.63730134788959,71.85465443712347,34.19542328042328,41.62269841269842,0,1,94.40471881427992,95.05021005588692,-0.6454912416070044,61.339029683019454,51.19047619047619,10.148553492543265,17.612893642305412,30.555555555555557,-12.942661913250145,0
VCT 2026: EMEA Kickoff,Main Event,Upper Round 2,GIANTX,Gentle Mates,66.66666666666666,66.66666666666666,1,1,53.333333333333336,1517.7398768012308,1491.0743044917538,40.59405940594059,33.33333333333334,33.33333333333334,1,1,26.666666666666668,1412.1110247753186,1500.0,50.0,1.0018031365693132,0.9858804968996145,125.51468607645079,124.85062453341864,191.0088492389963,189.68641909288968,3.7991249600073127,3.321559029206088,0.10115942722854489,0.10838379801026861,0.9670387776711306,0.953762340600576,69.6355158675747,68.72790518305224,29.87275853775854,27.72046485260771,0,1,94.03051388896802,95.30650654718377,-1.2759926582157561,49.24796134098459,40.0,9.247961340984588,22.84992784992785,25.0,-2.1500721500721482,0
VCT 2026: EMEA Kickoff,Main Event,Upper Round 2,FNATIC,BBL Esports,16.66666666666667,16.66666666666667,2,2,60.0,1666.4935761132542,1607.6916052978104,59.4059405940594,83.33333333333333,83.33333333333333,2,2,66.66666666666666,1582.7600182217125,1500.0,50.0,1.1175626905258484,1.1402077760560732,132.49252019909915,133.05455387978608,199.38757029520187,203.32550623324616,4.364338395522606,3.528605667924553,0.09381127264548317,0.09599362224749222,1.045918676352887,1.0323308704252976,70.94896195909354,71.13230104375614,31.709608843537413,36.33313131313131,0,1,96.49131381947771,95.03954324024568,1.4517705792320328,52.17432950191569,57.740539030861605,-5.566209528945912,32.013888888888886,8.997113997113992,23.016774891774894,0
VCT 2026: EMEA Kickoff,Main Event,Upper Round 2,Team Liquid,Team Vitality,33.333333333333336,33.333333333333336,1,1,53.333333333333336,1578.7198387967962,1462.4967623022026,36.53846153846153,66.66666666666666,66.66666666666666,1,1,40.0,1507.9561842517708,1487.5405043694525,39.42307692307692,1.0427895207160687,1.1395273504273504,129.55016691426908,130.6337283087283,197.17730814593045,200.27033864283865,3.7525110728051905,3.018447940947941,0.09902501401820288,0.10808453120953122,1.0023017378791372,1.0130830095830095,71.73573285274524,71.25417961667962,35.39308191808192,38.41534632034632,0,1,96.12041856543102,92.83249352492088,3.287925040510146,62.075935760146294,51.543209876543216,10.532725883603078,23.17916002126529,15.740740740740744,7.4384192805245455,0
VCT 2026: EMEA Kickoff,Main Event,Middle Round 1,Karmine Corp,Team Liquid,50.0,50.0,2,2,40.0,1465.9558269819763,1500.0,50.0,50.0,50.0,2,2,46.666666666666664,1560.4661013265777,1462.4967623022026,36.53846153846153,1.1346276576994845,1.0343864706071362,128.89037061092787,129.06846756786385,195.48228669163655,196.14702492152955,3.45356603263724,3.6980448418683713,0.10569881204679966,0.10020584190491312,1.029254114215105,0.9980729797092027,73.0198999280733,71.18932762398707,32.24386724386724,36.114235764235765,0,1,96.28093223080398,96.17401423629656,0.10691799450742678,41.77685950413223,61.62771716402629,-19.85085765989406,25.984848484848488,18.734715576820836,7.250132908027652,0
VCT 2026: EMEA Kickoff,Main Event,Middle Round 1,FUT Esports,FNATIC,33.33333333333334,33.33333333333334,3,3,40.0,1440.0073061596675,1439.0126627366574,0.0,66.66666666666666,66.66666666666666,3,3,60.0,1644.7321552575208,1607.6916052978104,59.4059405940594,0.9756196375519904,1.1011801147682727,124.7998484848485,131.5194141384931,192.47869361031127,197.93908544671703,3.294558252205311,4.292368698552909,0.10939348919054802,0.09611809082730136,0.952659249737191,1.0337482218074323,67.95325243384067,70.29934074697233,40.857804232804234,31.995323129251698,0,1,93.69328878016844,95.84276847778787,-2.1494796976194266,36.86635944700461,51.508264462809905,-14.641905015805293,17.195767195767193,31.35101010101009,-14.155242905242897,0
VCT 2026: EMEA Kickoff,Main Event,Middle Round 1,PCIFIC Esports,GIANTX,50.0,50.0,0,0,0.0,1487.8471678117128,1500.0,50.0,50.0,50.0,0,0,46.666666666666664,1494.9480344416104,1491.0743044917538,40.59405940594059,0.992777777777778,0.9946920254582019,122.72222222222223,124.89690829867301,188.38888888888889,190.3199603501074,3.4444444444444446,3.7813471822295353,0.08722222222222223,0.10155942722854489,0.98,0.9566387776711307,66.38888888888889,69.59107142313024,29.833333333333332,29.490536315536314,0,1,100.0,93.95310632212448,6.0468936778755165,33.33333333333333,49.24796134098459,-15.91462800765126,0.0,22.84992784992785,-22.84992784992785,0
VCT 2026: EMEA Kickoff,Main Event,Middle Round 1,ULF Esports,Team Heretics,50.0,50.0,0,0,0.0,1481.8855611789527,1500.0,50.0,50.0,50.0,0,0,53.333333333333336,1579.2825539508576,1542.0961920129039,60.57692307692308,0.49,1.0082560367736837,96.61538461538461,128.20555979967745,143.69230769230768,195.95490818549644,1.3846153846153846,3.4629060699648937,0.1423076923076923,0.09742560663737135,0.6069230769230769,0.9796120563532328,55.92307692307692,69.70215805980511,15.0,31.90780423280423,0,1,100.0,94.54185917551543,5.458140824484573,33.33333333333333,61.07490344622698,-27.741570112893655,0.0,21.5017825311943,-21.5017825311943,0
VCT 2026: EMEA Kickoff,Main Event,Upper Round 3,Natus Vincere,Gentle Mates,50.0,50.0,0,0,60.0,1559.510525264499,1495.5668945620932,36.66666666666667,50.0,50.0,0,0,26.666666666666668,1434.902867134939,1500.0,50.0,1.0936760796622251,0.981276508295626,131.64573814071494,124.37712025991438,198.28198153039483,189.27103447750505,3.3325177591586264,3.2822427898898487,0.09949354740546693,0.1114892111156817,1.011699232721756,0.9502352750735104,71.67273722579449,68.91878837393544,41.64492063492063,26.571655328798187,0,1,95.25415934871732,95.47525020194624,-0.2210908532289153,51.25252525252525,40.0,11.252525252525253,29.848484848484848,25.0,4.848484848484848,0
VCT 2026: EMEA Kickoff,Main Event,Upper Round 3,BBL Esports,Team Vitality,66.66666666666666,66.66666666666666,1,1,66.66666666666666,1604.5214390774458,1500.0,50.0,33.33333333333334,33.33333333333334,1,1,46.666666666666664,1526.2099217219893,1487.5405043694525,39.42307692307692,1.0967580406063377,1.1525891905480141,132.85032107555327,130.6418731051084,202.79746390520384,200.36988615415086,3.538129477448363,3.1342850450203392,0.09698833124220121,0.10590353573441809,1.0229022989967262,1.019073959809254,71.12171903317413,71.41888549903256,36.50646464646465,40.30423520923521,0,1,95.6157584039863,92.95442364273566,2.661334761250643,59.45996764178582,52.4024024024024,7.057565239383422,12.171717171717166,24.07407407407408,-11.902356902356914,1
VCT 2026: EMEA Kickoff,Main Event,Middle Round 2,Team Liquid,FNATIC,25.0,25.0,4,4,46.666666666666664,1571.6304145228237,1462.4967623022026,36.53846153846153,75.0,75.0,4,4,66.66666666666666,1651.8859937114883,1607.6916052978104,59.4059405940594,1.0038086928293586,1.121572056160214,127.78846756786385,132.27619069526963,193.70258047708512,199.16912207675367,3.730637434460964,4.53339433957855,0.10170954560861682,0.09498622269543322,0.9811470537832767,1.0455211155803261,70.59080910546854,71.05684990448148,33.41872294372294,33.61011904761905,0,1,96.87022041638036,95.71850917742044,1.1517112389599191,62.422329673791666,52.01031178559267,10.412017888198996,20.798207640312917,31.985930735930733,-11.187723095617816,0
VCT 2026: EMEA Kickoff,Main Event,Middle Round 2,GIANTX,Team Heretics,0.0,0.0,3,3,46.666666666666664,1509.837421045767,1491.0743044917538,40.59405940594059,100.0,100.0,3,3,53.333333333333336,1592.0740319984604,1542.0961920129039,60.57692307692308,0.992895456830751,1.0214115923292395,124.37533967122202,128.76555979967745,189.48638191873488,196.95935262994087,3.811249143013849,3.4229060699648937,0.10026776056187822,0.09480338441514911,0.9549647580632875,0.9863231674643439,69.53886554077731,70.18660250424956,29.53815536315536,31.989285714285714,0,1,93.97979293069834,94.33293128097318,-0.35313835027484686,49.968516332152696,61.809269162210335,-11.840752830057639,18.088023088023093,21.991978609625672,-3.9039555216025796,1
VCT 2026: EMEA Kickoff,Main Event,Lower Round 1,Karmine Corp,FUT Esports,33.33333333333334,33.33333333333334,1,1,33.33333333333333,1454.7915137857303,1500.0,50.0,66.66666666666666,66.66666666666666,1,1,40.0,1432.8534677057,1439.0126627366574,0.0,1.1084066238313917,0.9746784610814022,129.1181780975589,124.45082887700535,195.91900683423904,191.67085047305636,3.435027708216563,3.4043621737739387,0.10567742167246812,0.10876603821015586,1.0163557184931797,0.9485808183646418,72.33505144322481,67.84344851227205,32.0031265031265,40.49037999037999,0,1,96.44888279056417,93.61637807530352,2.8325047152606544,39.96212121212121,35.8531746031746,4.10894660894661,27.651515151515156,18.306878306878303,9.344636844636852,1
VCT 2026: EMEA Kickoff,Main Event,Lower Round 1,PCIFIC Esports,ULF Esports,50.0,50.0,0,0,0.0,1472.957781207556,1500.0,50.0,50.0,50.0,0,0,0.0,1469.0940831313499,1500.0,50.0,0.9833888888888891,0.6413333333333333,125.59444444444445,110.74102564102563,192.6277777777778,168.14615384615382,3.655555555555556,1.558974358974359,0.10327777777777777,0.13982051282051283,0.9976666666666667,0.7084615384615385,68.76111111111112,60.06153846153846,30.116666666666667,30.714285714285715,0,1,99.38166666666666,96.44615384615385,2.9355128205128125,33.33333333333333,33.33333333333333,0.0,0.0,0.0,0.0,0
VCT 2026: EMEA Kickoff,Main Event,Middle Round 3,Natus Vincere,FNATIC,0.0,0.0,3,3,60.0,1535.855701583978,1495.5668945620932,36.66666666666667,100.0,100.0,3,3,73.33333333333333,1665.4912957216075,1607.6916052978104,59.4059405940594,1.1019267919129374,1.1505335946217525,132.31126520624198,133.73901120809015,199.6495028979162,202.16207079470237,3.4709792976201643,4.419932801117012,0.09680978672170623,0.09594776115697169,1.0198587768813,1.060918551477762,72.44595659901388,71.26261913525072,40.567142857142855,36.43452380952381,0,1,95.74076935262518,95.58934734895902,0.15142200366615555,51.25252525252525,52.50505050505049,-1.2525252525252384,29.848484848484848,32.56313131313131,-2.71464646464646,0
VCT 2026: EMEA Kickoff,Main Event,Middle Round 3,Team Vitality,GIANTX,50.0,50.0,2,2,40.0,1512.5110951246954,1487.5405043694525,39.42307692307692,50.0,50.0,2,2,53.333333333333336,1531.5271780726182,1491.0743044917538,40.59405940594059,1.1214457562045796,1.0133843457196399,129.3327821960175,125.43756189344425,197.6151386794034,190.9708263631793,3.0761032268385207,3.7490269207916267,0.10614191957280193,0.09906776056187822,0.9936355759708702,0.9687869802855097,70.71585519600225,69.85442109633286,38.72328282828283,31.811892736892737,0,1,93.1053872500713,93.91695777553343,-0.8115705254621304,51.15834457939721,50.87830687830688,0.280037701090329,25.356125356125357,19.603174603174605,5.752950752950753,1
VCT 2026: EMEA Kickoff,Main Event,Lower Round 2,Team Heretics,Karmine Corp,50.0,50.0,0,0,46.666666666666664,1570.3842749716093,1542.0961920129039,60.57692307692308,50.0,50.0,0,0,40.0,1469.0330171528014,1500.0,50.0,1.0168590076590076,1.1130431245855392,128.53561327561326,129.05060645351668,196.95507455507456,196.1042255371048,3.341266141266141,3.419944751957136,0.09508145928145928,0.10461256496055257,0.9831752173752174,1.01729991155502,70.33704813704814,72.34681614910717,31.291507936507934,32.2531265031265,0,1,94.34888059955537,96.45783113196887,-2.108950532413502,60.743018419489005,40.36796536796536,20.375053051523643,20.57585660526837,31.22294372294373,-10.647087117675358,1
VCT 2026: EMEA Kickoff,Main Event,Lower Round 2,Team Liquid,ULF Esports,50.0,50.0,0,0,46.666666666666664,1558.0251125127045,1462.4967623022026,36.53846153846153,50.0,50.0,0,0,33.33333333333333,1486.889797922593,1500.0,50.0,0.989339248384914,0.8746666666666666,126.83096756786385,118.38290598290598,192.04091381041843,182.09743589743587,3.558415212238742,2.1504273504273503,0.10242621227528348,0.11588034188034187,0.9682526093388322,0.8356410256410257,70.05830910546855,66.17435897435898,34.649492174492174,41.91269841269842,0,1,96.52280391907878,93.06835477992878,3.4544491391500003,61.7402708545199,44.44444444444444,17.295826410075456,19.71595655806182,0.0,19.71595655806182,1
VCT 2026: EMEA Kickoff,Main Event,Lower Round 3,Natus Vincere,Team Heretics,66.66666666666666,66.66666666666666,3,3,53.333333333333336,1526.0778273677636,1495.5668945620932,36.66666666666667,33.33333333333334,33.33333333333334,3,3,46.666666666666664,1581.2718812289193,1542.0961920129039,60.57692307692308,1.0950823474684932,0.9967917807682514,132.03126520624198,126.89415669298022,199.08845714628222,194.3679597091362,3.4631361603652624,3.333423004011239,0.10018756449948402,0.0938769774887422,1.0148077964891433,0.9712088308205955,71.5968062722165,70.39475121828063,39.23936507936508,30.66095238095238,0,1,95.84189394177127,94.45414613862721,1.387747803144066,50.530303030303024,61.455430281691434,-10.92512725138841,27.727272727272723,21.06318603996623,6.664086687306494,0
VCT 2026: EMEA Kickoff,Main Event,Lower Round 3,GIANTX,Team Liquid,0.0,0.0,3,3,46.666666666666664,1512.9648435446386,1491.0743044917538,40.59405940594059,100.0,100.0,3,3,46.666666666666664,1570.1557748857279,1462.4967623022026,36.53846153846153,0.9881035376388319,0.9919078758358943,123.50099623687859,126.99959501884425,187.527594039947,192.31762949669297,3.5401380319027376,3.606454427925016,0.10061927571339337,0.1004311142360678,0.9456395055380349,0.9690736877702049,68.97563321754498,70.56198557605678,30.528559403559406,34.550715950715954,0,1,93.52727986324457,96.49166831473516,-2.964388451490592,50.49689440993789,61.40085319732972,-10.90395878739183,19.603174603174605,19.918290456047906,-0.31511585287330135,0
VCT 2026: EMEA Kickoff,Main Event,Lower Round 4,Team Heretics,Team Liquid,50.0,50.0,2,2,46.666666666666664,1596.0992085100195,1542.0961920129039,60.57692307692308,50.0,50.0,2,2,46.666666666666664,1582.8760784462506,1462.4967623022026,36.53846153846153,1.0227069322834028,0.9945453027364792,127.1430455818691,126.63507260169025,194.77442435560081,191.32698622183915,3.4158472464354817,3.584232205702794,0.08911738152914624,0.10107828772534656,0.9832977197094844,0.967389477243889,71.26788253141194,70.69064054681702,30.86373015873016,33.43972693972694,0,1,93.9141282397122,96.54165788622785,-2.6275296465156543,62.231359095954,61.794229283604906,0.43712981234909165,21.5017825311943,20.844216381973823,0.6575661492204787,0
VCT 2026: EMEA Kickoff,Main Event,Middle Round 4,FNATIC,Team Vitality,66.66666666666666,66.66666666666666,1,1,73.33333333333333,1675.269169937822,1607.6916052978104,59.4059405940594,33.33333333333334,33.33333333333334,1,1,46.666666666666664,1531.073429652675,1487.5405043694525,39.42307692307692,1.1101746202627782,1.250611257370081,131.89354112262006,131.84793371116902,199.23078874342033,200.88227154653626,4.514633655817866,3.1935857443210387,0.09510331671252724,0.09879926223014458,1.039858722417933,1.0273511936864879,70.66364477627636,71.72937500952207,34.603911564625854,40.4299494949495,0,1,95.63833829864383,92.73260417660867,2.905734122035156,52.49533075620031,52.15428446197677,0.3410462942235384,36.00680720245938,27.022792022792018,8.98401517966736,1
VCT 2026: EMEA Kickoff,Main Event,Upper Final,Gentle Mates,BBL Esports,16.66666666666667,16.66666666666667,2,2,33.33333333333333,1458.5576908154599,1500.0,50.0,83.33333333333333,83.33333333333333,2,2,66.66666666666666,1618.2202656747397,1500.0,50.0,1.0038996019775432,1.1029061887544858,125.9923708045767,132.59846922370144,191.63617608970551,202.6810617888017,3.3001077136371255,3.489452228771114,0.11099247908953792,0.10002536827923825,0.9654378894525953,1.0240451561395834,69.8011413151119,71.02436453581964,27.360211640211638,38.86836940836941,0,1,95.22892430117356,95.58549573167882,-0.3565714305052552,40.0,60.39088362617774,-20.39088362617774,25.0,11.378066378066375,13.621933621933625,0
VCT 2026: EMEA Kickoff,Main Event,Lower Round 5,Team Vitality,Team Liquid,83.33333333333333,83.33333333333333,2,2,46.666666666666664,1520.385550435745,1487.5405043694525,39.42307692307692,16.666666666666668,16.666666666666668,2,2,46.666666666666664,1601.1455976179018,1462.4967623022026,36.53846153846153,1.2478557018145253,1.007461969403146,131.84793371116902,126.97646149057914,200.54004932431405,191.4239306662836,3.1846968554321498,3.4270099834805716,0.09915481778570015,0.10270050994756878,1.0242400825753768,0.9698255883550001,71.64493056507763,71.01897388015034,42.079949494949496,34.82654012654013,0,1,92.61892891998784,96.39978195287559,-3.780853032887748,52.15428446197677,61.794229283604906,-9.639944821628134,27.022792022792018,20.844216381973823,6.178575640818195,0
VCT 2026: EMEA Kickoff,Main Event,Middle Final,Gentle Mates,FNATIC,33.33333333333334,33.33333333333334,1,1,26.666666666666668,1449.8893432937105,1500.0,50.0,66.66666666666666,66.66666666666666,1,1,73.33333333333333,1685.957049154752,1607.6916052978104,59.4059405940594,0.9895630635160048,1.1276912869294449,125.2952554199613,131.76909667817563,190.04258634611577,199.45495541008697,3.532158995688407,4.373244766928978,0.11126812011517893,0.09527831671252725,0.9527135304782364,1.0480809446401553,69.11043618690678,71.03781144294302,26.476878306878305,35.02482993197279,0,1,95.60913962537967,95.50707629189651,0.10206333348315866,44.343434343434346,52.49533075620031,-8.151896412765964,29.074074074074076,36.00680720245938,-6.932733128385301,1
VCT 2026: EMEA Kickoff,Main Event,Lower Final,FNATIC,Team Liquid,80.0,80.0,5,5,66.66666666666666,1661.7713170703005,1607.6916052978104,59.4059405940594,20.0,20.0,5,5,53.333333333333336,1612.874705014764,1462.4967623022026,36.53846153846153,1.1085397717779297,1.0170060870502047,130.5478845569635,127.22695168665756,197.775157430289,192.42638164667576,4.451359245043455,3.377990375637434,0.09766552209973263,0.10239168641815702,1.0339732005324112,0.9755265687471569,70.30885521398679,71.48711113505232,31.658596165739024,33.45990675990676,0,1,95.56862677465706,96.40304895466805,-0.8344221800109892,51.48674854557207,62.19142135739255,-10.70467281182048,34.47712418300654,21.584957122714567,12.892167060291971,0
VCT 2026: Pacific Kickoff,Main Event,Upper Round 1,Nongshim RedForce,Team Secret,83.33333333333333,83.33333333333333,2,2,53.333333333333336,1516.0352944168392,1500.0,50.0,16.66666666666667,16.66666666666667,2,2,26.666666666666668,1409.601074558414,1503.4468002875042,51.76470588235295,1.0309266823590353,0.9768441686687851,123.6135464372229,127.89247945717256,190.83439081615552,191.7911041575172,3.773158241540594,2.876313995751336,0.09613951810716517,0.10536219276839481,0.9990481793805324,0.9470379581108481,71.06206282279813,68.69160101573145,34.24410052910053,29.421411551411552,0,1,96.20269794365076,94.30387596566374,1.8988219779870263,57.7689594356261,41.92129629629629,15.84766313932981,0.0,16.898148148148145,-16.898148148148145,1
VCT 2026: Pacific Kickoff,Main Event,Upper Round 1,ZETA DIVISION,FULL SENSE,50.0,50.0,0,0,26.666666666666668,1430.4515940636436,1455.3201260619624,17.75700934579439,50.0,50.0,0,0,0.0,1464.9215745591885,1464.9215745591885,0.0,0.9062519272666331,0.820909090909091,120.49408001584473,126.23076923076923,185.0623166811402,181.7062937062937,3.170670963023904,2.63986013986014,0.10819845437786615,0.10622377622377624,0.8810306077364901,0.8371678321678322,65.8331752669988,64.75874125874125,21.592273097273097,4.617424242424242,0,1,94.64410729426943,98.28548951048951,-3.64138221622008,37.74500353447722,29.166666666666664,8.578336867810556,29.87382987382987,0.0,29.87382987382987,0
VCT 2026: Pacific Kickoff,Main Event,Upper Round 1,VARREL,Global Esports,50.0,50.0,0,0,50.0,1500.0,1500.0,50.0,50.0,50.0,0,0,23.076923076923077,1412.9775658729018,1500.0,50.0,1.0,0.9217972080343405,130.0,123.5026587043131,200.0,186.9820263818426,5.0,2.958497208129561,0.25,0.11131455771896948,1.0,0.9167724811272606,70.0,68.66389374514374,15.0,31.356349206349208,0,1,100.0,97.20258042337537,2.797419576624634,50.0,33.18452380952381,16.81547619047619,0.0,0.0,0.0,0
VCT 2026: Pacific Kickoff,Main Event,Upper Round 1,DetonatioN FocusMe,Gen.G,16.666666666666668,16.666666666666668,2,2,33.33333333333333,1438.438459777459,1500.0,50.0,83.33333333333333,83.33333333333333,2,2,60.0,1579.8080726495689,1511.0888324583925,60.57692307692308,0.9472494213303037,1.2065521737521736,123.86672873694933,131.02037212787212,189.9171956719751,201.46922614422613,2.970207325354384,3.9301012876012877,0.1072669499618029,0.08865083712583713,0.9373545923031218,1.0600914687164689,68.6117738062591,73.67245328745328,31.24548699164084,41.23059678416821,0,1,94.94280190497157,94.86545753767874,0.077344367292838,29.848484848484848,59.62380011293054,-29.77531526444569,0.0,15.503246753246746,-15.503246753246746,1
VCT 2026: Pacific Kickoff,Main Event,Upper Round 2,T1,Nongshim RedForce,83.33333333333333,83.33333333333333,2,2,60.0,1573.7765746128084,1539.1532746101648,58.87850467289719,16.666666666666668,16.666666666666668,2,2,53.333333333333336,1528.4062303403075,1500.0,50.0,1.0852807562807563,1.022386377348142,130.4049457949458,122.6536335831924,201.29538202538203,189.58428188369365,4.032913012913013,3.737428394046041,0.09310289340289342,0.09437045492633729,1.019395500795501,0.998115717506894,71.29752950752952,71.28646369425782,33.66643874643874,34.45076719576719,0,1,95.49338061455526,96.21661764987014,-0.7232370353148809,53.0183954332561,59.93431855500819,-6.915923121752087,9.366888701254029,0.0,9.366888701254029,0
VCT 2026: Pacific Kickoff,Main Event,Upper Round 2,DRX,FULL SENSE,50.0,50.0,0,0,53.333333333333336,1628.4711767203721,1582.8157333294876,59.4059405940594,50.0,50.0,0,0,33.33333333333333,1480.7811398690924,1464.9215745591885,0.0,1.039351467051467,1.0898653198653199,123.8449494949495,128.3019943019943,188.47492063492064,192.98938098938098,3.9235353535353537,2.4265734265734267,0.09553602693602695,0.1100751100751101,0.9893400192400192,0.9744081844081846,70.9493746993747,72.35767935767936,34.634778911564624,28.078282828282827,0,1,96.21057171137616,93.06420606760975,3.1463656437664156,56.96301524562395,36.666666666666664,20.296348578957286,24.923520923520925,0.0,24.923520923520925,0
VCT 2026: Pacific Kickoff,Main Event,Upper Round 2,Paper Rex,Global Esports,66.66666666666666,66.66666666666666,1,1,80.0,1695.2019655971767,1623.069294003536,58.16326530612243,33.333333333333336,33.333333333333336,1,1,28.57142857142857,1434.8959208080498,1500.0,50.0,1.1338130758130758,0.9514880210915279,131.6543401043401,124.42125760740015,200.01403448403445,188.48768247212817,3.7085092685092684,2.9360487049401076,0.09571708291708293,0.11035873703973252,1.042986642986643,0.935909640698668,72.92354793354794,69.45897884167115,33.97631313131313,30.867399267399268,0,1,95.81576171528015,96.44934030025637,-0.6335785849762203,57.382247382247385,36.27450980392157,21.107737578325818,28.356180856180853,0.0,28.356180856180853,1
VCT 2026: Pacific Kickoff,Main Event,Upper Round 2,Rex Regum Qeon,DetonatioN FocusMe,66.66666666666666,66.66666666666666,1,1,46.666666666666664,1522.6029756524238,1454.1997038428533,18.269230769230766,33.333333333333336,33.333333333333336,1,1,40.0,1462.8291138684708,1500.0,50.0,1.0141017158165766,0.9660253858342094,124.99667627178464,125.31265052485641,191.6867390550053,192.22641966421378,3.651982034706493,3.0907120221826103,0.10360213591018545,0.10633804218657161,0.9699490269047545,0.9491605824458766,70.38278094225463,69.05247036732331,37.68383597883598,32.72795220652363,0,1,95.59367576716255,94.87548765247331,0.7181881146892408,51.5625,29.848484848484848,21.714015151515152,12.500000000000005,0.0,12.500000000000005,1
VCT 2026: Pacific Kickoff,Main Event,Middle Round 1,Team Secret,DetonatioN FocusMe,50.0,50.0,0,0,20.0,1397.2301386349457,1503.4468002875042,51.76470588235295,50.0,50.0,0,0,33.33333333333333,1448.2275456253797,1500.0,50.0,0.9771475874722039,0.9639718144056381,128.30059911529221,124.75074576295165,192.05520672161978,192.1532053784995,2.8369977564350966,3.144283450754039,0.10490492781112987,0.10286780409133352,0.9475550521279422,0.9497855824458765,68.63433605846649,69.01139893875188,31.582017612017612,33.6259113901971,0,1,94.31994018904727,94.89707134009467,-0.5771311510473964,39.52991452991453,28.880643166357455,10.649271363557073,18.98148148148148,0.0,18.98148148148148,0
VCT 2026: Pacific Kickoff,Main Event,Middle Round 1,ZETA DIVISION,Global Esports,50.0,50.0,0,0,26.666666666666668,1414.5920287537397,1455.3201260619624,17.75700934579439,50.0,50.0,0,0,26.666666666666668,1429.3431175438177,1500.0,50.0,0.8730963717110776,0.9618817338707045,118.33408001584472,125.3625963497287,182.1423166811402,189.97427658126188,3.170670963023904,3.0691880831586715,0.10842067660008838,0.10990454153689447,0.8501861632920457,0.943487523505906,64.30428637810991,70.01905178155178,21.249415954415955,30.162585034013606,0,1,94.30045471046664,96.44737375435976,-2.1469190438931207,36.94812310196925,38.88888888888889,-1.9407657869196413,28.762718762718762,0.0,28.762718762718762,0
VCT 2026: Pacific Kickoff,Main Event,Middle Round 1,VARREL,DRX,50.0,50.0,0,0,0.0,1478.081645064852,1500.0,50.0,50.0,50.0,0,0,46.666666666666664,1607.1728375355835,1582.8157333294876,59.4059405940594,0.7266666666666667,1.039351467051467,117.06666666666666,123.8449494949495,176.86666666666667,188.47492063492064,2.8,3.9235353535353537,0.09066666666666666,0.09553602693602695,0.7166666666666666,0.9893400192400192,60.13333333333333,70.9493746993747,35.44444444444444,34.634778911564624,0,1,100.0,96.21057171137616,3.7894282886238386,33.33333333333333,56.96301524562395,-23.62968191229062,0.0,24.923520923520925,-24.923520923520925,0
VCT 2026: Pacific Kickoff,Main Event,Middle Round 1,Gen.G,T1,33.333333333333336,33.333333333333336,1,1,60.0,1555.417418558557,1511.0888324583925,60.57692307692308,66.66666666666666,66.66666666666666,1,1,53.333333333333336,1556.6028684580665,1539.1532746101648,58.87850467289719,1.1782387834387833,1.0791709523591877,130.15199605949607,130.33043599102422,199.64244551744554,201.34557810381338,3.8503292078292075,4.051736542324778,0.09226907074407074,0.09189505026563852,1.0400914687164688,1.0121562851092263,73.14595756095757,71.51949029184324,40.659168212739644,33.03310541310541,0,1,94.63175929521718,95.46969173897348,-0.8379324437563014,59.62380011293054,52.87524366471735,6.748556448213186,15.503246753246746,9.649122807017552,5.854123946229194,0
VCT 2026: Pacific Kickoff,Main Event,Upper Round 3,Nongshim RedForce,FULL SENSE,50.0,50.0,0,0,60.0,1545.5799364950494,1500.0,50.0,50.0,50.0,0,0,50.0,1502.079479053881,1464.9215745591885,0.0,1.030072651857946,1.0667739898989899,122.4222610341728,125.3931623931624,189.50410759175466,189.67953574203574,3.580565648948002,2.6532634032634035,0.09455781876075994,0.11193133255633257,1.0014185497509027,0.9641394716394718,71.28384931517284,73.10159285159286,34.45743386243386,28.37121212121212,0,1,96.17065637306598,93.96125477834879,2.2094015947171926,59.416282642089094,36.666666666666664,22.74961597542243,0.0,0.0,0.0,1
VCT 2026: Pacific Kickoff,Main Event,Upper Round 3,Paper Rex,Rex Regum Qeon,50.0,50.0,2,2,80.0,1700.7547688614088,1623.069294003536,58.16326530612243,50.0,50.0,2,2,53.333333333333336,1537.204543895515,1454.1997038428533,18.269230769230766,1.1215846375846374,1.0388273568422177,132.0356920856921,125.3459070410154,200.5287197987198,192.46289290115917,3.7854323454323455,3.493007675732134,0.09521358641358642,0.10404572565377519,1.0333269693269693,0.9784182576739853,72.45548266548266,70.22662709610078,32.98393217893218,38.98939153439154,0,1,95.8798046396417,95.26711225735626,0.6126923822854451,56.89560786435786,52.460984393757506,4.434623470600357,22.314514189514185,13.235294117647062,9.079220071867123,0
VCT 2026: Pacific Kickoff,Main Event,Middle Round 2,DetonatioN FocusMe,Global Esports,50.0,50.0,2,2,33.33333333333333,1463.2625709400413,1500.0,50.0,50.0,50.0,2,2,26.666666666666668,1446.196322197154,1500.0,50.0,0.9731000195338431,0.9657562849459909,125.15514136734724,126.06569598701952,192.80522003051416,191.17599147584443,3.1215728280434165,3.1736664533723355,0.10324143046495989,0.10809272361625302,0.9492214798817741,0.9478610825449062,69.05755278490572,70.0541452991453,34.98101343101343,30.22952380952381,0,1,94.91942725497174,96.52037522924083,-1.60094797426909,31.35576544667454,40.992063492063494,-9.636298045388955,29.401154401154407,0.0,29.401154401154407,1
VCT 2026: Pacific Kickoff,Main Event,Middle Round 2,DRX,T1,75.0,75.0,4,4,46.666666666666664,1616.9715097673118,1582.8157333294876,59.4059405940594,25.0,25.0,4,4,53.333333333333336,1571.7510062732467,1539.1532746101648,58.87850467289719,1.039351467051467,1.078742194189253,123.8449494949495,129.93749481455365,188.47492063492064,200.74740816917287,3.9235353535353537,4.041801901801902,0.09553602693602695,0.09157348163818751,0.9893400192400192,1.0064569387039974,70.9493746993747,71.2899478081831,34.634778911564624,33.946068376068375,0,1,96.21057171137616,95.43073808804242,0.7798336233337437,56.96301524562395,53.273809523809526,3.6892057218144245,24.923520923520925,10.526315789473683,14.397205134047242,0
VCT 2026: Pacific Kickoff,Main Event,Lower Round 1,Team Secret,ZETA DIVISION,33.333333333333336,33.333333333333336,1,1,13.333333333333334,1382.195113320284,1503.4468002875042,51.76470588235295,66.66666666666666,66.66666666666666,1,1,26.666666666666668,1397.7388241004035,1455.3201260619624,17.75700934579439,0.910327074651691,0.8823499329646388,125.34455515924826,118.13806861983333,188.37681844323149,182.59986653869007,2.8238109432482834,3.1011552935082345,0.10727855418475624,0.11285942303883481,0.9142656748385648,0.8529383000441825,67.60356682769726,64.67123794506148,30.260805490805488,22.321638176638178,0,1,95.52631512424111,94.32745424505097,1.1988608791901356,38.41857730746619,36.079365079365076,2.339212228101111,21.36243386243386,29.31216931216931,-7.949735449735449,0
VCT 2026: Pacific Kickoff,Main Event,Lower Round 1,VARREL,Gen.G,50.0,50.0,0,0,0.0,1468.2829728331237,1500.0,50.0,50.0,50.0,0,0,53.333333333333336,1540.2692807433768,1511.0888324583925,60.57692307692308,0.7989583333333333,1.174883227883228,116.06458333333333,130.17171828171828,176.40208333333334,199.77855662855663,2.93125,3.9033847633847634,0.08689583333333334,0.09157740407740407,0.8167708333333332,1.0406053576053576,65.72291666666666,72.70984644984645,30.09722222222222,38.7663110698825,0,1,96.49635416666666,94.63890196020084,1.8574522064658225,33.33333333333333,58.71218752652576,-25.37885419319243,0.0,14.032658517952633,-14.032658517952633,0
VCT 2026: Pacific Kickoff,Main Event,Middle Round 3,FULL SENSE,DetonatioN FocusMe,50.0,50.0,0,0,40.0,1486.671633277075,1464.9215745591885,0.0,50.0,50.0,0,0,40.0,1477.7165375529032,1500.0,50.0,1.0167525252525254,0.9454117078455314,124.02564102564102,124.67895089115677,186.72140637140637,191.362362887657,2.833721833721834,3.132395338865927,0.10532284382284382,0.10595571617924561,0.9406449106449107,0.933165202825497,71.74794094794095,68.15452248187542,28.0169696969697,34.998870573870576,0,1,94.35394583592972,95.60732287605711,-1.2533770401273898,33.888888888888886,33.88167388167388,0.007215007215002345,0.0,31.067821067821065,-31.067821067821065,0
VCT 2026: Pacific Kickoff,Main Event,Middle Round 3,Paper Rex,T1,75.0,75.0,4,4,73.33333333333333,1675.4320067344174,1623.069294003536,58.16326530612243,25.0,25.0,4,4,60.0,1591.6288873404967,1539.1532746101648,58.87850467289719,1.0921760905760904,1.1073347867818455,130.60184593184593,131.75082814788695,198.06342065342065,203.64370446546917,3.598765678765679,4.127727827727828,0.0977982017982018,0.09043274089744678,1.0153987641987643,1.0312273090743678,71.30779035779035,71.92105891929421,33.58393217893218,32.827020757020755,0,1,95.44042832190763,95.55914550107215,-0.11871717916451985,56.89560786435786,53.273809523809526,3.621798340548338,22.314514189514185,10.526315789473683,11.788198400040502,0
VCT 2026: Pacific Kickoff,Main Event,Lower Round 2,DRX,ZETA DIVISION,50.0,50.0,2,2,46.666666666666664,1597.0936287000618,1582.8157333294876,59.4059405940594,50.0,50.0,2,2,33.33333333333333,1412.2592538141014,1455.3201260619624,17.75700934579439,1.039351467051467,0.9115165996313055,123.8449494949495,120.10284134710605,188.47492063492064,185.4616089629325,3.9235353535353537,3.283731051083992,0.09553602693602695,0.11186321091762269,0.9893400192400192,0.8712792091350915,70.9493746993747,65.62843491475844,34.634778911564624,23.660897435897436,0,1,96.21057171137616,94.29158637236688,1.9189853390092821,56.96301524562395,37.47580332946187,19.48721191616208,24.923520923520925,30.423280423280417,-5.499759499759492,1
VCT 2026: Pacific Kickoff,Main Event,Lower Round 2,Global Esports,Gen.G,16.66666666666667,16.66666666666667,2,2,26.666666666666668,1431.742355584292,1500.0,50.0,83.33333333333333,83.33333333333333,2,2,53.333333333333336,1552.3642487263003,1511.0888324583925,60.57692307692308,1.00401903004403,1.1688594183594183,127.47667637917638,130.44870240870242,193.18069735819736,199.76030266030267,3.2564115514115515,3.9756069856069858,0.10813978243978245,0.09168057868057869,0.9592453962703964,1.0376926591926592,70.47414529914529,72.93048137048137,29.257301587301587,39.723021026592455,0,1,95.96350148398129,94.62550070157636,1.338000782404933,40.8008658008658,59.96500721500722,-19.16414141414142,0.0,21.395502645502653,-21.395502645502653,1
VCT 2026: Pacific Kickoff,Main Event,Lower Round 3,FULL SENSE,DRX,66.66666666666666,66.66666666666666,1,1,33.33333333333333,1471.0799424836516,1464.9215745591885,0.0,33.333333333333336,33.333333333333336,1,1,53.333333333333336,1604.8926660522548,1582.8157333294876,59.4059405940594,0.9993175805675806,1.039351467051467,125.0332722832723,123.8449494949495,187.82736245236245,188.47492063492064,3.087625337625338,3.9235353535353537,0.10324522699522702,0.09553602693602695,0.9372040922040923,0.9893400192400192,71.2542365042365,70.9493746993747,28.014141414141417,34.634778911564624,0,1,94.83885138951173,96.21057171137616,-1.37172032186443,29.166666666666664,56.96301524562395,-27.796348578957286,0.0,24.923520923520925,-24.923520923520925,0
VCT 2026: Pacific Kickoff,Main Event,Lower Round 4,DRX,Paper Rex,75.0,75.0,4,4,53.333333333333336,1616.030538074492,1582.8157333294876,59.4059405940594,25.0,25.0,4,4,66.66666666666666,1656.6351793767528,1623.069294003536,58.16326530612243,1.039351467051467,1.0336427572427571,123.8449494949495,129.41295704295706,188.47492063492064,196.17971694971695,3.9235353535353537,3.638765678765679,0.09553602693602695,0.09992412772412772,0.9893400192400192,0.9932728382728383,70.9493746993747,70.5122348022348,34.634778911564624,33.347265512265515,0,1,96.21057171137616,96.27626595734348,-0.06569424596732176,56.96301524562395,56.357802005950155,0.6052132396737946,24.923520923520925,25.64784752284752,-0.724326599326595,0
VCT 2026: Pacific Kickoff,Main Event,Middle Round 4,DetonatioN FocusMe,T1,33.333333333333336,33.333333333333336,1,1,46.666666666666664,1493.3082283463266,1500.0,50.0,66.66666666666666,66.66666666666666,1,1,60.0,1610.4257146981613,1539.1532746101648,58.87850467289719,0.9709803352965117,1.0908688776909365,126.78143455128749,130.86673723879605,194.47033674386614,202.4967347684995,3.1595848813495873,4.120909645909646,0.10749035670212143,0.09072061968532558,0.946359974067327,1.0220151878622468,68.93020875638523,72.13242255565784,35.40561253561254,32.40757631257631,0,1,95.71210046834777,95.540050879385,0.17204958896276423,38.02447552447553,53.50877192982456,-15.484296405349035,31.186868686868696,10.526315789473683,20.660552897395014,0
VCT 2026: Pacific Kickoff,Main Event,Upper Final,Nongshim RedForce,Rex Regum Qeon,66.66666666666666,66.66666666666666,3,3,60.0,1560.9877822718554,1500.0,50.0,33.33333333333334,33.33333333333334,3,3,53.333333333333336,1562.5273060225063,1454.1997038428533,18.269230769230766,1.0656321756674698,1.068919124723459,123.4847610341728,127.09138612333659,191.73982187746893,194.25101705770436,3.524018029900383,3.3464489712786927,0.09533162828456947,0.10177312106538113,1.0197161687985217,0.9934762873635938,71.63444455326808,70.93512912039228,35.31484126984127,40.18939153439154,0,1,95.79186077161323,95.12110400840055,0.6707567632126796,60.45725108225108,52.460984393757506,7.99626668849357,0.0,13.235294117647062,-13.235294117647062,1
VCT 2026: Pacific Kickoff,Main Event,Lower Round 5,DetonatioN FocusMe,Paper Rex,33.33333333333333,33.33333333333333,3,3,46.666666666666664,1481.4260827369294,1500.0,50.0,66.66666666666667,66.66666666666667,3,3,73.33333333333333,1670.066805966433,1623.069294003536,58.16326530612243,0.9710316173477939,1.063259423909424,127.13015250000544,131.0085125985126,194.83443930796872,198.52416139416138,3.149328471093177,3.8376545676545675,0.10743907465083936,0.09726857216857218,0.9490266407339937,1.0133839493839494,68.88405491023137,71.34723480223481,36.73815628815629,31.530598845598846,0,1,95.74091330777841,96.61711843617041,-0.8762051283920016,37.49799583132916,56.357802005950155,-18.859806174620992,27.21861471861472,25.64784752284752,1.5707671957671998,0
VCT 2026: Pacific Kickoff,Main Event,Middle Final,Rex Regum Qeon,T1,66.66666666666666,66.66666666666666,3,3,46.666666666666664,1547.2599536589876,1454.1997038428533,18.269230769230766,33.33333333333334,33.33333333333334,3,3,66.66666666666666,1622.3078603075585,1539.1532746101648,58.87850467289719,1.040089778630955,1.0996334464555053,126.38548500690916,130.4970402690991,192.3307618742913,202.200231271996,3.3706913955211166,3.9721916971916973,0.10493261069855496,0.08971828868299457,0.9778223798675811,1.028462740309799,70.15809562756931,72.50118712442242,39.5631289081289,33.27979853479853,0,1,95.41368978779495,95.59442879365429,-0.180739005859337,51.19825708061002,54.19982316534041,-3.001566084730392,12.03703703703704,11.59469185784976,0.44234517918727967,0
VCT 2026: Pacific Kickoff,Main Event,Lower Final,Rex Regum Qeon,Paper Rex,66.66666666666667,66.66666666666667,3,3,46.666666666666664,1533.4036021260033,1454.1997038428533,18.269230769230766,33.33333333333333,33.33333333333333,3,3,73.33333333333333,1678.9509515560796,1623.069294003536,58.16326530612243,1.032178667519844,1.0936297942797943,126.22548500690915,132.1770311170311,192.20631742984685,201.04082806082806,3.459580284410006,3.856173086173086,0.10622149958744385,0.09654634994634995,0.9778668243120255,1.0243098753098754,70.30476229423599,71.59353109853109,35.97265271765272,32.56393217893218,0,1,95.41498207257668,96.22531192419886,-0.8103298516221855,50.534188034188034,57.273324733133016,-6.739136698944982,24.53703703703704,24.773162853658214,-0.23612581662117194,0
VCT 2026: China Kickoff,Main Event,Upper Round 1,Trace Esports,Wolves Esports,33.333333333333336,33.333333333333336,1,1,46.666666666666664,1494.1346997282553,1460.7939589192893,17.75700934579439,66.66666666666666,66.66666666666666,1,1,46.666666666666664,1516.0005169746753,1524.110702905285,60.00000000000001,1.0018336626336626,0.979436211790159,124.18232474596111,128.7140505644453,193.8790724090724,192.57528083028083,2.9803692603692604,3.2590783582888845,0.10153507603507604,0.10106646209540947,0.9345835578562851,0.9853884208384208,68.69438732563732,69.60144956408114,45.916666666666664,39.94897959183674,0,1,95.1754232072192,94.3920327592543,0.7833904479648908,48.766439909297056,51.16487455197133,-2.3984346426742746,24.32539682539683,6.944444444444442,17.380952380952387,0
VCT 2026: China Kickoff,Main Event,Upper Round 1,FunPlus Phoenix,TYLOO,66.66666666666666,66.66666666666666,1,1,40.0,1462.0180309119346,1490.2471260536495,0.0,33.33333333333334,33.33333333333334,1,1,35.714285714285715,1474.215664749881,1500.0,50.0,1.067374247702189,1.0152107010768598,125.47358502608503,131.72326513451384,196.22756662727252,193.98166996270115,2.1774836274836273,2.5128681432087,0.10446491702741703,0.09799569730426284,0.9674293734043733,1.002836295531858,68.61392010767011,70.91150206671362,8.28125,15.0,0,1,96.22849098115562,96.14804947110171,0.08044151005390177,42.48369516662199,38.0,4.483695166621992,27.551892551892553,0.0,27.551892551892553,0
VCT 2026: China Kickoff,Main Event,Upper Round 1,All Gamers,Nova Esports,50.0,50.0,2,2,26.666666666666668,1433.7706524686205,1500.0,50.0,50.0,50.0,2,2,33.33333333333333,1447.3595890343452,1500.0,50.0,0.9420465949476344,0.954286863686709,123.40655869185281,121.1053417799306,186.97647717840664,193.09388158625,2.125072080114097,1.8565346057451322,0.10484002190619839,0.11388246457489878,0.9199965195479902,0.9045302529159437,69.97258253728842,68.47085047019257,15.0,15.0,0,1,95.7082433750738,96.63850346608353,-0.9302600910097283,36.515151515151516,36.9047619047619,-0.3896103896103824,15.454545454545453,0.0,15.454545454545453,1
VCT 2026: China Kickoff,Main Event,Upper Round 1,JDG Esports,Titan Esports Club,83.33333333333333,83.33333333333333,2,2,23.076923076923077,1417.8019620164748,1500.0,50.0,16.66666666666667,16.66666666666667,2,2,33.33333333333333,1441.364745798968,1500.0,50.0,1.002804936807259,0.9901245707797289,123.20938996611405,128.86322683594355,192.03804799431734,194.7918622138464,2.3158721502955246,2.484321630136535,0.10401861459296638,0.10134785356637782,0.9262304286646876,0.9715579264169306,69.00019060155961,69.76529168887528,15.0,15.0,0,1,96.85818619378144,96.55020347533079,0.3079827184506456,44.02116402116402,40.992063492063494,3.029100529100525,0.0,21.964285714285708,-21.964285714285708,1
VCT 2026: China Kickoff,Main Event,Upper Round 2,Xi Lai Gaming,Wolves Esports,100.0,100.0,3,3,53.333333333333336,1554.8337689651958,1460.0458016262623,17.75700934579439,0.0,0.0,3,3,46.666666666666664,1530.2451677653075,1524.110702905285,60.00000000000001,1.0880971962563293,0.9716453621169564,129.67668570216796,126.3761652873025,197.16603115494758,190.54573834662068,3.1938058180782636,3.152411691622218,0.1018473222683749,0.10164263795936727,0.9965579954432062,0.9619637842316414,71.53131388470754,69.12792673074628,28.473333333333336,39.94897959183674,0,1,94.38326743137576,95.29371344759787,-0.9104460162221102,63.7349555206698,52.43055555555556,11.304399965114243,24.986263736263748,8.333333333333325,16.652930402930423,1
VCT 2026: China Kickoff,Main Event,Upper Round 2,EDward Gaming,TYLOO,83.33333333333333,83.33333333333333,2,2,46.666666666666664,1569.20951935394,1525.8473730024853,18.269230769230766,16.66666666666667,16.66666666666667,2,2,40.0,1491.1980245087898,1500.0,50.0,1.0617487598458186,1.0792540925583827,132.552901396276,131.72326513451384,202.31771819569033,197.57388834198875,3.985470791105466,2.333377561550936,0.10113993874202852,0.09799569730426284,1.0193695436744197,1.002836295531858,71.07306514778651,70.91150206671362,28.831746031746032,15.0,0,1,96.14893801400598,96.28812539427277,-0.13918738026679023,50.14758525787937,40.833333333333336,9.314251924546035,13.721572545101962,0.0,13.721572545101962,1
VCT 2026: China Kickoff,Main Event,Upper Round 2,Bilibili Gaming,All Gamers,66.66666666666666,66.66666666666666,1,1,53.333333333333336,1547.3787906294542,1414.577822123396,18.81188118811881,33.333333333333336,33.333333333333336,1,1,33.33333333333333,1452.0586746897245,1500.0,50.0,1.0810858777645929,0.9646657108400143,129.43509217161693,123.40655869185281,200.1045471052282,188.74693425540175,3.9470741819813027,1.9834006081064903,0.10120689550101315,0.10484002190619839,1.0443505535371633,0.9199965195479902,71.68820265475838,69.97258253728842,24.11904761904762,15.0,0,1,95.55709574627434,95.82952670859957,-0.272430962325231,47.49975352459824,38.277511961722496,9.222241562875745,17.81458477110651,20.45454545454546,-2.63996068343895,0
VCT 2026: China Kickoff,Main Event,Upper Round 2,Dragon Ranger Gaming,JDG Esports,66.66666666666666,66.66666666666666,1,1,53.333333333333336,1535.6875253921696,1470.0268923046199,0.0,33.33333333333334,33.33333333333334,1,1,28.57142857142857,1434.0312354533476,1500.0,50.0,1.00720792105498,0.9993939061652803,130.86702680761505,123.20938996611405,197.17813184636714,191.4611567284823,3.9303021379491967,2.1377281387343308,0.0950892810892811,0.10401861459296638,0.9873076198311492,0.9262304286646876,72.91698493227905,69.00019060155961,26.291666666666664,15.0,0,1,96.7828634636895,96.94679416325538,-0.16393069956588135,53.87500000000001,41.99134199134199,11.883658008658017,7.500000000000007,0.0,7.500000000000007,1
VCT 2026: China Kickoff,Main Event,Middle Round 1,Nova Esports,TYLOO,66.66666666666666,66.66666666666666,1,1,33.33333333333333,1429.0715668132411,1500.0,50.0,33.33333333333334,33.33333333333334,1,1,40.0,1477.4847436658144,1500.0,50.0,0.9055313081311535,1.0617038197211572,121.1053417799306,131.23093862106245,189.34721491958334,196.94007356363394,1.8565346057451322,2.373374613003096,0.11388246457489878,0.09846279424050322,0.9045302529159437,0.9944859993120054,68.47085047019257,70.2136851933756,15.0,15.0,0,1,96.63850346608353,96.34238593923457,0.29611752684895976,35.67649281934996,40.833333333333336,-5.156840513983376,0.0,0.0,0.0,0
VCT 2026: China Kickoff,Main Event,Middle Round 1,Titan Esports Club,Wolves Esports,33.333333333333336,33.333333333333336,1,1,26.666666666666668,1425.1354723620952,1500.0,50.0,66.66666666666666,66.66666666666666,1,1,40.0,1513.8886739949596,1524.110702905285,60.00000000000001,0.9885868542963744,0.9417342510058454,128.86322683594355,124.22990678390114,194.44495375253115,187.45113517201753,2.3187001881274325,3.07431645352698,0.10134785356637782,0.10218005292535369,0.9715579264169306,0.9467120835513693,69.76529168887528,68.17826686680071,15.0,39.94897959183674,0,1,96.6633592295053,95.20751449318718,1.4558447363181273,43.36675020885548,51.85185185185185,-8.48510164299637,22.19576719576719,8.333333333333325,13.862433862433864,1
VCT 2026: China Kickoff,Main Event,Middle Round 1,Trace Esports,JDG Esports,83.33333333333333,83.33333333333333,2,2,40.0,1479.890048937623,1460.7939589192893,17.75700934579439,16.666666666666668,16.666666666666668,2,2,26.666666666666668,1423.1558968741049,1500.0,50.0,1.007482682241506,0.9958108249556723,124.18232474596111,122.93826116646035,193.11789593848417,191.26338179732696,2.9803692603692604,2.2652530519016585,0.10153507603507604,0.10451227280058549,0.9345835578562851,0.9401535434284403,68.69438732563732,69.11128053471965,45.916666666666664,15.0,0,1,95.1754232072192,96.93085305552025,-1.7554298483010484,47.65873015873016,41.55844155844156,6.1002886002886,26.547619047619047,0.0,26.547619047619047,1
VCT 2026: China Kickoff,Main Event,Middle Round 1,FunPlus Phoenix,Bilibili Gaming,33.33333333333334,33.33333333333334,1,1,40.0,1445.0356711530258,1490.2471260536495,0.0,66.66666666666666,66.66666666666666,1,1,53.333333333333336,1525.0677816503835,1414.577822123396,18.81188118811881,1.0335068234597646,1.0503784703571855,124.59565002898337,127.67583291235768,192.82983935454524,196.53306562374672,1.8274836274836275,3.8181852930924136,0.10586379669713003,0.10310689550101314,0.9656159704493038,1.0262505535371633,68.34185567518901,71.09153598809172,0.0,24.11904761904762,0,1,96.22390288581869,95.176405126425,1.0474977593936927,41.611067503924644,46.854394440206796,-5.243326936282152,26.57967032967033,20.49315619967794,6.086514129992388,0
VCT 2026: China Kickoff,Main Event,Middle Round 2,TYLOO,Titan Esports Club,33.33333333333333,33.33333333333333,3,3,46.666666666666664,1492.648034249555,1500.0,50.0,66.66666666666667,66.66666666666667,3,3,33.33333333333333,1444.1360343325384,1500.0,50.0,1.093703819721157,0.9866387061482264,132.65150264252432,129.2380152634603,200.37562911918948,193.76865745623485,2.7257555653840484,2.5335150029422473,0.09574539736149644,0.10299084598751782,1.013688570803122,0.9792354671085709,70.7916618641077,69.5442045656442,15.0,15.0,0,1,95.91010339581548,96.6168127699688,-0.7067093741533199,43.13725490196078,46.64399092970521,-3.506736027744431,0.0,24.04761904761905,-24.04761904761905,1
VCT 2026: China Kickoff,Main Event,Middle Round 2,Trace Esports,Bilibili Gaming,75.0,75.0,4,4,46.666666666666664,1492.629808504246,1460.7939589192893,17.75700934579439,25.0,25.0,4,4,53.333333333333336,1538.6838222783344,1414.577822123396,18.81188118811881,0.9919166691696104,1.0502035080645762,124.04948395830748,128.01670772382073,190.72678482737308,196.63502640806047,3.184290828996711,3.6094371784619463,0.10241246837626929,0.10412951993540229,0.934299633917281,1.0275567375492298,68.65002268972857,71.1473429262516,45.916666666666664,24.11904761904762,0,1,95.19392894319874,95.16511695079849,0.02881199240025012,48.81595881595882,46.854394440206796,1.961564375752026,28.13492063492063,20.49315619967794,7.641764435242688,0
VCT 2026: China Kickoff,Main Event,Lower Round 1,Nova Esports,Wolves Esports,83.33333333333333,83.33333333333333,2,2,26.666666666666668,1413.9082762295006,1500.0,50.0,16.66666666666667,16.66666666666667,2,2,40.0,1494.8881120245164,1524.110702905285,60.00000000000001,0.8960441286439739,0.9313953621169565,120.23893628301524,122.82514487913923,187.74208671445513,186.02113517201755,1.9847397339502602,3.1532053424158684,0.11686988304093567,0.10207588625868702,0.8959072333611808,0.9385245835513693,67.34684234625024,68.01368353346737,15.0,39.94897959183674,0,1,96.51523990234027,95.3467421610518,1.1684977412884763,34.458874458874455,49.74603174603175,-15.287157287157292,0.0,18.61111111111111,-18.61111111111111,0
VCT 2026: China Kickoff,Main Event,Upper Round 3,All Gamers,Dragon Ranger Gaming,33.333333333333336,33.333333333333336,1,1,40.0,1474.3696836687952,1500.0,50.0,66.66666666666666,66.66666666666666,1,1,53.333333333333336,1546.5628639714123,1470.0268923046199,0.0,1.0148879330622365,1.014193915452739,125.09256948933421,130.35442176559823,191.56471203317955,196.5870954318013,2.205622830328713,4.099209700974407,0.10115601971557855,0.0926691130220542,0.9503968675931912,0.9850499167499167,71.00865761689292,73.02202694908577,15.0,26.291666666666664,0,1,95.20692060368398,96.7250815385181,-1.518160934834114,40.36363636363637,54.1869918699187,-13.823355506282333,23.787878787878785,7.500000000000007,16.28787878787878,1
VCT 2026: China Kickoff,Main Event,Lower Round 1,JDG Esports,FunPlus Phoenix,50.0,50.0,0,0,26.666666666666668,1410.416137307482,1500.0,50.0,50.0,50.0,0,0,33.33333333333333,1431.4196305250748,1490.2471260536495,0.0,1.0233281985300562,1.0516606696136108,123.86586362124288,128.48453891787227,192.18868015369563,196.22983935454525,2.3713790389177385,2.001842601842602,0.10227533123481267,0.10509456592789927,0.9565667605141677,0.9885219533552867,69.74300962410481,69.49570182903516,15.0,15.0,0,1,96.78362127138655,96.8160335171921,-0.03241224580554558,41.1667697381983,41.611067503924644,-0.44429776572634694,13.744588744588748,26.57967032967033,-12.83508158508158,1
VCT 2026: China Kickoff,Main Event,Upper Round 3,Xi Lai Gaming,EDward Gaming,33.33333333333334,33.33333333333334,3,3,53.333333333333336,1571.1902627355437,1460.0458016262623,17.75700934579439,66.66666666666666,66.66666666666666,3,3,53.333333333333336,1582.9228001969154,1525.8473730024853,18.269230769230766,1.0529322130913463,1.0564302413273003,129.5275015529838,133.01216065553527,194.83741162632805,202.424384862357,3.1964994207718664,3.9662115318462066,0.10359557401662665,0.10223623503832482,0.9790133178985287,1.0117843584892345,70.91748327087693,70.92195403667539,28.473333333333336,28.831746031746032,0,1,95.44615685989805,96.49057248825571,-1.0444156283576547,63.80313484964648,50.14758525787937,13.655549591767112,24.986263736263748,13.721572545101962,11.264691191161786,1
VCT 2026: China Kickoff,Main Event,Lower Round 2,Trace Esports,Wolves Esports,16.666666666666668,16.666666666666668,2,2,40.0,1477.349192357679,1460.7939589192893,17.75700934579439,83.33333333333333,83.33333333333333,2,2,46.666666666666664,1506.6081065643482,1524.110702905285,60.00000000000001,0.9874209426738839,0.9492703621169566,124.22910945263887,123.5478892400415,189.63345149403975,187.22924920710523,3.415060059765942,3.1459685003106057,0.10289948986587642,0.09996827347673212,0.9382292478763067,0.9528173467092639,68.62557051958312,68.60132451091098,45.916666666666664,39.94897959183674,0,1,95.20530189288735,95.1401572567304,0.0651446361569441,48.40852130325815,50.93995510662177,-2.531433803363619,28.13492063492063,19.82323232323232,8.311688311688307,1
VCT 2026: China Kickoff,Main Event,Middle Round 3,Dragon Ranger Gaming,TYLOO,50.0,50.0,2,2,53.333333333333336,1528.2491601994445,1470.0268923046199,0.0,50.0,50.0,2,2,53.333333333333336,1505.739363007742,1500.0,50.0,0.9961696730284967,1.1082380077553453,129.09017934135582,132.7222107556473,195.22911563382152,201.9705009140613,4.2006238423885485,3.0757555653840485,0.09428931504225621,0.09484994758137173,0.9720236541236542,1.0216450787917506,72.30929967635849,70.89930115320982,26.291666666666664,15.0,0,1,97.06691391658582,95.82188633748426,1.24502757910156,54.1869918699187,46.61654135338346,7.570450516535239,7.500000000000007,0.0,7.500000000000007,1
VCT 2026: China Kickoff,Main Event,Lower Round 2,Titan Esports Club,JDG Esports,0.0,0.0,3,3,33.33333333333333,1431.0447055743514,1500.0,50.0,100.0,100.0,3,3,26.666666666666668,1426.5339038477273,1500.0,50.0,0.9877220394815596,1.0506563031052196,128.49559829145744,124.99926995870565,193.7103241229015,194.1097259053296,2.7858959553231997,2.638045705584405,0.10421245739124996,0.09818969506195091,0.9710582168519476,0.9619138382296629,69.49290180422146,70.31182693100438,15.0,15.0,0,1,96.51719460647828,96.76953674447786,-0.2523421379995767,45.34161490683229,43.290043290043286,2.051571616789005,19.047619047619047,10.71428571428572,8.333333333333327,0
VCT 2026: China Kickoff,Main Event,Middle Round 3,EDward Gaming,Bilibili Gaming,40.0,40.0,5,5,46.666666666666664,1564.7286923595964,1525.8473730024853,18.269230769230766,60.0,60.0,5,5,53.333333333333336,1553.9644384249016,1414.577822123396,18.81188118811881,1.0532453928424517,1.0309752252362934,132.3815545949292,126.72741479452779,202.05862728659943,194.53159206462612,3.9637872894219646,3.6078210168457847,0.09896047746256725,0.10575376235964472,1.0089904190952952,1.0145708789633712,71.04862070334207,71.16310050200917,28.831746031746032,24.11904761904762,0,1,96.37510824523909,95.67572676525324,0.6993814799858455,49.494427141485964,47.19598534066301,2.298441800822957,12.439521263050674,20.49315619967794,-8.053634936627267,0
VCT 2026: China Kickoff,Main Event,Lower Round 3,TYLOO,Trace Esports,66.66666666666666,66.66666666666666,1,1,53.333333333333336,1491.5227711742061,1500.0,50.0,33.33333333333334,33.33333333333334,1,1,46.666666666666664,1493.826226535696,1460.7939589192893,17.75700934579439,1.1236226231399606,0.9933627416156827,132.14002886320105,124.8689140924435,203.58075732431772,190.25197001255825,3.3219094115378947,3.4393986841045665,0.09601533622895854,0.10152760777970862,1.0159564040917934,0.9433147179617768,70.64669218876173,68.82058185745161,15.0,45.916666666666664,0,1,95.77944004523839,95.04538227551174,0.7340577697266468,45.0,49.54822954822954,-4.548229548229543,0.0,29.325396825396826,-29.325396825396826,1
VCT 2026: China Kickoff,Main Event,Lower Round 3,EDward Gaming,JDG Esports,66.66666666666666,66.66666666666666,1,1,40.0,1549.0579163779516,1525.8473730024853,18.269230769230766,33.33333333333334,33.33333333333334,1,1,33.33333333333333,1441.9312363517354,1500.0,50.0,1.0328676150646738,1.0099280979770144,131.25822126159588,124.73010002624942,200.92973839771054,191.4721190677228,4.041565067199742,2.868814936353636,0.0984160330181228,0.09789183585807038,0.9967237524286287,0.9636133260694987,70.41750959223096,70.2409695585489,28.831746031746032,15.0,0,1,96.49800078271952,96.77834799470622,-0.2803472119867081,49.670478774956386,46.75518925518925,2.9152895197671356,23.64718614718615,11.483516483516476,12.163669663669674,1
VCT 2026: China Kickoff,Main Event,Middle Round 4,Dragon Ranger Gaming,Bilibili Gaming,50.0,50.0,2,2,53.333333333333336,1542.4657520329804,1470.0268923046199,0.0,50.0,50.0,2,2,53.333333333333336,1569.6352144065463,1414.577822123396,18.81188118811881,1.0209938488526724,1.0286771483132164,130.28908044025692,126.78703017914319,196.75805336275926,194.0216561671902,4.209048750813457,3.5225646065893748,0.09271422346716465,0.10568004441092677,0.985833177933178,1.0130548533223456,72.47010553716436,71.1512415276502,26.291666666666664,24.11904761904762,0,1,96.81984027176466,95.71430707531195,1.1055331964527113,54.801587301587304,47.070154250360204,7.7314330512271,10.833333333333329,28.97904483430799,-18.145711500974663,0
VCT 2026: China Kickoff,Main Event,Lower Round 4,TYLOO,EDward Gaming,0.0,0.0,3,3,60.0,1509.2394553080937,1500.0,50.0,100.0,100.0,3,3,46.666666666666664,1559.7143025108144,1525.8473730024853,18.269230769230766,1.1372482641656017,1.0422453928424518,132.72892790044492,131.5774175171234,205.19332142688182,201.61137582461112,3.5116530012814846,3.690687874217286,0.09717907594886808,0.09781417071490602,1.0195968807225995,0.9998731933915758,70.80929109835567,70.48868508942039,15.0,28.831746031746032,0,1,95.75696543399239,96.52237304124226,-0.7654076072498697,46.98412698412698,49.01742993848257,-2.033302954355591,0.0,22.769993164730007,-22.769993164730007,0
VCT 2026: China Kickoff,Main Event,Lower Round 5,Dragon Ranger Gaming,EDward Gaming,25.0,25.0,4,4,53.333333333333336,1526.2392733486822,1470.0268923046199,0.0,75.0,75.0,4,4,53.333333333333336,1572.7214779552485,1525.8473730024853,18.269230769230766,1.0021938488526725,1.0392083558054146,128.99574710692357,130.1012270409329,195.26472002942592,199.32989434312964,4.040159861924567,3.6092063927358047,0.09235866791160909,0.0986078215085568,0.9712554001554001,0.9907065267249091,71.89232775938657,69.54424064497594,26.291666666666664,28.831746031746032,0,1,96.21536254472444,96.73731831299817,-0.5219557682737275,53.99224806201551,49.68003011481272,4.3122179472027895,7.500000000000007,23.64718614718615,-16.147186147186144,0
VCT 2026: China Kickoff,Main Event,Upper Final,All Gamers,Xi Lai Gaming,0.0,0.0,4,4,46.666666666666664,1492.683387440763,1500.0,50.0,100.0,100.0,4,4,53.333333333333336,1589.3843705728627,1460.0458016262623,17.75700934579439,1.0329354046824635,1.0900327421918754,125.85955515073164,131.89502292050517,193.9828750878751,197.86915765807407,2.511505183269889,3.0896211138935596,0.099446648939296,0.10119020161125425,0.9587565106462165,1.002456541341752,71.36081173728233,71.20930256269622,15.0,28.473333333333336,0,1,95.168944904657,94.50959047508628,0.6593544295707119,40.36363636363637,64.39851814851815,-24.034881784881783,23.787878787878785,26.65293040293041,-2.865051615051623,1
VCT 2026: China Kickoff,Main Event,Middle Final,Xi Lai Gaming,Bilibili Gaming,33.33333333333334,33.33333333333334,3,3,46.666666666666664,1570.0597484479529,1460.0458016262623,17.75700934579439,66.66666666666666,66.66666666666666,3,3,60.0,1585.8616930908445,1414.577822123396,18.81188118811881,1.0916380053497703,1.046454926090994,131.0686059164566,126.8766987951276,197.4507366054425,195.1460226389251,3.2672526928409282,3.407944723548439,0.0988192501942502,0.10447536604835367,0.998091662799242,1.0152341905543143,71.24295640885008,71.67404854519405,28.473333333333336,24.11904761904762,0,1,94.4748917931385,95.63369704493289,-1.1588052517943908,62.41718426501036,47.71016993660202,14.707014328408341,20.37698412698412,25.506822612085774,-5.129838485101654,1
VCT 2026: China Kickoff,Main Event,Lower Final,Bilibili Gaming,EDward Gaming,66.66666666666666,80.0,6,5,53.333333333333336,1569.9708482599422,1414.577822123396,18.81188118811881,33.33333333333334,20.0,6,5,53.333333333333336,1585.899969077797,1525.8473730024853,18.269230769230766,1.0244064412425093,1.044743369811017,126.22255738098617,131.02439630864,193.55369940660188,200.6836758557347,3.5279447235484387,3.64085905380023,0.10496829534128296,0.09580169905957722,1.0027533824735062,0.9941519048761697,71.41485662600213,69.86957077702876,24.11904761904762,28.831746031746032,0,1,95.77632398297885,96.73376046483175,-0.9574364818528949,47.765226270184314,49.06555349412492,-1.3003272239406058,29.395711500974663,22.536075036075033,6.85963646489963,0
VCT 2026: China Stage 1,Group Stage,Week 1,Titan Esports Club,All Gamers,50.0,50.0,0,0,33.33333333333333,1415.6473730703433,1500.0,50.0,50.0,50.0,0,0,53.333333333333336,1512.0080095656729,1500.0,50.0,1.023991483926004,1.0398937380157969,128.08971510050264,125.88375888817065,195.4769907895682,194.64204175454176,3.0650626219898665,2.838171849936556,0.10183016927531247,0.09920109486102134,0.9778971154476186,0.9621518014256986,69.95498628081981,71.08491075917546,15.0,15.0,0,1,96.46033688601261,95.16919857963052,1.291138306382095,42.87792207792208,43.77213695395513,-0.8942148760330539,15.714285714285714,21.6991341991342,-5.984848484848486,1
VCT 2026: China Stage 1,Group Stage,Week 1,Nova Esports,EDward Gaming,50.0,50.0,2,2,26.666666666666668,1402.1882816896689,1500.0,50.0,50.0,50.0,2,2,53.333333333333336,1602.6936145523007,1525.8473730024853,18.269230769230766,0.882279422761621,1.0351485985691868,120.90327794883135,130.67985849351396,186.85189063602377,200.03705276205275,2.1729750280679077,3.7502272455213634,0.1170064241486068,0.09617051325192082,0.8983753335544744,0.9926766481067952,67.28322566236653,69.6296081253014,15.0,28.831746031746032,0,1,96.5628295023204,96.79880872278787,-0.23597922046747044,33.58178053830228,50.321669071669064,-16.73988853336678,0.0,24.44083694083694,-24.44083694083694,0
VCT 2026: China Stage 1,Group Stage,Week 1,JDG Esports,FunPlus Phoenix,66.66666666666666,66.66666666666666,1,1,33.33333333333333,1431.2748502188726,1500.0,50.0,33.333333333333336,33.333333333333336,1,1,33.33333333333333,1415.3018639848294,1490.2471260536495,0.0,1.0049159522280264,1.0357325650384475,124.73010002624942,127.51255561432033,191.29506103803317,194.73310732840145,2.868814936353636,2.150862209685739,0.09789183585807038,0.10829099168805052,0.9636133260694987,0.9897411865911867,70.2409695585489,69.09319046966105,15.0,15.0,0,1,96.77834799470622,96.81590123962867,-0.03755324492244938,48.53333333333333,40.763067302054985,7.7702660312783465,9.285714285714274,25.721827192415432,-16.436112906701158,1
VCT 2026: China Stage 1,Group Stage,Week 1,Dragon Ranger Gaming,Xi Lai Gaming,83.33333333333333,83.33333333333333,2,2,46.666666666666664,1513.0607822261336,1470.0268923046199,0.0,16.66666666666667,16.66666666666667,2,2,46.666666666666664,1585.9505932788552,1460.0458016262623,17.75700934579439,0.9980250176838413,1.0997522910640558,129.01522762640408,131.3800320244648,195.41320487791074,198.1951810498869,3.939726961491667,3.7386812642694998,0.09199936055230173,0.09824032415996702,0.9715454434454435,1.0029728705584797,71.81310698016581,71.44499013474854,26.291666666666664,28.473333333333336,0,1,96.21657017563305,94.44292204226544,1.7736481333676153,54.71320346320346,62.39583333333333,-7.682629870129865,9.88095238095238,25.535714285714295,-15.654761904761916,0
VCT 2026: China Stage 1,Group Stage,Week 1,Bilibili Gaming,TYLOO,83.33333333333333,83.33333333333333,2,2,46.666666666666664,1553.1772027854386,1414.577822123396,18.81188118811881,16.66666666666667,16.66666666666667,2,2,60.0,1496.2322798636596,1500.0,50.0,1.0114953301313983,1.1449890049063425,125.64922404765284,133.10713302865005,192.09740311030558,206.15856359212395,3.6553521309558463,3.562365251993735,0.1047016286746163,0.0949812737510659,0.9921830121031359,1.023052314178033,71.37337514452065,70.91063419969878,24.11904761904762,15.0,0,1,95.80067699272475,95.79243718571584,0.008239807008905586,46.45599810817202,45.17906336088154,1.2769347472904755,32.00336700336701,0.0,32.00336700336701,1
VCT 2026: China Stage 1,Group Stage,Week 1,Dragon Ranger Gaming,Nova Esports,100.0,100.0,3,3,40.0,1499.0999178037584,1470.0268923046199,0.0,0.0,0.0,3,3,26.666666666666668,1393.7500495770305,1500.0,50.0,1.006204813412684,0.8683453652256621,129.0145456144689,119.774329815742,195.8014401720284,185.13269871683184,3.889599084253816,2.3709548260477056,0.15173508092740828,0.24397278228385744,0.9766156775591558,0.880368760531616,71.85624423506776,66.86899852383598,26.291666666666664,15.0,0,1,95.95165284315416,96.08287048829361,-0.13121764513944356,53.628073451602866,33.57142857142857,20.056644880174296,11.351540616246497,0.0,11.351540616246497,0
VCT 2026: China Stage 1,Group Stage,Week 1,FunPlus Phoenix,All Gamers,16.66666666666667,16.66666666666667,2,2,33.33333333333333,1400.800176108891,1490.2471260536495,0.0,83.33333333333333,83.33333333333333,2,2,53.333333333333336,1492.6971845613728,1500.0,50.0,1.0431011641662342,1.0371360626556503,127.20149683946475,125.03995325941028,194.22637332166744,193.3300071225071,2.4175288763524057,3.114362326127032,0.20121495112136822,0.20214166998160213,0.9929878555787646,0.9571730914259196,69.72108224514642,71.07357147000812,15.0,15.0,0,1,96.80370426812551,95.1387962606119,1.664908007513617,39.26883573942397,46.62698412698412,-7.358148387560149,26.912303382891622,20.436507936507937,6.475795446383685,0
VCT 2026: China Stage 1,Group Stage,Week 1,TYLOO,Titan Esports Club,50.0,50.0,4,4,53.333333333333336,1483.5014988805513,1500.0,50.0,50.0,50.0,4,4,33.33333333333333,1434.9581980746434,1500.0,50.0,1.1418491565195161,1.0362379755145816,133.87584458025634,127.43893929505087,206.72515051397403,195.63653494911236,3.5557464322170205,3.3391366960639406,0.23169436329310278,0.20889736423134256,1.0257804413140548,0.9707084484473744,71.22473194405968,69.99116857944257,15.0,15.0,0,1,95.77919782745963,96.36499247638633,-0.5857946489267079,46.837944664031625,40.70707070707071,6.130873956960912,15.151515151515154,15.984848484848484,-0.8333333333333304,1
VCT 2026: China Stage 1,Group Stage,Week 1,Wolves Esports,EDward Gaming,50.0,50.0,0,0,46.666666666666664,1490.1310723863312,1524.110702905285,60.00000000000001,50.0,50.0,0,0,60.0,1611.131846664939,1525.8473730024853,18.269230769230766,0.9611549775015719,1.07468639241417,124.90812275652502,132.62993852552677,189.3532876686437,202.98943371443372,3.2716095259516313,3.603915387444799,0.10116332842178707,0.20281116951442582,0.9632809456103628,1.0167292691552146,68.967052532889,70.61965677634076,39.94897959183674,28.831746031746032,0,1,95.39865541216167,96.71518664331063,-1.3165312311489572,49.8034398034398,50.59123524876949,-0.7877954453296923,22.04545454545454,16.940836940836945,5.104617604617594,1
VCT 2026: China Stage 1,Group Stage,Week 1,Trace Esports,Xi Lai Gaming,33.333333333333336,33.333333333333336,1,1,40.0,1476.1095424018083,1460.7939589192893,17.75700934579439,66.66666666666666,66.66666666666666,1,1,46.666666666666664,1599.9114577012303,1460.0458016262623,17.75700934579439,0.9911815450344862,1.077175558254762,125.9016557098005,130.2069464893103,190.82974779033603,197.1462782285703,3.3655525302584124,3.871178651939301,0.10150929276139362,0.19114448896068353,0.9415671834450114,0.9908703179386859,69.09164412851388,71.08367288057414,45.916666666666664,28.473333333333336,0,1,95.03261428712266,94.69058623081476,0.3420280563078961,48.49134199134199,63.095238095238095,-14.603896103896105,31.143578643578646,26.09126984126985,5.052308802308797,1
VCT 2026: China Stage 1,Group Stage,Week 1,Bilibili Gaming,JDG Esports,83.33333333333333,83.33333333333333,2,2,53.333333333333336,1565.907983768547,1414.577822123396,18.81188118811881,16.66666666666667,16.66666666666667,2,2,40.0,1445.776538094811,1500.0,50.0,1.0345091261943136,1.0094552056223902,126.86727960320839,125.4790666908969,193.74740311030558,192.51432029729241,3.6229447235484384,3.145851973390673,0.17634977682276445,0.19962665190317608,1.0036413454364692,0.9639165744915031,71.47509083079517,70.2151074313345,24.11904761904762,15.0,0,1,95.32265629962191,96.78985694730221,-1.4672006476803006,46.1561597529977,51.45502645502644,-5.298866702028739,27.55892255892256,13.29365079365079,14.26527176527177,0
VCT 2026: China Stage 1,Group Stage,Week 2,FunPlus Phoenix,TYLOO,50.0,50.0,2,2,26.666666666666668,1387.7497847428356,1490.2471260536495,0.0,50.0,50.0,2,2,60.0,1498.658324478102,1500.0,50.0,1.0431011641662342,1.1418491565195161,127.20149683946475,133.87584458025634,194.22637332166744,206.72515051397403,2.4175288763524057,3.5557464322170205,0.20121495112136822,0.23169436329310278,0.9929878555787646,1.0257804413140548,69.72108224514642,71.22473194405968,15.0,15.0,0,1,96.80370426812551,95.77919782745963,1.0245064406658884,40.20087968297686,48.59006734006734,-8.389187657090481,26.912303382891622,17.003367003367003,9.908936379524619,0
VCT 2026: China Stage 1,Group Stage,Week 2,Titan Esports Club,Bilibili Gaming,33.33333333333334,33.33333333333334,1,1,26.666666666666668,1419.8013724770926,1500.0,50.0,66.66666666666666,66.66666666666666,1,1,46.666666666666664,1542.4539533152483,1414.577822123396,18.81188118811881,1.0362379755145816,1.0345091261943136,127.43893929505087,126.86727960320839,195.63653494911236,193.74740311030558,3.3391366960639406,3.6229447235484384,0.20889736423134256,0.17634977682276445,0.9707084484473744,1.0036413454364692,69.99116857944257,71.47509083079517,15.0,24.11904761904762,0,1,96.36499247638633,95.32265629962191,1.0423361767644224,39.76345083487941,46.86029667210719,-7.096845837227782,13.603896103896096,25.89225589225589,-12.288359788359793,0
VCT 2026: China Stage 1,Group Stage,Week 2,Xi Lai Gaming,Nova Esports,83.33333333333333,83.33333333333333,2,2,40.0,1579.5133951005032,1460.0458016262623,17.75700934579439,16.666666666666668,16.666666666666668,2,2,26.666666666666668,1416.5289862372938,1500.0,50.0,1.077175558254762,0.8683453652256621,130.2069464893103,119.774329815742,197.1462782285703,185.13269871683184,3.871178651939301,2.3709548260477056,0.19114448896068353,0.24397278228385744,0.9908703179386859,0.880368760531616,71.08367288057414,66.86899852383598,28.473333333333336,15.0,0,1,94.69058623081476,96.08287048829361,-1.392284257478849,62.9144385026738,32.04212454212454,30.872313960549256,31.596320346320343,17.301587301587304,14.29473304473304,0
VCT 2026: China Stage 1,Group Stage,Week 2,EDward Gaming,Trace Esports,60.0,60.0,5,5,53.333333333333336,1587.6386833899574,1525.8473730024853,18.269230769230766,40.0,40.0,5,5,40.0,1496.5076050025355,1460.7939589192893,17.75700934579439,1.07468639241417,0.9648131829586352,132.62993852552677,126.41918450363828,202.98943371443372,192.44971213971215,3.603915387444799,3.5352357881769647,0.20281116951442582,0.24793786418996502,1.0167292691552146,0.9480098636191073,70.61965677634076,68.87368194363992,28.831746031746032,45.916666666666664,0,1,96.71518664331063,94.9985431902292,1.7166434530814314,51.18872118872119,47.92826221397649,3.260458974744701,15.642135642135646,30.03246753246753,-14.390331890331883,1
VCT 2026: China Stage 1,Group Stage,Week 2,JDG Esports,All Gamers,66.66666666666666,66.66666666666666,1,1,46.666666666666664,1469.2305685481097,1500.0,50.0,33.333333333333336,33.333333333333336,1,1,60.0,1505.7475759274282,1500.0,50.0,1.0094552056223902,1.0371360626556503,125.4790666908969,125.03995325941028,192.51432029729241,193.3300071225071,3.145851973390673,3.114362326127032,0.19962665190317608,0.20214166998160213,0.9639165744915031,0.9571730914259196,70.2151074313345,71.07357147000812,15.0,15.0,0,1,96.78985694730221,95.1387962606119,1.6510606866903146,49.82142857142857,45.33333333333333,4.488095238095241,14.72222222222222,18.055555555555554,-3.333333333333334,0
VCT 2026: China Stage 1,Group Stage,Week 2,Dragon Ranger Gaming,Wolves Esports,33.333333333333336,33.333333333333336,1,1,40.0,1476.3209811434951,1470.0268923046199,0.0,66.66666666666666,66.66666666666666,1,1,53.333333333333336,1513.624235661313,1524.110702905285,60.00000000000001,1.006204813412684,0.9728104007819952,129.0145456144689,125.94100257511911,195.8014401720284,190.91942523478127,3.889599084253816,3.305471959814065,0.15173508092740828,0.17070131028119753,0.9766156775591558,0.9770677936829253,71.85624423506776,69.91308427892075,26.291666666666664,39.94897959183674,0,1,95.95165284315416,95.92593768875167,0.025715154402490725,55.08307087155647,48.695252116304744,6.387818755251729,15.380844645550528,22.04545454545454,-6.664609899904011,1
VCT 2026: China Stage 1,Group Stage,Week 2,Nova Esports,Trace Esports,33.333333333333336,33.333333333333336,1,1,26.666666666666668,1441.8285880207272,1500.0,50.0,66.66666666666666,66.66666666666666,1,1,40.0,1483.4209861167053,1460.7939589192893,17.75700934579439,0.872112827256282,0.9475821562524545,119.85619872749322,125.92989878935258,184.19617758031072,191.6113788063788,2.662846717939597,3.488569121510298,0.3352858612376801,0.3810450070471079,0.8851128052620894,0.938224149333393,66.93890462029304,68.43955495951295,15.0,45.916666666666664,0,1,96.16006461071319,95.41054939156564,0.749515219147554,31.164021164021165,46.02113572701808,-14.857114562996912,15.912698412698415,31.547619047619047,-15.634920634920633,0
VCT 2026: China Stage 1,Group Stage,Week 2,FunPlus Phoenix,Bilibili Gaming,16.66666666666667,16.66666666666667,2,2,20.0,1377.243573119462,1490.2471260536495,0.0,83.33333333333333,83.33333333333333,2,2,46.666666666666664,1554.0866147592747,1414.577822123396,18.81188118811881,1.0319519271060802,1.0246785780988632,128.88925089072148,126.63168018800371,193.70528003586827,193.2259118822354,2.635710694534224,3.612930103665398,0.3118965334774158,0.27209612185200427,0.9905166453916454,0.9967334506996272,69.83321428027311,71.43123118167236,15.0,24.11904761904762,0,1,96.79251084969144,95.46106557082732,1.3314452788641233,41.17769311761802,46.451286707041184,-5.2735935894231645,28.00162800162801,22.717652717652715,5.283975283975295,1
VCT 2026: China Stage 1,Group Stage,Week 2,All Gamers,TYLOO,33.333333333333336,33.333333333333336,1,1,66.66666666666666,1521.5045202689969,1500.0,50.0,66.66666666666666,66.66666666666666,1,1,60.0,1509.1645361014755,1500.0,50.0,1.0637302870898593,1.136277689798295,126.09693331639033,133.0729136517874,194.41813627730295,205.5869836193092,3.1960337411317803,3.593654928949047,0.27781776027307703,0.3230481243097046,0.9774864817393099,1.025283442514535,71.69487324515605,71.17168572557229,15.0,15.0,0,1,95.45828184227597,95.79352233059662,-0.33524048832065034,48.30959164292498,47.09090909090909,1.2186825520158848,17.756410256410255,15.151515151515154,2.6048951048951015,1
VCT 2026: China Stage 1,Group Stage,Week 2,EDward Gaming,Dragon Ranger Gaming,80.0,80.0,5,5,53.333333333333336,1600.7253022757875,1525.8473730024853,18.269230769230766,20.0,20.0,5,5,46.666666666666664,1493.1467233227543,1470.0268923046199,0.0,1.0769257980044242,1.002610581264066,132.49610807026775,129.08787894780224,202.91666204166205,195.84366239425063,3.623451406980819,4.012138766793498,0.3210751674212809,0.22790333489566225,1.0158030525147121,0.9783553600988384,71.05314434140728,71.80957756840111,27.22037037037037,26.291666666666664,0,1,96.73130455395477,95.95820564482855,0.7730989091262188,52.41422924901185,56.59228526575465,-4.178056016742794,16.36363636363637,15.576923076923077,0.7867132867132938,0
VCT 2026: China Stage 1,Group Stage,Week 2,JDG Esports,Titan Esports Club,100.0,100.0,4,4,40.0,1453.473624206541,1500.0,50.0,0.0,0.0,4,4,26.666666666666668,1408.1687110330663,1500.0,50.0,1.0057245697292159,1.0223768422030304,125.38495567370896,126.15605467966625,192.57976596273812,193.92536828244567,3.156108383647083,3.295470029397274,0.3099577310804091,0.29053967192365027,0.962145653105197,0.9725526792166052,69.8270218327226,69.57152572229971,15.0,15.0,0,1,96.79058503348462,96.3638080156279,0.42677701785672184,47.129629629629626,41.150918047469766,5.97871158215986,13.657407407407407,15.984848484848484,-2.327441077441078,1
VCT 2026: China Stage 1,Group Stage,Week 2,Xi Lai Gaming,Wolves Esports,100.0,100.0,4,4,40.0,1554.2137933170698,1460.0458016262623,17.75700934579439,0.0,0.0,4,4,46.666666666666664,1496.7984934820538,1524.110702905285,60.00000000000001,1.0768704062116954,0.9654776925249446,130.3731500566896,124.9921445810774,198.50723060952268,189.6904944171712,4.193400874161523,3.243969146176197,0.27891263414108247,0.3143259378879502,0.9928345189649956,0.9651222796282467,71.18761849805968,69.401492800224,28.473333333333336,39.94897959183674,0,1,94.68495648785131,96.2597725456051,-1.574816057753793,63.5543623043623,46.675324675324674,16.879037629037626,32.23124098124098,24.545454545454536,7.685786435786444,1
VCT 2026: China Stage 1,Group Stage,Week 3,TYLOO,JDG Esports,66.66666666666666,66.66666666666666,1,1,53.333333333333336,1494.5041726151214,1500.0,50.0,33.333333333333336,33.333333333333336,1,1,46.666666666666664,1468.7915389666919,1500.0,50.0,1.136277689798295,1.0057245697292159,133.0729136517874,125.38495567370896,205.5869836193092,192.57976596273812,3.593654928949047,3.156108383647083,0.3230481243097046,0.3099577310804091,1.025283442514535,0.962145653105197,71.17168572557229,69.8270218327226,15.0,15.0,0,1,95.79352233059662,96.79058503348462,-0.9970627028880017,47.1604938271605,48.597933797174775,-1.4374399700142746,18.333333333333336,11.819172113289762,6.514161220043574,1
VCT 2026: China Stage 1,Group Stage,Week 3,Trace Esports,Dragon Ranger Gaming,66.66666666666666,66.66666666666666,1,1,40.0,1498.9240528862197,1460.7939589192893,17.75700934579439,33.333333333333336,33.333333333333336,1,1,46.666666666666664,1512.908333810285,1470.0268923046199,0.0,0.9475821562524545,1.002610581264066,125.92989878935258,129.08787894780224,191.6113788063788,195.84366239425063,3.488569121510298,4.012138766793498,0.3810450070471079,0.22790333489566225,0.938224149333393,0.9783553600988384,68.43955495951295,71.80957756840111,45.916666666666664,26.291666666666664,0,1,95.41054939156564,95.95820564482855,-0.5476562532629146,48.11939268461007,55.9367538669158,-7.817361182305731,32.473544973544975,11.73976608187135,20.733778891673623,1
VCT 2026: China Stage 1,Group Stage,Week 3,All Gamers,Bilibili Gaming,50.0,50.0,2,2,73.33333333333333,1536.164883755351,1500.0,50.0,50.0,50.0,2,2,40.0,1531.7553534294068,1414.577822123396,18.81188118811881,1.0637302870898593,1.0246785780988632,126.09693331639033,126.63168018800371,194.41813627730295,193.2259118822354,3.1960337411317803,3.612930103665398,0.27781776027307703,0.27209612185200427,0.9774864817393099,0.9967334506996272,71.69487324515605,71.43123118167236,15.0,24.11904761904762,0,1,95.45828184227597,95.46106557082732,-0.0027837285513498955,49.08298597953771,47.037390713861306,2.045595265676404,20.137362637362628,22.717652717652715,-2.580290080290087,0
VCT 2026: China Stage 1,Group Stage,Week 3,Nova Esports,Wolves Esports,66.66666666666666,66.66666666666666,3,3,20.0,1426.3255212512129,1500.0,50.0,33.33333333333334,33.33333333333334,3,3,46.666666666666664,1484.0877435963334,1524.110702905285,60.00000000000001,0.872112827256282,0.9654776925249446,119.85619872749322,124.9921445810774,184.19617758031072,189.6904944171712,2.662846717939597,3.243969146176197,0.3352858612376801,0.3143259378879502,0.8851128052620894,0.9651222796282467,66.93890462029304,69.401492800224,15.0,39.94897959183674,0,1,96.16006461071319,96.2597725456051,-0.0997079348919101,29.388714733542322,45.67627494456762,-16.2875602110253,15.593434343434343,24.545454545454536,-8.952020202020194,1
VCT 2026: China Stage 1,Group Stage,Week 3,EDward Gaming,Xi Lai Gaming,50.0,50.0,4,4,46.666666666666664,1580.9636917882567,1525.8473730024853,18.269230769230766,50.0,50.0,4,4,46.666666666666664,1566.9245432027901,1460.0458016262623,17.75700934579439,1.0769257980044242,1.0768704062116954,132.49610807026775,130.3731500566896,202.91666204166205,198.50723060952268,3.623451406980819,4.193400874161523,0.3210751674212809,0.27891263414108247,1.0158030525147121,0.9928345189649956,71.05314434140728,71.18761849805968,27.22037037037037,28.473333333333336,0,1,96.73130455395477,94.68495648785131,2.0463480661034623,52.79649049702526,64.08643892339545,-11.289948426370188,14.427361853832444,32.69237405106969,-18.265012197237247,1
VCT 2026: China Stage 1,Group Stage,Seeding,All Gamers,Xi Lai Gaming,20.0,20.0,5,5,66.66666666666666,1520.7719810555795,1500.0,50.0,80.0,80.0,5,5,40.0,1552.3384094830087,1460.0458016262623,17.75700934579439,1.0791590854276585,1.0847479606355914,127.28707138345148,130.79166857520812,196.03437559354225,198.843526905819,3.284238869336909,4.1000675408281895,0.37074675435591725,0.355868189696638,0.9902399334158384,0.9979752597057363,72.52248665738485,71.14465553509672,15.0,28.473333333333336,0,1,95.74003951408386,94.64112014527997,1.098919368803891,50.523809523809526,64.14902998236332,-13.625220458553791,18.214285714285705,33.47222222222222,-15.257936507936517,0
VCT 2026: China Stage 1,Group Stage,Seeding,JDG Esports,EDward Gaming,16.66666666666667,16.66666666666667,2,2,46.666666666666664,1452.491687777522,1500.0,50.0,83.33333333333333,83.33333333333333,2,2,53.333333333333336,1595.549825508038,1525.8473730024853,18.269230769230766,1.0219484781253463,1.0615732731458907,126.97042575917905,131.94750863049182,194.89013633310847,202.02189079983197,3.2361083836470836,3.476261864497159,0.35981243193511,0.4559799293260428,0.9823251402846842,1.006908094531519,71.20309020879097,70.77947487362016,15.0,25.944444444444446,0,1,96.40501949283868,97.00110277839804,-0.5960832855593594,50.0,52.142495185973445,-2.142495185973445,10.185185185185187,11.573122529644264,-1.3879373444590772,0
VCT 2026: China Stage 1,Group Stage,Seeding,TYLOO,Dragon Ranger Gaming,33.33333333333334,33.33333333333334,3,3,60.0,1510.8040238042913,1500.0,50.0,66.66666666666666,66.66666666666666,3,3,40.0,1497.0968640419271,1470.0268923046199,0.0,1.1488401428945008,1.0081668137570632,134.0141113429851,129.81395737917475,206.64422267654828,197.17150553150552,3.5374259727200905,3.7411583746366355,0.4316880954496757,0.3076445113662505,1.0360698783009707,0.9891374113808896,71.60170015558671,71.7138912938913,15.0,26.291666666666664,0,1,96.42313477368228,95.86807577527439,0.5550589984078869,45.659340659340664,55.63797313797314,-9.978632478632477,19.615384615384613,14.642857142857146,4.972527472527467,1
VCT 2026: Pacific Stage 1,Group Stage,Week 1,Gen.G,Global Esports,66.66666666666666,66.66666666666666,3,3,46.666666666666664,1532.0894212902645,1511.0888324583925,60.57692307692308,33.33333333333334,33.33333333333334,3,3,33.33333333333333,1452.0171830203278,1500.0,50.0,1.1397238872238873,1.0083662522662522,129.81866577866577,128.1928800828801,199.17312317312317,194.78301217301217,4.027255337255337,3.461041181041181,0.09367691567691569,0.10925089355089355,1.0228025493025492,0.9631296555296557,72.53158027158027,70.76210826210827,38.99862914862915,28.910634920634923,0,1,94.7804577867044,95.89504051844197,-1.1145827317375705,59.53562884483937,41.80555555555556,17.730073289283816,21.795112781954895,0.0,21.795112781954895,0
VCT 2026: Pacific Stage 1,Group Stage,Week 1,T1,VARREL,50.0,50.0,0,0,73.33333333333333,1636.1642118405427,1539.1532746101648,58.87850467289719,50.0,50.0,0,0,0.0,1456.1880048502003,1500.0,50.0,1.1461171065862243,0.842638888888889,132.28527556321674,118.40202991452992,205.2054600301659,179.16549145299146,4.040601283248342,3.9285256410256415,0.09154399674399676,0.09536645299145298,1.0446370322487968,0.8655395299145298,73.41273396538102,65.91784188034188,34.66075091575092,29.198148148148146,0,1,95.78190271705392,96.25690842428126,-0.47500570722733926,54.63711429813125,33.33333333333333,21.303780964797923,14.050832208726948,0.0,14.050832208726948,0
VCT 2026: Pacific Stage 1,Group Stage,Week 1,Nongshim RedForce,Paper Rex,50.0,50.0,0,0,66.66666666666666,1576.2551346353741,1500.0,50.0,50.0,50.0,0,0,73.33333333333333,1689.581011667236,1623.069294003536,58.16326530612243,1.0765027639027638,1.102702475984055,124.59691789691789,132.83567773357248,193.97067155067154,202.067895730001,3.811338291338292,3.9168247152457676,0.09323751063751065,0.09620048528469581,1.0278364302364302,1.0256682712998502,71.65875827875828,71.74541079777921,34.91007936507936,33.13059884559885,0,1,95.91016672933692,96.22365017822548,-0.3134834488885616,61.59281894576011,58.00503302925449,3.5877859165056165,0.0,20.71301247771836,-20.71301247771836,0
VCT 2026: Pacific Stage 1,Group Stage,Week 1,FULL SENSE,DetonatioN FocusMe,33.33333333333334,33.33333333333334,1,1,28.57142857142857,1459.9420704614145,1464.9215745591885,0.0,66.66666666666666,66.66666666666666,1,1,46.666666666666664,1472.5419371472829,1500.0,50.0,0.9722722119150691,0.9723649506811272,125.39586603872318,127.58382771368065,187.62753516324943,195.61255896608836,2.91184212612784,3.140439582204288,0.10625101089386804,0.10960317721494194,0.9208688137259566,0.9501924526998057,71.6056721056721,68.7343113204878,32.10735930735931,33.16672771672772,0,1,95.02070406664512,95.8058549998442,-0.7851509331990769,29.166666666666664,35.81504702194358,-6.648380355276913,0.0,22.853535353535353,-22.853535353535353,0
VCT 2026: Pacific Stage 1,Group Stage,Week 1,Team Secret,Kiwoom DRX,50.0,50.0,0,0,13.333333333333334,1367.674683606586,1503.4468002875042,51.76470588235295,50.0,50.0,0,0,50.0,1500.0,1500.0,50.0,0.8806863820109984,1.0,123.1999664146595,130.0,186.15603922245228,200.0,2.832468951906292,5.0,0.11015734206354412,0.25,0.8953695709424611,1.0,67.34642397055441,70.0,31.696043586043587,15.0,0,1,96.29744268128164,100.0,-3.7025573187183625,37.3015873015873,50.0,-12.698412698412703,23.148148148148145,0.0,23.148148148148145,1
VCT 2026: Pacific Stage 1,Group Stage,Week 1,Rex Regum Qeon,ZETA DIVISION,66.66666666666666,66.66666666666666,1,1,40.0,1522.773542014847,1454.1997038428533,18.269230769230766,33.33333333333334,33.33333333333334,1,1,33.33333333333333,1404.4602164619084,1455.3201260619624,17.75700934579439,1.0086675564087328,0.921376448116154,125.58969553322495,122.01117468043938,191.25965076318016,187.5866089629325,3.5727966586790116,3.486761354114295,0.10539810777457835,0.10844654425095603,0.9672796898091016,0.8956542091350915,69.85470381470381,67.00343491475844,34.29431938431938,26.305341880341878,0,1,95.6695436304799,94.83044107613026,0.8391025543496369,48.966861598440545,37.47580332946187,11.491058268978676,25.964912280701757,30.423280423280417,-4.45836814257866,1
VCT 2026: Pacific Stage 1,Group Stage,Week 2,DetonatioN FocusMe,T1,16.666666666666668,16.666666666666668,2,2,53.333333333333336,1489.5039469776805,1500.0,50.0,83.33333333333333,83.33333333333333,2,2,66.66666666666666,1610.1837058672916,1539.1532746101648,58.87850467289719,0.9856400576142448,1.1393947812924703,128.67574690559985,131.81860889655007,197.57983169336111,204.96736479207067,3.2216517034164096,4.007267949915009,0.20099307620484091,0.1554011396011396,0.9579015436088966,1.042637032248797,68.9492608154373,73.0984482510953,34.30958485958486,33.86075091575091,0,1,96.15808540492259,95.9142116860493,0.24387371887328868,35.81504702194358,55.314215024741344,-19.499168002797767,22.853535353535353,14.050832208726948,8.802703144808405,0
VCT 2026: Pacific Stage 1,Group Stage,Week 2,Nongshim RedForce,Kiwoom DRX,50.0,50.0,0,0,66.66666666666666,1565.844387954428,1500.0,50.0,50.0,50.0,0,0,0.0,1476.0031639811766,1500.0,50.0,1.073894135998452,1.1703235510046655,124.49555037555038,136.43333333333334,194.0804151404151,210.13333333333333,3.7993724793724795,3.066666666666667,0.22936742516742517,1.5826666666666669,1.0262671994671995,1.1280000000000001,71.6426899026899,76.53333333333333,33.946443001443,38.0,0,1,95.84635575924509,100.0,-4.153644240754915,58.67724867724867,50.0,8.67724867724867,0.0,0.0,0.0,1
VCT 2026: Pacific Stage 1,Group Stage,Week 2,Team Secret,Global Esports,50.0,50.0,2,2,20.0,1391.6715196254095,1503.4468002875042,51.76470588235295,50.0,50.0,2,2,33.33333333333333,1473.603070932527,1500.0,50.0,0.889069251924775,1.0432509836379402,122.20509461978772,129.2831364931365,185.30675147316452,197.23053354053354,2.8655173849547255,3.435058275058275,0.17185249875870082,0.18894149184149184,0.894466437039327,0.9850305102305104,67.99029861442905,71.5320227920228,32.91826580826581,28.505079365079368,0,1,96.29926172995724,95.3650330548262,0.9342286751310382,37.3015873015873,43.769696969696966,-6.468109668109669,23.148148148148145,0.0,23.148148148148145,1
VCT 2026: Pacific Stage 1,Group Stage,Week 2,Rex Regum Qeon,VARREL,50.0,50.0,0,0,46.666666666666664,1532.9886524130366,1454.1997038428533,18.269230769230766,50.0,50.0,0,0,25.0,1482.1685108234515,1500.0,50.0,1.0305332911988374,0.820035308395022,126.66985426338367,116.50985576923077,192.50912166265107,177.08245192307692,3.536024171906525,3.6130608974358975,0.1968425522190228,0.43477483974358977,0.9817743988038106,0.8481546474358973,70.18750804750805,64.20504807692308,35.094319384319384,27.481944444444444,0,1,95.30970707679133,96.59136957587988,-1.2816624990885543,49.28571428571429,29.166666666666664,20.119047619047628,23.33333333333333,0.0,23.33333333333333,0
VCT 2026: Pacific Stage 1,Group Stage,Week 2,FULL SENSE,ZETA DIVISION,66.66666666666666,66.66666666666666,1,1,25.0,1442.9800606310168,1464.9215745591885,0.0,33.33333333333334,33.33333333333334,1,1,33.33333333333333,1394.2451060637188,1455.3201260619624,17.75700934579439,1.010604872045612,0.9209869487266545,127.62522893772893,121.00918037844508,191.3231317293817,185.3974351737587,2.898823398823399,3.4548525222054636,0.2181138653013653,0.19735252715693893,0.9534525197025198,0.8926599071407895,72.67419386169387,67.23591354723708,33.453314393939394,27.132008547008546,0,1,94.45038073882614,94.80609575645352,-0.3557150176273751,29.166666666666664,37.96582198770981,-8.799155321043145,0.0,31.87986305633365,-31.87986305633365,1
VCT 2026: Pacific Stage 1,Group Stage,Week 2,Gen.G,Paper Rex,83.33333333333333,83.33333333333333,2,2,46.666666666666664,1510.5035333780652,1511.0888324583925,60.57692307692308,16.66666666666667,16.66666666666667,2,2,73.33333333333333,1699.9917583481822,1623.069294003536,58.16326530612243,1.0913457638726158,1.0933278526565755,127.43496207496209,132.28476864266338,195.51386391386393,200.9541583562636,3.9991071891071894,3.9972287556498083,0.14135098975098975,0.17960452568873622,0.9896914381914381,1.0221672611988402,71.82343212343213,71.55025928262769,37.54862914862915,30.80004329004329,0,1,94.2769826168029,96.3249565105414,-2.047973893738501,58.61447142728176,58.711348795550876,-0.0968773682691193,24.473684210526326,19.65293327362293,4.820750936903394,1
VCT 2026: Pacific Stage 1,Group Stage,Week 3,FULL SENSE,VARREL,50.0,50.0,0,0,33.33333333333333,1458.127365463666,1464.9215745591885,0.0,50.0,50.0,0,0,40.0,1502.3246958683026,1500.0,50.0,1.0154898723260857,0.8883779025450336,127.31838531838532,121.21899572649572,190.8175312341979,184.8326282051282,2.8848127181460517,3.6682264957264956,0.3194345469345469,0.7133754273504274,0.9607961791295124,0.8957459401709402,72.80130363463697,64.6973717948718,35.20850168350168,26.552222222222223,0,1,94.71750523172892,95.48412005240029,-0.7666148206713643,34.92063492063492,26.666666666666668,8.25396825396825,0.0,0.0,0.0,0
VCT 2026: Pacific Stage 1,Group Stage,Week 3,Team Secret,Paper Rex,50.0,50.0,0,0,26.666666666666668,1413.3466547408404,1503.4468002875042,51.76470588235295,50.0,50.0,0,0,66.66666666666666,1677.23647884963,1623.069294003536,58.16326530612243,0.8778558702546196,1.0901001852847776,121.25774613493923,132.51365753155227,183.10940298831605,201.1141583562636,2.769305263742604,4.006117644538697,0.24159113512233715,0.2468711923554029,0.8892884067362968,1.017233927865507,67.76908649321693,71.62581483818326,32.77011766011766,30.890086580086578,0,1,96.3378781075137,96.40806161092931,-0.0701835034156062,35.2962962962963,57.60013932427726,-22.30384302798096,23.05555555555555,17.972582972582973,5.082972582972577,1
VCT 2026: Pacific Stage 1,Group Stage,Week 3,Kiwoom DRX,Global Esports,50.0,50.0,0,0,0.0,1464.6483150275299,1500.0,50.0,50.0,50.0,0,0,33.33333333333333,1451.927935817096,1500.0,50.0,1.1325654486745136,1.049173155955557,133.23137254901962,129.32416213416212,205.5078431372549,197.43856772856773,3.6803921568627453,3.4242890442890443,1.7866274509803923,0.2731346542346543,1.082235294117647,0.9872920486920488,76.09019607843138,71.6362962962963,33.5,28.863174603174603,0,1,98.39823529411764,95.30635024550037,3.0918850486172715,66.66666666666666,47.03703703703703,19.629629629629626,0.0,0.0,0.0,1
VCT 2026: Pacific Stage 1,Group Stage,Week 3,ZETA DIVISION,DetonatioN FocusMe,33.33333333333334,33.33333333333334,1,1,33.33333333333333,1379.0978012310698,1455.3201260619624,17.75700934579439,66.66666666666666,66.66666666666666,1,1,53.333333333333336,1477.7826673593825,1500.0,50.0,0.9312218220908384,0.9794508975139392,121.518271287536,127.9150061648591,186.1944048707284,197.0272391007685,3.424549491902433,3.199429481194187,0.2780494968539086,0.29492640953817423,0.9030538465347289,0.9501830250903781,67.88439839572192,69.06333488951137,27.248675213675213,35.38498168498169,0,1,95.02671486074111,96.05091595213003,-1.0242010913889175,37.23665223665224,34.72222222222222,2.514430014430019,30.8994708994709,23.61111111111111,7.288359788359788,1
VCT 2026: Pacific Stage 1,Group Stage,Week 3,Rex Regum Qeon,T1,50.0,50.0,4,4,40.0,1512.8324673681855,1454.1997038428533,18.269230769230766,50.0,50.0,4,4,66.66666666666666,1621.9049854855896,1539.1532746101648,58.87850467289719,1.0112793955634294,1.136014635468399,125.64667966020906,132.1799764179176,190.64753436106378,205.1998434245493,3.553167029049382,3.9364987191457783,0.2953790601555307,0.23540284900284902,0.9712093194387312,1.041390878402643,69.85925407925407,72.93776449041155,34.139557479557475,32.97186202686203,0,1,95.46573212838871,95.95349626090677,-0.48776413251806616,49.924812030075195,55.96048759983185,-6.0356755697566555,25.7142857142857,12.735042735042734,12.979242979242967,1
VCT 2026: Pacific Stage 1,Group Stage,Week 3,Nongshim RedForce,Gen.G,66.66666666666666,66.66666666666666,1,1,66.66666666666666,1577.1992369080747,1500.0,50.0,33.333333333333336,33.333333333333336,1,1,46.666666666666664,1533.2588128766174,1511.0888324583925,60.57692307692308,1.077520508981561,1.1035218459291027,125.23401191401192,128.34585532114946,194.96503052503053,196.9866307983955,3.8275776075776076,3.9130505442270147,0.32385460465460464,0.2553575256987022,1.0312671994671996,0.9977589763177998,72.01192067192068,72.42234279881339,32.248030303030305,38.76529581529582,0,1,95.95048355490073,94.3394840084021,1.6109995464986326,56.203007518797,59.96840058337385,-3.7653930645768483,0.0,25.85784313725491,-25.85784313725491,0
VCT 2026: Pacific Stage 1,Group Stage,Week 4,Rex Regum Qeon,FULL SENSE,50.0,50.0,0,0,40.0,1535.7831054001201,1454.1997038428533,18.269230769230766,50.0,50.0,0,0,30.0,1442.754264707325,1464.9215745591885,0.0,0.9978372080930977,1.0335325811485945,124.11993973346915,129.3365467865468,188.51749773102713,193.34244477744477,3.3615919374742904,2.862998112998113,0.37973437151084205,0.4529577589077589,0.9606159128453247,0.9770498945498947,69.42445554445554,72.9545066045066,33.157335257335255,36.89534382284383,0,1,95.41995012807823,94.7059565193145,0.7139936087637295,49.924812030075195,40.995670995671,8.929141034404196,25.7142857142857,0.0,25.7142857142857,0
VCT 2026: Pacific Stage 1,Group Stage,Week 4,Paper Rex,Global Esports,83.33333333333333,83.33333333333333,2,2,60.0,1648.358336261049,1623.069294003536,58.16326530612243,16.666666666666668,16.666666666666668,2,2,33.33333333333333,1434.9720226755082,1500.0,50.0,1.114240869516371,1.0536451053990434,133.88066089855565,128.56378917378916,203.35085869296395,196.8050012950013,3.9155452539663065,3.501212121212121,0.3361944246786352,0.35394351204351204,1.0251228167543958,0.992581092981093,72.24938386175228,71.77615643615644,32.714329004329,29.874285714285712,0,1,96.25099756990187,95.43007749714396,0.8209200727579145,58.33329493294011,45.75396825396825,12.57932667897186,13.0853649274702,0.0,13.0853649274702,0
VCT 2026: Pacific Stage 1,Group Stage,Week 4,Gen.G,Kiwoom DRX,50.0,50.0,0,0,53.333333333333336,1553.0729051989877,1511.0888324583925,60.57692307692308,50.0,50.0,0,0,33.33333333333333,1481.6042281691177,1500.0,50.0,1.0721906849372305,1.1613502425062858,127.0661727814669,135.75681246857718,194.6555196872844,206.36420311714429,3.611780702957174,3.1971845148315734,0.3421289542701308,1.6562131724484666,0.9806891350479585,1.0814901960784313,71.90837454484513,76.18833584715937,39.573206555349415,39.18518518518518,0,1,94.17011772936321,98.69164468975767,-4.5215269603944535,59.37372676343264,72.22222222222221,-12.848495458789571,21.41339869281046,0.0,21.41339869281046,0
VCT 2026: Pacific Stage 1,Group Stage,Week 4,DetonatioN FocusMe,VARREL,50.0,50.0,0,0,46.666666666666664,1458.3777683304465,1500.0,50.0,50.0,50.0,0,0,50.0,1517.6977966246434,1500.0,50.0,1.0193743290921093,0.9025145081466337,129.00278394263688,122.81711182336183,199.22205391558333,186.0848824786325,3.3597998515645577,3.6209579772079774,0.35640048361224835,0.7999923433048433,0.9701719139792668,0.9055575142450142,69.97740896358545,64.83755341880341,35.57681841967556,26.085185185185185,0,1,95.64363241884239,95.80667851947445,-0.1630461006320587,36.41439205955335,25.238095238095237,11.176296821458113,20.405982905982906,0.0,20.405982905982906,0
VCT 2026: Pacific Stage 1,Group Stage,Week 4,T1,ZETA DIVISION,83.33333333333333,83.33333333333333,2,2,66.66666666666666,1598.954347453655,1539.1532746101648,58.87850467289719,16.66666666666667,16.66666666666667,2,2,33.33333333333333,1398.5027002600057,1455.3201260619624,17.75700934579439,1.1591516126887096,0.9204219318771584,132.32442086236205,121.01350938277409,205.81095453566044,185.37297629929984,3.873535756182815,3.2682002855532266,0.3022176638176638,0.4013272746316864,1.0555760635878282,0.8952998782807607,73.45257930522637,68.04154125286477,32.55704721204721,28.6338603988604,0,1,95.92442398730093,94.89818562425683,1.0262383630441008,55.96048759983185,36.65608465608465,19.3044029437472,12.735042735042734,29.04761904761905,-16.31257631257632,1
VCT 2026: Pacific Stage 1,Group Stage,Week 4,Nongshim RedForce,Team Secret,100.0,100.0,3,3,60.0,1557.3851445857044,1500.0,50.0,0.0,0.0,3,3,33.33333333333333,1442.2247973294213,1503.4468002875042,51.76470588235295,1.106508036561194,0.8797347356219792,125.54613312613313,121.31357946827256,195.47109113109113,183.29995854387158,3.794244274244274,2.7398608192981593,0.3947030895030895,0.36743557956678163,1.0409944721944724,0.8900467400696301,72.57555703555704,67.79353093766137,31.83969696969697,35.43678432678433,0,1,95.51993507795798,96.34380731151916,-0.8238722335611754,56.89865689865689,33.541666666666664,23.356990231990224,13.095238095238093,26.66666666666666,-13.571428571428568,1
VCT 2026: Pacific Stage 1,Group Stage,Week 5,Gen.G,Team Secret,66.66666666666666,66.66666666666666,1,1,46.666666666666664,1534.7895806605122,1511.0888324583925,60.57692307692308,33.33333333333334,33.33333333333334,1,1,33.33333333333333,1431.886218751729,1503.4468002875042,51.76470588235295,1.0603096399980094,0.8737853325471435,127.01162732692144,121.11830169049479,194.44339847516318,182.38620854387156,3.663295854472325,2.703055263742604,0.4944925906337671,0.42990641290011494,0.9755982259570495,0.8914703511807412,72.04776848423907,68.50908649321693,38.67779839208411,35.17752506752507,0,1,94.202339282915,96.30903314696063,-2.1066938640456243,59.11392247599143,32.72727272727272,26.38664974871871,20.800264550264547,28.33333333333333,-7.5330687830687815,0
VCT 2026: Pacific Stage 1,Group Stage,Week 5,VARREL,ZETA DIVISION,50.0,50.0,0,0,57.14285714285714,1530.3275247462764,1500.0,50.0,50.0,50.0,0,0,33.33333333333333,1390.0624853761717,1455.3201260619624,17.75700934579439,0.9227329450193319,0.9030712578439727,122.67517147884794,119.90695667622138,186.08956313294547,183.9396429659665,3.691913560295913,3.1049524223053635,0.9271362942612943,0.486959753264165,0.9119484575881635,0.8868582828391652,65.98681049342814,67.89624210756564,27.088888888888885,28.380527065527065,0,1,96.07926570102029,95.0075686872256,1.0716970137946902,29.629629629629626,35.325135857050746,-5.69550622742112,0.0,27.9491341991342,-27.9491341991342,0
VCT 2026: Pacific Stage 1,Group Stage,Week 5,T1,FULL SENSE,50.0,50.0,0,0,66.66666666666666,1607.3945623374889,1539.1532746101648,58.87850467289719,50.0,50.0,0,0,36.36363636363637,1461.9296409549577,1464.9215745591885,0.0,1.1552068334889898,1.0194343950428697,132.64097097891215,128.17242889686074,206.03170045640633,192.29426797949526,3.7015077841548427,2.9067028299982844,0.3754694120694121,0.5727740990070536,1.055210096221861,0.9666646768635405,73.57612242876948,72.40182418591509,34.05704721204721,34.904858020767115,0,1,95.93479579189768,94.8231097318745,1.1116860600231888,57.2149543578115,38.69047619047619,18.52447816733531,11.544566544566548,0.0,11.544566544566548,1
VCT 2026: Pacific Stage 1,Group Stage,Week 5,Nongshim RedForce,Global Esports,66.66666666666666,66.66666666666666,1,1,60.0,1567.7237231633967,1500.0,50.0,33.333333333333336,33.333333333333336,1,1,40.0,1462.2002687697736,1500.0,50.0,1.0997693796559989,1.0571288650539261,125.40622927997927,129.36075887075887,195.10859113109112,198.55651644651644,3.6799814537314535,3.5072727272727273,0.4725716792466793,0.4287616938616939,1.034715626040626,0.9914295778295779,72.44094165094165,71.80645946645947,31.75080808080808,29.45206349206349,0,1,95.61952252083347,95.36219518994349,0.2573273308899786,57.726190476190474,44.48570586501621,13.240484611174267,14.761904761904754,0.0,14.761904761904754,0
VCT 2026: Pacific Stage 1,Group Stage,Week 5,Paper Rex,Kiwoom DRX,50.0,50.0,0,0,53.333333333333336,1621.1300901667837,1623.069294003536,58.16326530612243,50.0,50.0,0,0,50.0,1499.8875527075932,1500.0,50.0,1.1164150405679696,1.157446575780289,134.00373782163257,136.44260935143288,203.53803818014345,205.35648567119154,3.907852946273999,3.39788838612368,0.3945277580119686,1.6160140460030168,1.02748179111337,1.0752843137254902,72.68528129764971,74.5579185520362,32.613376623376624,34.03888888888889,0,1,96.14701331708788,98.80610704023952,-2.659093723151642,58.74362674362674,65.99999999999999,-7.256373256373244,11.9011544011544,0.0,11.9011544011544,0
VCT 2026: Pacific Stage 1,Group Stage,Week 5,Rex Regum Qeon,DetonatioN FocusMe,83.33333333333333,83.33333333333333,2,2,33.33333333333333,1516.6077291524875,1454.1997038428533,18.269230769230766,16.666666666666668,16.666666666666668,2,2,46.666666666666664,1445.7480402088136,1500.0,50.0,1.0133577865309555,1.016172314902824,124.45962227315168,128.78513688381335,189.3715651913446,199.0651911704853,3.2775641596965124,3.28921161627044,0.4540200857965564,0.47030244439656205,0.9721238493532611,0.9734464237831885,69.70977300477301,70.2597619047619,31.78802308802309,35.332312925170065,0,1,95.02932977391933,95.6017622353313,-0.5724324614119638,50.72249589490969,37.106782106782106,13.615713788127586,26.349206349206344,19.32539682539683,7.023809523809515,0
VCT 2026: EMEA Stage 1,Group Stage,Week 1,FNATIC,Eternal Fire,50.0,50.0,0,0,60.0,1641.7105923976842,1607.6916052978104,59.4059405940594,50.0,50.0,0,0,50.0,1500.0,1500.0,50.0,1.082888455988456,1.0,129.54722666222668,130.0,196.0907276057276,200.0,4.512324157324158,5.0,0.09725543438043438,0.25,1.0221047794797795,1.0,69.75775872275872,70.0,30.180024737167596,15.0,0,1,95.51473515609659,100.0,-4.485264843903408,51.48674854557207,50.0,1.4867485455720697,34.47712418300654,0.0,34.47712418300654,1
VCT 2026: EMEA Stage 1,Group Stage,Week 1,Team Vitality,GIANTX,66.66666666666667,66.66666666666667,3,3,46.666666666666664,1508.6564430388828,1487.5405043694525,39.42307692307692,33.33333333333333,33.33333333333333,3,3,46.666666666666664,1500.2445399841158,1491.0743044917538,40.59405940594059,1.2415838063896887,1.0137331672684615,132.24976377652848,125.37877401465636,200.43102971647087,190.31277922513218,3.2500563325563325,3.673471365236071,0.09836266092295505,0.09532297941709707,1.0229773374773374,0.9677506166491461,71.63525736246325,69.67563321754498,42.22161616161616,30.698256373256374,0,1,92.60488436715906,94.17210532354943,-1.567220956390372,51.517094017094024,49.77710233029382,1.7399916868002023,22.57834757834758,28.53174603174603,-5.953398453398453,1
VCT 2026: EMEA Stage 1,Group Stage,Week 1,Gentle Mates,FUT Esports,33.33333333333334,33.33333333333334,3,3,33.33333333333333,1474.075075378162,1500.0,50.0,66.66666666666666,66.66666666666666,3,3,33.33333333333333,1418.611964338629,1439.0126627366574,0.0,1.0076690464219875,0.931442770845712,126.60192208662798,122.700660526837,192.17352651705593,187.84559794780384,3.890107713637126,3.306719076130841,0.11202025686731569,0.11163135807547572,0.9633118210765269,0.9236515254353489,69.72582080229138,66.7003508691744,26.603544973544974,37.56676887926888,0,1,95.77548280816772,94.68214746686837,1.0933353412993512,48.214285714285715,36.51897122485358,11.695314489432135,32.14285714285715,13.189033189033195,18.953823953823957,0
VCT 2026: EMEA Stage 1,Group Stage,Week 1,Team Heretics,Natus Vincere,50.0,50.0,4,4,40.0,1577.8296893383683,1542.0961920129039,60.57692307692308,50.0,50.0,4,4,53.333333333333336,1511.2505000866634,1495.5668945620932,36.66666666666667,0.9762751862516569,1.0798655642517097,125.3766963755199,131.44991322489003,191.78013864131512,198.05162730945239,3.287593278181513,3.382483479712582,0.09131420692597163,0.10215026846218797,0.9528342276459923,0.9995816892630359,69.81073967426909,70.46254053795074,29.105396825396827,38.079365079365076,0,1,94.21428753787504,94.81625755425864,-0.6019700163836035,62.231359095954,48.805704099821746,13.425654996132252,21.5017825311943,26.212121212121207,-4.710338680926906,0
VCT 2026: EMEA Stage 1,Group Stage,Week 1,BBL Esports,PCIFIC Esports,66.66666666666666,66.66666666666666,1,1,66.66666666666666,1626.8886131964891,1500.0,50.0,33.33333333333334,33.33333333333334,1,1,0.0,1455.1620664163129,1500.0,50.0,1.0895728554211526,0.9326296296296297,132.29846922370143,124.9888888888889,202.09534750308742,190.97407407407408,3.7370712763901617,3.0296296296296297,0.10173965399352397,0.11181481481481483,1.016759441853869,0.9647407407407407,70.53865025010536,68.54444444444444,38.13200577200577,27.855555555555554,0,1,95.51236098019042,98.29384162340196,-2.7814806432115375,57.8944203944204,27.777777777777775,30.116642616642626,13.997113997113997,0.0,13.997113997113997,1
VCT 2026: EMEA Stage 1,Group Stage,Week 2,BBL Esports,Eternal Fire,50.0,50.0,0,0,73.33333333333333,1636.4348902313611,1500.0,50.0,50.0,50.0,0,0,0.0,1490.6773478203454,1500.0,50.0,1.098266848198667,0.8390199992122459,131.70131822655043,114.91666666666667,201.12298283072278,173.63888888888889,3.74533338465227,3.361111111111111,0.1843635856174556,2.0880555555555556,1.019665424759852,0.856388888888889,70.53694084839596,63.22222222222222,39.187561327561326,20.25,0,1,95.5386823047072,100.0,-4.461317695292806,59.471405787195266,33.33333333333333,26.138072453861938,13.391053391053386,0.0,13.391053391053386,0
VCT 2026: EMEA Stage 1,Group Stage,Week 2,FNATIC,Team Vitality,83.33333333333333,83.33333333333333,2,2,66.66666666666666,1651.0332445773388,1607.6916052978104,59.4059405940594,16.66666666666667,16.66666666666667,2,2,46.666666666666664,1525.830405585511,1487.5405043694525,39.42307692307692,1.1131527194496884,1.21835695991183,129.50097666222666,130.60617403293875,196.53406093906094,197.41820920365038,4.4110741573241565,3.180825563325563,0.20826376771376773,0.16490112246141658,1.0306256128131128,1.0137465682465683,69.98859205609206,70.9839753111812,31.168231768231767,42.96606060606061,0,1,95.49142836603654,92.97913227242047,2.5122960936160723,52.19522591645354,52.45838172667441,-0.26315581022087287,32.17156862745099,20.105820105820104,12.065748521630884,1
VCT 2026: EMEA Stage 1,Group Stage,Week 2,Team Liquid,Team Heretics,66.66666666666667,66.66666666666667,3,3,53.333333333333336,1632.9354296873803,1462.4967623022026,36.53846153846153,33.33333333333333,33.33333333333333,3,3,40.0,1559.752047107715,1542.0961920129039,60.57692307692308,1.0100983947425124,0.9730106670840316,127.25207989178577,124.25447415329768,192.69048421077832,189.91717567835215,3.416451914098973,3.287593278181513,0.10402245564892623,0.17153642914819386,0.9723727225933109,0.9483157091274739,71.27223934018052,69.79592485945427,31.173581973581975,30.463492063492065,0,1,96.54259146128626,94.18987151031581,2.352719950970453,62.19142135739255,61.19996258885146,0.9914587685410865,21.584957122714567,20.412457912457917,1.1724992102566496,0
VCT 2026: EMEA Stage 1,Group Stage,Week 2,Gentle Mates,Karmine Corp,33.333333333333336,33.333333333333336,1,1,26.666666666666668,1456.4690169187343,1500.0,50.0,66.66666666666666,66.66666666666666,1,1,40.0,1458.1454108954915,1500.0,50.0,0.9895395335105291,1.1297542356966506,125.98466718466719,130.07727312018335,190.90058534058534,197.95311442599368,3.8593887593887595,3.433278085290469,0.2093810411810412,0.10585700940499702,0.9567967883967884,1.0227221337772423,69.56320642320642,72.48459392688495,26.813068783068783,30.875348725348726,0,1,95.79089226843256,96.40819464454087,-0.617302376108313,46.72207792207792,39.40195606862273,7.320121853455191,30.324675324675322,28.841991341991346,1.4826839826839766,1
VCT 2026: EMEA Stage 1,Group Stage,Week 3,BBL Esports,GIANTX,33.33333333333333,33.33333333333333,3,3,66.66666666666666,1611.855974670666,1500.0,50.0,66.66666666666667,66.66666666666667,3,3,40.0,1483.0705774374876,1491.0743044917538,40.59405940594059,1.0674773883694242,0.9930328392533768,130.72242933766154,124.27266290354527,199.38742727516723,188.79194589179886,3.6660171453360304,3.5729158096805156,0.31238580783967784,0.19890909052820818,0.9942765358709631,0.9524200610935905,69.16531691677203,69.68646655087832,37.42089466089466,31.660161135161136,0,1,95.44744716901644,93.9680272515637,1.479419917452745,58.31279831279831,48.900335775335776,9.412462537462531,15.663780663780658,27.249694749694754,-11.585914085914096,0
VCT 2026: EMEA Stage 1,Group Stage,Week 3,Gentle Mates,Natus Vincere,66.66666666666666,66.66666666666666,1,1,33.33333333333333,1471.7423571054248,1500.0,50.0,33.33333333333334,33.33333333333334,1,1,53.333333333333336,1529.3281423173166,1495.5668945620932,36.66666666666667,1.0059810801003446,1.0876913110061974,126.14763014763015,131.83517638278474,191.28861952861953,198.7091711691015,3.833177933177933,3.308799269186266,0.31004770784770785,0.21510465442710025,0.970380833980834,1.007509174643153,70.12389018389018,70.64546451455894,28.272328042328045,38.522222222222226,0,1,95.57477394937641,94.77087335596366,0.8039005934127488,45.27472527472528,49.58812615955473,-4.313400884829456,28.809523809523807,20.259740259740255,8.549783549783552,1
VCT 2026: EMEA Stage 1,Group Stage,Week 3,Eternal Fire,Team Vitality,50.0,50.0,0,0,50.0,1515.2562633810405,1500.0,50.0,50.0,50.0,0,0,46.666666666666664,1514.3117952546604,1487.5405043694525,39.42307692307692,1.0971704255998822,1.2214621902910543,130.98611111111111,130.16714269390738,200.59722222222223,197.40994709538828,3.6805555555555554,3.138090520590521,1.5331944444444443,0.27696664952694366,1.020138888888889,1.0125870240870243,69.44444444444444,71.24266476987064,33.75,43.85939393939394,0,1,94.26875,92.94802702515193,1.320722974848067,44.44444444444444,50.71982281284607,-6.2753783684016256,0.0,15.07936507936508,-15.07936507936508,0
VCT 2026: EMEA Stage 1,Group Stage,Week 3,Karmine Corp,Team Heretics,33.333333333333336,33.333333333333336,1,1,40.0,1442.872070708801,1500.0,50.0,66.66666666666666,66.66666666666666,1,1,46.666666666666664,1581.0054158062528,1542.0961920129039,60.57692307692308,1.0952942351346748,0.9764986456087749,129.15173705780518,123.6670282658518,197.40243216478513,189.58860424978073,3.4556952392865705,3.262917953506189,0.2139252355258547,0.24502127763304235,1.0190242780267549,0.9577962286079933,72.81734246489664,70.26259152612094,29.742015392015393,29.324603174603173,0,1,96.38341211567234,94.50967232114854,1.8737397945238001,41.16934652648938,61.19996258885146,-20.030616062362085,30.693843193843197,20.412457912457917,10.28138528138528,1
VCT 2026: EMEA Stage 1,Group Stage,Week 3,PCIFIC Esports,FNATIC,50.0,50.0,0,0,0.0,1445.615789381441,1500.0,50.0,50.0,50.0,0,0,66.66666666666666,1662.5518549081894,1607.6916052978104,59.4059405940594,0.9395176935853845,1.0886043683538262,122.64551282051282,129.02918179043178,187.18247863247865,195.76739427239426,2.9741452991452992,4.3931254393754395,0.4423226495726496,0.28269966514966516,0.9642286324786324,1.0230615102490104,69.00448717948719,69.89628436378436,34.454166666666666,28.8019314019314,0,1,98.52209740132112,95.74913847117209,2.7729589301490307,22.000000000000004,52.878226559440975,-30.87822655944097,0.0,33.05252100840336,-33.05252100840336,1
VCT 2026: EMEA Stage 1,Group Stage,Week 4,GIANTX,FNATIC,50.0,50.0,2,2,46.666666666666664,1503.6602126079001,1491.0743044917538,40.59405940594059,50.0,50.0,2,2,60.0,1635.1983094361321,1607.6916052978104,59.4059405940594,0.9958119117466769,1.1078822668362929,123.93286492374727,128.62918179043177,187.69598629583925,195.49959124209124,3.445239042003748,4.334792106042106,0.30478383800295566,0.3421617863617864,0.9525877378612673,1.0292812072187074,69.87474937916114,70.27507224257224,32.43476430976431,30.951931401931404,0,1,93.96596497800563,95.71926356226274,-1.7532985842571094,49.6078431372549,53.53993044695131,-3.9320873096964064,29.72222222222223,33.69720965309201,-3.9749874308697812,1
VCT 2026: EMEA Stage 1,Group Stage,Week 4,Gentle Mates,Team Heretics,16.666666666666668,16.666666666666668,2,2,40.0,1492.2330506716926,1500.0,50.0,83.33333333333333,83.33333333333333,2,2,46.666666666666664,1560.0616978640985,1542.0961920129039,60.57692307692308,1.034358238889268,1.0188602231543646,127.36674436674437,125.93625903508256,193.6496917896918,192.97065553183202,3.8839937839937844,3.4167641073523427,0.3628169386169386,0.32096999558176026,0.9905113701113701,0.9909500747618395,71.17563843563843,71.59592485945427,28.534550264550266,29.72015873015873,0,1,95.73769393707958,95.31690939505025,0.4207845420293381,46.68430335097002,60.84397275656676,-14.159669405596738,24.642857142857146,20.001708817498297,4.641148325358849,0
VCT 2026: EMEA Stage 1,Group Stage,Week 4,BBL Esports,Team Vitality,83.33333333333333,83.33333333333333,2,2,66.66666666666666,1591.2663395002535,1500.0,50.0,16.66666666666667,16.66666666666667,2,2,53.333333333333336,1531.95963893784,1487.5405043694525,39.42307692307692,1.0692605073695127,1.2248391823641749,130.4293574422367,131.1796426939074,198.9499109352979,198.47964406508524,3.7096772760549848,3.1043783993783993,0.43537665751288046,0.3448227101330043,0.9953824182239043,1.0204809634809635,69.2717221455302,71.59077083047671,36.965339105339105,43.04225108225108,0,1,95.46746518802759,93.17071035240758,2.296754835620007,56.850821136535416,49.8001998001998,7.050621336335617,21.825396825396815,13.369963369963367,8.455433455433448,1
VCT 2026: EMEA Stage 1,Group Stage,Week 5,Team Heretics,FUT Esports,66.66666666666666,66.66666666666666,1,1,53.333333333333336,1574.2687077619723,1542.0961920129039,60.57692307692308,33.333333333333336,33.333333333333336,1,1,33.33333333333333,1436.2180227980566,1439.0126627366574,0.0,1.0273634784321295,0.9335125280819796,126.33403681286035,122.3833528345293,192.59139627257275,186.838226152932,3.3923196629078984,3.219539588951354,0.3610440696558344,0.19849674269086037,0.9965204451322098,0.9208662690250925,72.32777671130613,66.50932522814875,31.597936507936506,36.94176887926888,0,1,95.32657137036654,94.79726261304111,0.529308757325424,61.4570517202096,38.021026592455165,23.436025127754434,20.703463203463212,15.007215007215008,5.696248196248204,1
VCT 2026: EMEA Stage 1,Group Stage,Week 5,Team Vitality,PCIFIC Esports,50.0,50.0,0,0,46.666666666666664,1519.3293444083765,1487.5405043694525,39.42307692307692,50.0,50.0,0,0,20.0,1472.9693348534981,1500.0,50.0,1.2233291061864153,0.9043455106260787,130.7171426939074,118.80731934731935,197.22400681018328,180.7550738150738,3.0857509483980072,2.761134421134421,0.43450408268202384,0.6839490287490289,1.0129025321084144,0.9235647241647241,71.51430024224142,67.83995337995339,43.127965367965366,35.86333333333333,0,1,93.15573287218301,96.86156587996196,-3.705833007778949,49.03748733535968,21.428571428571427,27.60891590678825,13.095238095238093,0.0,13.095238095238093,1
VCT 2026: EMEA Stage 1,Group Stage,Week 5,BBL Esports,FNATIC,100.0,100.0,3,3,73.33333333333333,1603.896634029717,1500.0,50.0,0.0,0.0,3,3,53.333333333333336,1614.5036844141514,1607.6916052978104,59.4059405940594,1.0736994474115185,1.0946267813121537,130.34830481065777,127.9703676878677,198.76593432711078,194.94590534465533,3.6714316620198972,4.182228003478004,0.5341368914310091,0.4413701196951197,0.9998876813817991,1.0222507585007585,69.26868120985769,70.08725172975173,37.72533910533911,30.405777555777554,0,1,95.47407506663069,95.84644194120833,-0.3723668745776365,57.468950802284134,53.54473540643754,3.924215395846595,18.89221889221889,34.71153846153846,-15.819319569319571,0
VCT 2026: EMEA Stage 1,Group Stage,Week 5,Gentle Mates,Team Liquid,66.66666666666666,66.66666666666666,1,1,40.0,1478.0260407738187,1500.0,50.0,33.33333333333334,33.33333333333334,1,1,53.333333333333336,1611.6820609888425,1462.4967623022026,36.53846153846153,1.0460261080571374,1.0427514743446977,128.7000777000777,128.59236509677686,195.6769645169645,194.5354039968746,3.8173271173271175,3.3020134114251762,0.45742299922299917,0.16312049486461253,1.0014204610204611,0.9920465193847546,71.49685055685056,71.76100939365645,28.934550264550264,31.01973581973582,0,1,96.28785348799799,96.1540394589114,0.13381402908659368,45.255102040816325,62.19142135739255,-16.936319316576224,26.309523809523803,21.584957122714567,4.724566686809236,0
VCT 2026: Americas Stage 1,Group Stage,Week 1,Sentinels,KRÜ Esports,16.66666666666667,16.66666666666667,2,2,26.666666666666668,1524.114145068495,1502.7592313351352,21.782178217821784,83.33333333333333,83.33333333333333,2,2,40.0,1436.7989657647418,1425.7222083665558,21.153846153846153,1.0202216265216264,0.9748128247569423,125.89871017871018,124.10258509464391,192.53850556850557,189.17960570475276,3.221056721056721,3.108357214680744,0.10570971250971252,0.10787648985001927,0.9899103082103082,0.9611617526264585,71.83684537684537,69.95882199499847,32.753253968253965,32.17597402597403,0,1,95.88402485014441,95.39346598919707,0.49055886094734547,57.427201866028966,44.987468671679196,12.43973319434977,15.919024614676792,30.555555555555564,-14.636530940878773,1
VCT 2026: Americas Stage 1,Group Stage,Week 1,G2 Esports,MIBR,100.0,100.0,3,3,60.0,1694.9208598604653,1534.0352943845458,42.30769230769231,0.0,0.0,3,3,40.0,1527.9897993836405,1483.026492080194,43.56435643564357,1.0965487991855638,1.1377419723551303,131.90627711068888,126.42883216685848,202.7648633120692,193.37687951424792,3.984882829588712,3.7171582705793234,0.09406097051097051,0.09882875832744255,1.0530372401563577,1.0006187513753304,74.14320593894124,73.28342966974546,30.81748677248677,30.297539682539682,0,1,96.27354700497578,93.26299899300254,3.010548011973242,67.09122203098106,41.69642857142857,25.39479345955249,31.14285714285715,36.07142857142856,-4.928571428571413,1
VCT 2026: Americas Stage 1,Group Stage,Week 1,100 Thieves,Evil Geniuses,100.0,100.0,3,3,60.0,1563.2341006354097,1511.649084807243,36.53846153846153,0.0,0.0,3,3,46.666666666666664,1509.625417807763,1592.6952688862516,81.18811881188118,1.142658005883006,1.0311700336700338,129.5153823028823,129.4494204869205,199.681618011618,196.8668907018907,3.541030451030451,3.443324268324268,0.0960748334998335,0.1037931364931365,1.0365727836977838,0.979632103082103,74.04170718170718,70.18362406112405,37.167857142857144,33.753544973544976,0,1,94.40911839102485,94.85348614793307,-0.44436775690822117,50.541666666666664,52.323232323232304,-1.7815656565656397,24.027777777777782,0.0,24.027777777777782,1
VCT 2026: Americas Stage 1,Group Stage,Week 1,ENVY,LOUD,50.0,50.0,0,0,53.84615384615385,1514.9478606989655,1542.172592191286,80.0,50.0,50.0,0,0,6.666666666666667,1413.3352418566053,1614.1402338538935,61.22448979591836,1.0358957324726554,0.9690946761528806,131.9916984724677,127.68986306435222,197.57232767232765,193.3350985650057,3.6238718546410853,3.6577493232601594,0.10985333469948855,0.10330527635419277,0.9828413594952057,0.9500911089598396,68.82333222333222,68.8567987705449,18.33601953601954,28.262777777777778,0,1,95.05796154736207,97.56005520951109,-2.502093662149022,56.00000000000001,56.49995015948963,-0.4999501594896216,0.0,18.971291866028707,-18.971291866028707,1
VCT 2026: Americas Stage 1,Group Stage,Week 1,Cloud9,LEVIATÁN,100.0,100.0,4,4,53.333333333333336,1530.1181021438074,1501.6461131968745,50.0,0.0,0.0,4,4,40.0,1439.7775210205505,1481.5834498455567,61.6822429906542,1.0869400216341392,1.0590009355024061,127.86369288663406,125.82089522133639,197.97626277861573,191.83123009887717,3.401628349863644,3.364288766788767,0.10414842543077837,0.10461543968014557,1.0103115788351082,0.9759131886087768,73.6659055106114,71.03285205535207,39.13333333333333,35.95253968253969,0,1,94.38057498275157,93.68979113464114,0.6907838481104278,57.02149702149703,51.46534316747082,5.556153854026206,21.423761423761423,35.869963369963365,-14.446201946201942,1
VCT 2026: Americas Stage 1,Group Stage,Week 1,FURIA,NRG,33.333333333333336,33.333333333333336,1,1,26.666666666666668,1426.4397377149294,1441.4313873690974,0.0,66.66666666666666,66.66666666666666,1,1,80.0,1647.4090867597188,1592.1099477671398,100.0,0.8504075048102913,1.2267308540444763,117.29536368573521,130.61888329850404,177.97892877933901,200.11172590567327,2.8346433076154436,3.6081693160640524,0.11485874685456729,0.10254998150284528,0.8411430262748374,1.0640311443372588,66.39090616498511,73.95021486081858,28.62451814058957,36.21179138321995,0,1,94.64410419214714,94.81430433974951,-0.17020014760237245,37.12317985045257,48.37503890445066,-11.25185905399809,33.170995670995666,23.09990662931839,10.071089041677276,1
VCT 2026: Americas Stage 1,Group Stage,Week 2,Cloud9,ENVY,66.66666666666666,66.66666666666666,1,1,53.333333333333336,1543.242153520819,1501.6461131968745,50.0,33.33333333333334,33.33333333333334,1,1,57.14285714285714,1525.8249552520308,1542.172592191286,80.0,1.0489516797829512,1.0255119842391562,125.06182808476926,131.09313177485447,193.57509727745023,196.4053967041362,3.2953346435699378,3.6108221843515964,0.19349574477809772,0.24026297045624778,0.9833162408397702,0.9752014304556321,72.5768612215671,68.79393454351438,38.17777777777778,19.03344671201814,0,1,94.01173493198677,95.14112054762832,-1.129385615641553,55.86111111111111,54.90196078431373,0.9591503267973778,19.65608465608466,0.0,19.65608465608466,1
VCT 2026: Americas Stage 1,Group Stage,Week 2,FURIA,Evil Geniuses,16.66666666666667,16.66666666666667,2,2,33.33333333333333,1453.9339379648673,1441.4313873690974,0.0,83.33333333333333,83.33333333333333,2,2,40.0,1494.7197179497853,1592.6952688862516,81.18811881188118,0.873051312057708,0.9720575851768662,117.77438466475618,127.18018971768971,179.07403367444388,193.0805659155659,2.8311468041189403,3.3678256928256927,0.19172821072403115,0.17850823620823622,0.8551803223121335,0.9481221315721317,67.12657050064945,69.1346212121212,30.06499433106576,32.22910052910053,0,1,94.3315378904032,94.71536075722906,-0.3838228668258665,38.65737203972498,50.476190476190474,-11.818818436465492,34.95670995670995,0.0,34.95670995670995,1
VCT 2026: Americas Stage 1,Group Stage,Week 2,G2 Esports,LEVIATÁN,66.66666666666666,66.66666666666666,3,3,60.0,1704.660402279478,1534.0352943845458,42.30769230769231,33.33333333333334,33.33333333333334,3,3,33.33333333333333,1426.6534696435388,1481.5834498455567,61.6822429906542,1.0793412395058892,1.0620456241470948,131.0973882218,125.39986958031075,201.54930775651366,191.2619993296464,3.9839304486363307,3.379160561660562,0.2250450974950975,0.14847697814168404,1.0375578750769927,0.9739849834805717,73.58384085957616,70.6913135938136,30.50637566137566,38.51253968253968,0,1,96.06534198837248,93.78693145960045,2.278410528772028,65.68986568986568,52.36201298701298,13.327852702852702,31.410256410256405,36.78571428571429,-5.375457875457887,1
VCT 2026: Americas Stage 1,Group Stage,Week 2,MIBR,LOUD,66.66666666666666,66.66666666666666,1,1,40.0,1518.2502569646279,1483.026492080194,43.56435643564357,33.333333333333336,33.333333333333336,1,1,6.666666666666667,1402.45814730354,1614.1402338538935,61.22448979591836,1.1403609027883022,0.9771348822805165,126.87698031500663,128.28258015118698,194.1022763396448,194.42865598797488,3.6838249372459897,3.566432796649515,0.2307811392798235,0.2161624192113356,1.003243089999669,0.9581023134416323,72.8305196168354,69.23242902264573,30.479506802721087,29.457222222222224,0,1,93.26036094871475,97.2510138434023,-3.990652894687557,43.683516483516485,56.35654793549531,-12.673031451978822,34.13919413919414,18.382066276803123,15.757127862391016,0
VCT 2026: Americas Stage 1,Group Stage,Week 2,NRG,KRÜ Esports,50.0,50.0,2,2,73.33333333333333,1619.914886509781,1592.1099477671398,100.0,50.0,50.0,2,2,40.0,1423.531254601155,1425.7222083665558,21.153846153846153,1.1560949309281094,0.9950436405400457,128.91282269244343,125.01914282884871,197.36526125920864,190.49790635834754,3.600896588791325,3.0994247528071055,0.19918230473516854,0.1512642894142894,1.031732154438269,0.97244497702733,72.46577041637414,70.2119810363928,32.937981859410435,32.602380952380955,0,1,95.39368871502403,95.09878880355457,0.29489991146945727,47.530446961393245,46.17433414043583,1.3561128209574136,25.480859010270773,20.55555555555556,4.925303454715213,1
VCT 2026: Americas Stage 1,Group Stage,Week 2,100 Thieves,Sentinels,33.33333333333333,33.33333333333333,3,3,60.0,1578.1398004933874,1511.649084807243,36.53846153846153,66.66666666666667,66.66666666666667,3,3,33.33333333333333,1537.3818562320816,1502.7592313351352,21.782178217821784,1.1435196963081637,1.01225500090179,129.8871771746772,125.30315462315463,200.42264365264364,191.3518389018389,3.551286861286861,3.158834498834499,0.16740816683316684,0.2150874902874903,1.0385984247234246,0.9828436415436416,73.90837384837386,71.0590675990676,40.76309523809524,30.41325396825397,0,1,94.31369341108817,95.70284043254682,-1.3891470214586548,52.281746031746025,56.27014535060512,-3.988399318859095,25.0,15.013227513227523,9.986772486772477,1
VCT 2026: Americas Stage 1,Group Stage,Week 3,LEVIATÁN,ENVY,50.0,50.0,0,0,33.33333333333333,1421.5482583196028,1481.5834498455567,61.6822429906542,50.0,50.0,0,0,53.333333333333336,1511.3863046199135,1542.172592191286,80.0,1.0657194584241454,1.0249210277886203,124.79098069142188,131.16247854541973,190.13644377409082,196.60725914608267,3.375827228327228,3.6923229276170457,0.2397547559194618,0.3270454390924979,0.9727960945916828,0.9767435573141455,70.62575803825804,68.95433890728009,38.37920634920635,20.964550264550265,0,1,93.77877774525132,95.30153419440629,-1.5227564491549685,52.21298701298702,54.13533834586466,-1.9223513328776392,36.103896103896105,0.0,36.103896103896105,0
VCT 2026: Americas Stage 1,Group Stage,Week 3,G2 Esports,LOUD,33.333333333333336,33.333333333333336,1,1,66.66666666666666,1709.7656136034138,1534.0352943845458,42.30769230769231,66.66666666666666,66.66666666666666,1,1,13.333333333333334,1425.715874314827,1614.1402338538935,61.22448979591836,1.0974532393800018,0.9650149765476798,131.5292970537088,126.91369126229807,201.513980121186,192.46400952332843,4.091622756328639,3.498149968366687,0.36960350205350206,0.32644524749416387,1.0452729747920924,0.9490598891992081,73.30976678550208,68.41424720446392,30.386375661375663,29.190555555555555,0,1,96.17412644619135,96.73730660965867,-0.5631801634673224,65.34671125975473,54.85444616443069,10.492265095324036,27.497212931995534,21.02461013645225,6.472602795543285,0
VCT 2026: Americas Stage 1,Group Stage,Week 3,FURIA,KRÜ Esports,50.0,50.0,2,2,40.0,1470.9101282968622,1441.4313873690974,0.0,50.0,50.0,2,2,33.33333333333333,1414.9398694700426,1425.7222083665558,21.153846153846153,0.8946916605565576,1.0028864144328196,118.84105133142285,125.27452744423333,180.7945464949567,190.63175251219369,2.9183262912984276,3.1163478297301825,0.27734359533941577,0.18804890479890482,0.8701803223121335,0.9762706180529711,67.65477562885458,70.42634001075177,30.309892290249433,32.43571428571429,0,1,94.05937800486198,94.95837805649593,-0.8990000516339478,39.0422077922078,47.63537009438648,-8.593162302178683,37.33766233766234,17.828282828282838,19.5093795093795,1
VCT 2026: Americas Stage 1,Group Stage,Week 3,NRG,100 Thieves,50.0,50.0,4,4,73.33333333333333,1628.5062716408934,1592.1099477671398,100.0,50.0,50.0,4,4,60.0,1593.6845498855273,1511.649084807243,36.53846153846153,1.1167243426928153,1.0895233652068077,126.9030187708748,129.08375837125837,193.7476142003851,198.57478040478043,3.470700510359953,3.634021904021904,0.2978097557155607,0.3179654317904318,1.0089517622814062,1.0158616725866727,71.60929982813883,73.08991230991231,32.318934240362815,36.08127705627705,0,1,95.41500830766067,94.7354465424982,0.6795617651624752,45.83498677248677,50.25966680378444,-4.424680031297669,26.17724867724868,22.401332327802926,3.7759163494457546,0
VCT 2026: Americas Stage 1,Group Stage,Week 3,Evil Geniuses,Sentinels,0.0,0.0,3,3,33.33333333333333,1477.7435276177903,1592.6952688862516,81.18811881188118,100.0,100.0,3,3,33.33333333333333,1521.8371068399417,1502.7592313351352,21.782178217821784,0.968814997504524,1.0237469558754524,127.15677091427092,125.69473711473711,192.8051813001813,192.0690106190106,3.2804752654752654,3.124491064491065,0.27462960372960377,0.3349393421393421,0.9506674307174308,0.9909749546749548,69.02077505827506,71.39273763273764,31.713756613756615,30.59325396825397,0,1,94.72696032813394,95.66650345059267,-0.9395431224587298,50.383670383670385,56.97896809668509,-6.595297713014702,0.0,14.497810618500273,-14.497810618500273,1
VCT 2026: Americas Stage 1,Group Stage,Week 3,MIBR,Cloud9,83.33333333333333,83.33333333333333,2,2,33.33333333333333,1494.9925299533409,1483.026492080194,43.56435643564357,16.666666666666668,16.666666666666668,2,2,60.0,1557.6808041529364,1501.6461131968745,50.0,1.1669091676547487,1.051113678680667,127.0338567718831,125.68217440511557,194.88642552379395,194.2525864549394,3.681960135381188,3.23775888599418,0.3036109761096603,0.3045022382845912,1.0158981016546806,0.9887036867272162,73.27527486159065,72.52448026918616,30.003316326530612,34.61111111111111,0,1,92.9305777842358,94.13540894170319,-1.204831157467396,45.60686108763032,55.68986568986569,-10.08300460223537,34.97252747252748,18.9010989010989,16.07142857142858,0
VCT 2026: Americas Stage 1,Group Stage,Week 4,Evil Geniuses,NRG,50.0,50.0,0,0,33.33333333333333,1497.5652550967318,1592.6952688862516,81.18811881188118,50.0,50.0,0,0,66.66666666666666,1611.7879325964882,1592.1099477671398,100.0,0.9504238260995007,1.1208101194065743,125.87172040922042,127.29909720224735,190.20982776482776,194.27754196096302,3.182697487697488,3.3851483947768775,0.3405790986790987,0.38260335736674744,0.9408775317275317,1.0136277168737695,68.36461344211345,71.6976383214309,30.991534391534394,31.57607709750567,0,1,94.86399515381093,95.3070110101195,-0.44301585630856266,49.21727395411605,47.50802005012532,1.709253903990735,0.0,30.290309106098583,-30.290309106098583,1
VCT 2026: Americas Stage 1,Group Stage,Week 4,LEVIATÁN,MIBR,33.33333333333333,33.33333333333333,3,3,33.33333333333333,1408.4003878084031,1481.5834498455567,61.6822429906542,66.66666666666667,66.66666666666667,3,3,33.33333333333333,1480.534103792117,1483.026492080194,43.56435643564357,1.1133793768146434,1.1980668075680447,126.83247253291371,130.29246483049116,193.76721300486005,199.56737790474634,3.3706990231990233,3.7925828460038984,0.2642862244509303,0.3995194010180852,1.00388234167793,1.0464988342554131,71.53951095201094,74.44011002642581,42.37920634920635,28.396173469387755,0,1,93.03145406403837,94.4418841897273,-1.410430125688933,52.21298701298702,44.424254032097174,7.788732980889847,36.103896103896105,30.41370394311571,5.690192160780395,1
VCT 2026: Americas Stage 1,Group Stage,Week 4,KRÜ Esports,100 Thieves,50.0,50.0,2,2,26.666666666666668,1400.1508728919907,1425.7222083665558,21.153846153846153,50.0,50.0,2,2,66.66666666666666,1610.4028889299325,1511.649084807243,36.53846153846153,1.0022850332915694,1.0841300968654946,125.66563855534444,128.06796889757416,191.30878954923074,197.2476548987075,3.119310792693146,3.5587182602972076,0.23595260850260852,0.4230760930589878,0.9790483958307488,1.0112624823032719,70.87522889964066,72.8464575190891,31.619387755102043,36.66461038961039,0,1,94.86265348153053,94.61943912534957,0.24321435618095677,49.03459560542309,48.799101580431504,0.23549402499158845,19.057971014492757,19.22672915319974,-0.16875813870698408,0
VCT 2026: Americas Stage 1,Group Stage,Week 4,FURIA,Sentinels,33.33333333333333,33.33333333333333,3,3,46.666666666666664,1485.699124874914,1441.4313873690974,0.0,66.66666666666667,66.66666666666667,3,3,26.666666666666668,1502.0153793610002,1502.7592313351352,21.782178217821784,0.900816810107375,1.0257693858388248,120.37785374469584,126.04089096089096,182.8631739459371,192.47670292670293,2.879412264149106,3.1424397824397823,0.34930136306188936,0.41081113701113703,0.8748635802306856,0.9900262367262367,68.13169870577765,71.22863506863506,31.363463718820864,30.66325396825397,0,1,94.15708075208362,95.70236153322908,-1.5452807811454647,37.48291182501709,57.243203794927936,-19.760291969910845,34.95670995670995,14.880952380952383,20.075757575757567,1
VCT 2026: Americas Stage 1,Group Stage,Week 4,LOUD,Cloud9,33.33333333333334,33.33333333333334,1,1,20.0,1455.1737003596218,1614.1402338538935,61.22448979591836,66.66666666666666,66.66666666666666,1,1,60.0,1572.1392303141602,1501.6461131968745,50.0,0.9508076816084963,0.9976110933247909,125.89773166633849,125.04044946339063,191.2528984122173,191.73790114025408,3.478756028972747,3.198598046833341,0.4318735303224467,0.38988219166454463,0.9420619094012284,0.9667386517621812,68.09343912365584,72.24755719226307,30.176269841269843,30.94920634920635,0,1,96.66786046896836,95.52285743590978,1.1450030330585719,54.121565992275364,57.37781158235703,-3.2562455900816687,22.096038707880815,21.292873792873802,0.803164915007013,1
VCT 2026: Americas Stage 1,Group Stage,Week 4,G2 Esports,ENVY,50.0,50.0,0,0,60.0,1680.307787558619,1534.0352943845458,42.30769230769231,50.0,50.0,0,0,53.333333333333336,1524.5341751311132,1542.172592191286,80.0,1.113783103215613,0.9847145113378509,131.84069306510483,129.55136743430862,201.8017294089353,193.8368887757123,4.008431873137756,3.57750811280223,0.4470109094609095,0.42960099464805346,1.0486604391795569,0.9489657795363677,73.3422454179807,68.05804261098379,30.470185185185187,21.564550264550267,0,1,96.06763356777907,94.92945334389928,1.138180223879786,65.66043674995082,54.13533834586466,11.525098404086158,27.497212931995534,0.0,27.497212931995534,0
VCT 2026: Americas Stage 1,Group Stage,Week 5,KRÜ Esports,Evil Geniuses,33.33333333333334,33.33333333333334,1,1,20.0,1393.169616949414,1425.7222083665558,21.153846153846153,66.66666666666666,66.66666666666666,1,1,40.0,1520.7515920087612,1592.6952688862516,81.18811881188118,0.9859281539211701,0.9485999367418779,125.19253249473837,125.15394263144262,190.33568348862465,188.84538332038332,3.0825683684507212,3.08491970991971,0.35929351759351763,0.44369020979020973,0.9663930928004458,0.9381219761719761,69.94227435418611,68.63128010878012,32.083673469387755,30.363756613756614,0,1,95.08390284316064,94.84028011379007,0.24362272937057128,48.981481481481474,49.21727395411605,-0.2357924726345786,21.180555555555557,0.0,21.180555555555557,1
VCT 2026: Americas Stage 1,Group Stage,Week 5,FURIA,100 Thieves,50.0,50.0,0,0,53.333333333333336,1501.6124222999865,1441.4313873690974,0.0,50.0,50.0,0,0,66.66666666666666,1617.3841448725093,1511.649084807243,36.53846153846153,0.9393495667246904,1.0973695138963202,121.79452041136251,129.19627577588102,184.73886839038155,198.53204643309905,2.9275604122972543,3.5153320169109645,0.42847034454337085,0.5269861459690407,0.8997385802306855,1.0203339108747003,68.86595796503691,73.32793900057058,32.098157596371884,39.43445165945166,0,1,93.85578984012282,94.5503519235983,-0.6945620834754749,39.48206265279436,48.83432539682539,-9.35226274403103,33.96464646464645,19.345238095238095,14.619408369408355,0
VCT 2026: Americas Stage 1,Group Stage,Week 5,G2 Esports,Cloud9,100.0,100.0,4,4,53.333333333333336,1655.3062164096184,1534.0352943845458,42.30769230769231,0.0,0.0,4,4,60.0,1552.0070304793917,1501.6461131968745,50.0,1.1299579614279998,1.000466581549228,132.1022315266433,124.62334989629107,203.16531915252506,190.46712191947486,3.8833036680095505,3.1771694754047695,0.5242057812557813,0.4937003734827264,1.0532450545641723,0.966017872541402,73.71250182823714,71.91292515763104,31.936851851851852,30.332539682539682,0,1,95.86514314000347,95.51766788936179,0.34747525064167917,66.21817095474384,56.19820486841763,10.019966086326207,27.877079978529256,20.941442816442812,6.935637162086444,1
VCT 2026: Americas Stage 1,Group Stage,Week 5,ENVY,MIBR,33.333333333333336,33.333333333333336,1,1,60.0,1549.535746280114,1542.172592191286,80.0,66.66666666666666,66.66666666666666,1,1,33.33333333333333,1459.3316485556084,1483.026492080194,43.56435643564357,0.9726020857929203,1.2102539175891631,128.36787537081653,130.38990072792706,193.18768242650597,200.46481380218222,3.538777954072072,3.838736692157745,0.5131978200448789,0.5139296574283416,0.9379435573141456,1.06042191117849,67.36534419828537,74.49139207770786,22.964550264550265,29.717602040816328,0,1,94.52949606418417,95.00046692993794,-0.47097086575377034,51.24716553287981,46.03495244251547,5.212213090364344,21.82539682539682,32.794656324068086,-10.969259498671267,0
VCT 2026: Americas Stage 1,Group Stage,Week 5,LOUD,LEVIATÁN,83.33333333333333,83.33333333333333,2,2,26.666666666666668,1475.3059001943902,1614.1402338538935,61.22448979591836,16.666666666666668,16.666666666666668,2,2,40.0,1429.6028430449119,1481.5834498455567,61.6822429906542,0.9612107929498429,1.120059527535896,126.82713337574019,127.20020871829696,192.51597533529423,194.3590133613663,3.543542353759072,3.354299736211501,0.5009760944250108,0.30155716919246334,0.9472533623926813,1.0059999887367534,68.50882373904047,71.81722931208225,30.473412698412698,41.87920634920635,0,1,96.51314821671068,93.03921016336497,3.473938053345705,54.54719944658025,50.497835497835496,4.049363948744755,25.405595436555195,36.341991341991346,-10.93639590543615,1
VCT 2026: Americas Stage 1,Group Stage,Week 5,Sentinels,NRG,33.33333333333334,33.33333333333334,1,1,20.0,1486.1020819359278,1502.7592313351352,21.782178217821784,66.66666666666666,66.66666666666666,1,1,66.66666666666666,1588.6015956844587,1592.1099477671398,100.0,1.0119831223647655,1.1345560883734582,125.9906264106264,127.64659720224736,191.8150627150627,195.14837529429636,3.0786831686831686,3.356815061443544,0.48631907351907355,0.4625644684778586,0.978838406038406,1.0219666057626584,70.8603811003811,71.838749432542,29.68547619047619,33.585005668934244,0,1,95.68818704094909,95.28314019103411,0.4050468499149815,56.74516261089726,47.50802005012532,9.237142560771943,15.026175468333424,30.290309106098583,-15.264133637765159,0
VCT 2026: China Stage 1,Playoffs,Upper Quarterfinals,Xi Lai Gaming,Titan Esports Club,50.0,50.0,0,0,46.666666666666664,1566.1611935462481,1460.0458016262623,17.75700934579439,50.0,50.0,0,0,20.0,1392.8507962729154,1500.0,50.0,1.0962937122695782,1.0223768422030304,130.830324037393,126.15605467966625,199.33008152766772,193.92536828244567,4.14600591617833,3.295470029397274,0.404868189696638,0.29053967192365027,1.0044850636273048,0.9725526792166052,71.12672836422836,69.57152572229971,28.473333333333336,15.0,0,1,94.55264484784273,96.3638080156279,-1.8111631677851676,63.730158730158735,40.03174603174603,23.698412698412703,33.50925925925925,15.11904761904762,18.390211640211632,1
VCT 2026: China Stage 1,Playoffs,Upper Quarterfinals,JDG Esports,TYLOO,16.666666666666668,16.666666666666668,2,2,46.666666666666664,1443.2190998738602,1500.0,50.0,83.33333333333333,83.33333333333333,2,2,60.0,1527.7100219977117,1500.0,50.0,1.0107408719823183,1.1518971408135679,126.41448170323498,135.17636085817577,194.2174090603812,208.00229205814705,3.166411413950114,3.3684968626145095,0.49876348088615885,0.5170048375311237,0.9754719934315373,1.0420702015071763,70.91637692207769,71.93104727905147,15.0,15.0,0,1,96.53261007970167,96.15096744183857,0.38164263786309505,48.62661704766968,48.730158730158735,-0.10354168248905182,11.35477582846004,18.253968253968257,-6.899192425508216,1
VCT 2026: China Stage 1,Playoffs,Upper Quarterfinals,All Gamers,Trace Esports,33.333333333333336,33.333333333333336,1,1,66.66666666666666,1506.9491969923401,1500.0,50.0,66.66666666666666,66.66666666666666,1,1,46.666666666666664,1514.7355226545776,1460.7939589192893,17.75700934579439,1.0842557028797666,0.9777306582242622,127.66329515967526,128.1417043449081,196.59834865751534,194.62480473230474,3.403767488865528,3.5494487511399275,0.4840684326775956,0.5147875665709175,1.0115476257235307,0.9598858556825994,72.48938642428462,69.10423749919548,15.0,45.916666666666664,0,1,96.6582391193411,96.23929894586153,0.41894017347956947,50.62996031746032,48.50476886661097,2.12519145084935,22.1031746031746,33.35073795600112,-11.247563352826518,1
VCT 2026: China Stage 1,Playoffs,Upper Semifinals,Xi Lai Gaming,JDG Esports,83.33333333333333,83.33333333333333,2,2,53.333333333333336,1575.6441705920267,1460.0458016262623,17.75700934579439,16.666666666666668,16.666666666666668,2,2,46.666666666666664,1462.0443197129225,1500.0,50.0,1.0738551985166245,1.0325388289607764,131.10468301175197,128.12205191080517,199.06256016014638,196.00788525085738,4.134325004497418,3.3455780806167805,0.4815747424031907,0.6000913197139977,1.003544892687134,1.001628892088436,70.98028961778961,71.91881892451968,28.473333333333336,15.0,0,1,94.57961912920848,97.58162762578685,-3.0020084965783695,64.51519710448281,49.967320261437905,14.547876843044904,28.970797720797727,9.907407407407408,19.063390313390318,0
VCT 2026: China Stage 1,Playoffs,Upper Semifinals,All Gamers,EDward Gaming,50.0,50.0,0,0,66.66666666666666,1524.9435618745952,1500.0,50.0,50.0,50.0,0,0,60.0,1604.8224134117,1525.8473730024853,18.269230769230766,1.1053152387296492,1.0525365553926538,127.66329515967526,131.27944140360108,199.75400476611262,201.07630256453785,3.403767488865528,3.529203040967747,0.4840684326775956,0.5730886478134377,1.0115476257235307,1.0035231155399222,72.48938642428462,70.09197487362016,15.0,23.368055555555557,0,1,96.6582391193411,97.0427694505903,-0.384530331249195,53.035714285714285,52.65345765345766,0.3822566322566274,20.297619047619044,12.237373737373735,8.060245310245309,0
VCT 2026: China Stage 1,Playoffs,Upper Final,Xi Lai Gaming,EDward Gaming,40.0,40.0,5,5,53.333333333333336,1552.4862216610575,1460.0458016262623,17.75700934579439,60.0,60.0,5,5,66.66666666666666,1618.4458205906708,1525.8473730024853,18.269230769230766,1.1499929730877325,1.0816168972729956,134.03518806225702,132.00233517649482,204.18437834196453,202.86057606881138,4.127456317628731,3.5644167161814218,0.5290838333122816,0.6433377320625221,1.0343731755154169,1.0177245807413875,72.56857244607245,70.97256095420624,28.473333333333336,25.65740740740741,0,1,94.1561037457735,97.13569869205338,-2.9795949462798745,64.97307256235827,53.16627816627817,11.8067943960801,29.398148148148152,11.237373737373735,18.160774410774415,0
VCT 2026: China Stage 1,Playoffs,Grand Final,EDward Gaming,Xi Lai Gaming,66.66666666666666,60.0,6,5,73.33333333333333,1632.7440855529546,1525.8473730024853,18.269230769230766,33.33333333333334,40.0,6,5,53.333333333333336,1538.1879566987736,1460.0458016262623,17.75700934579439,1.1009200648821194,1.1546291380718101,133.37614470030437,133.87155169862066,203.86764677588206,204.4158934934797,3.477143988908695,4.0541229842953985,0.6948074290322189,0.6476838333122816,1.0317332387500455,1.0397610543032956,71.88771246935777,72.72129971879971,27.541666666666664,23.675,0,1,97.40370566205138,94.44641002986518,2.9572956321862023,54.092760309865575,63.247126436781606,-9.154366126916031,13.618326118326108,30.37698412698413,-16.758658008658024,0
VCT 2026: China Stage 1,Playoffs,Lower Round 1,Titan Esports Club,TYLOO,40.0,40.0,5,5,20.0,1383.3678192271368,1500.0,50.0,60.0,60.0,5,5,53.333333333333336,1508.8848021586493,1500.0,50.0,1.016931381451118,1.164293767254054,126.51531080815315,135.91913296701932,193.6411191981966,209.3094349152899,3.104261238188483,3.3184968626145097,0.4186673135128303,0.6069835790277224,0.9674047502225224,1.054599963411938,69.33133733925419,72.3859792518406,15.0,15.0,0,1,96.32279097081764,96.57395766137864,-0.25116669056100704,38.14980158730159,47.31182795698925,-9.16202636968766,14.126984126984127,19.444444444444454,-5.317460317460327,1
VCT 2026: China Stage 1,Playoffs,Lower Round 1,Trace Esports,Dragon Ranger Gaming,83.33333333333333,83.33333333333333,2,2,40.0,1496.7411577723226,1460.7939589192893,17.75700934579439,16.666666666666668,16.666666666666668,2,2,33.33333333333333,1480.1908658485067,1470.0268923046199,0.0,0.9595818848455175,0.9885816750386937,127.91157903810618,128.5513311165485,192.8548902023902,195.26914862914865,3.3361154178065946,3.5785321120103726,0.5463866101532957,0.3992741409958801,0.9534668189402353,0.9769623272058054,69.11738397349258,71.09638287638288,45.916666666666664,26.291666666666664,0,1,96.29671685608385,96.02939195998712,0.2673248960967243,46.980952380952374,54.107142857142854,-7.12619047619048,29.880952380952387,11.66666666666667,18.214285714285715,1
VCT 2026: China Stage 1,Playoffs,Lower Round 2,All Gamers,TYLOO,50.0,50.0,2,2,60.0,1511.3201546956243,1500.0,50.0,50.0,50.0,2,2,53.333333333333336,1488.4205940479012,1500.0,50.0,1.0720289697962244,1.1535102138913258,125.92872204048675,135.99450061407813,197.15693516904304,209.24191040548598,3.0620092471072864,3.3796488233988233,0.5855054571915432,0.6732296399520921,0.9935805927564978,1.0506569487060557,71.69944559588224,72.63466622663051,15.0,15.0,0,1,96.9857390985504,96.59381054682498,0.39192855172541385,51.70948379351741,48.67424242424242,3.035241369274985,19.194677871148457,20.959595959595966,-1.7649180884475086,0
VCT 2026: China Stage 1,Playoffs,Lower Round 2,JDG Esports,Dragon Ranger Gaming,16.66666666666667,16.66666666666667,2,2,53.333333333333336,1485.2022686438918,1500.0,50.0,83.33333333333333,83.33333333333333,2,2,26.666666666666668,1463.428618303364,1470.0268923046199,0.0,0.9892648124960822,1.0220347555658482,125.41408114853579,129.6105903758078,192.90652778479404,197.5172967772968,3.200027552713311,3.5822358157140766,0.6679350370826019,0.46134821506995416,0.9718586171145411,1.000517882761361,70.5707507031483,71.59267917267918,15.0,26.291666666666664,0,1,95.71968879776207,95.06372023667802,0.6559685610840518,48.85714285714286,55.48216151664428,-6.625018659501421,8.05555555555555,12.878787878787879,-4.823232323232329,0
VCT 2026: China Stage 1,Playoffs,Lower Round 3,All Gamers,Dragon Ranger Gaming,50.0,50.0,2,2,60.0,1495.1197673374616,1500.0,50.0,50.0,50.0,2,2,33.33333333333333,1482.1301616039525,1470.0268923046199,0.0,1.077913224692742,1.0560321100632029,126.02783446652225,130.4350348202522,198.16815311776097,199.49951899951898,3.0671374522354915,3.647791371269632,0.7390002796767502,0.49208154840328755,0.9949526341766161,1.0102512160946944,71.83849885032012,72.37267917267917,15.0,26.291666666666664,0,1,96.96190639544173,94.59643071543555,2.3654756800061847,51.75747940453823,56.78282828282828,-5.025348878290046,18.32887700534759,11.212121212121218,7.116755793226371,0
VCT 2026: China Stage 1,Playoffs,Lower Final,Xi Lai Gaming,Dragon Ranger Gaming,33.33333333333334,33.33333333333334,3,3,53.333333333333336,1557.4255081153003,1460.0458016262623,17.75700934579439,66.66666666666666,66.66666666666666,3,3,40.0,1497.8981807485816,1470.0268923046199,0.0,1.1663791443745404,1.071311610106561,134.69391637098533,130.79614593136333,205.54694762453383,200.56315536315535,4.173353753526167,3.5548620783403395,0.753091240719689,0.5649704372921764,1.050228290770532,1.0251653575088358,73.6928096903097,72.66459836459836,25.566666666666666,26.291666666666664,0,1,94.91835212069621,94.4300042192288,0.4883479014674066,62.11202811974268,57.28666397495288,4.825364144789802,31.424539512774796,12.531565656565657,18.89297385620914,0
VCT 2026: Americas Stage 1,Playoffs,Upper Round 1,FURIA,LEVIATÁN,16.666666666666668,16.666666666666668,2,2,53.333333333333336,1491.2978413188905,1441.4313873690974,0.0,83.33333333333333,83.33333333333333,2,2,33.33333333333333,1416.3908578867254,1481.5834498455567,61.6822429906542,0.9474216813708033,1.0997861413718255,122.70118707802918,126.8646531627414,185.98775727927043,193.6990133613663,2.916449301186143,3.467633069544834,0.5114036778767042,0.3722016136369078,0.9111385802306856,0.995155544292309,68.84818018725915,71.5416737565267,31.30887188208617,41.47920634920635,0,1,94.01530669600396,93.28415655546252,0.7311501405414447,38.006308936541494,48.85461760461761,-10.848308668076115,32.112794612794616,36.28246753246752,-4.169672919672905,0
VCT 2026: Americas Stage 1,Playoffs,Upper Round 1,G2 Esports,100 Thieves,100.0,100.0,3,3,60.0,1667.8223300576342,1534.0352943845458,42.30769230769231,0.0,0.0,3,3,73.33333333333333,1627.6987258536053,1511.649084807243,36.53846153846153,1.1493956031513557,1.122711533251217,132.88794581235757,130.5601015334568,204.7415096287155,200.80761461491724,3.6547322394381214,3.504347168426116,0.5824438764938765,0.6347380399084346,1.063959340278458,1.0411937593595488,74.19821611395142,73.85369657632815,33.15685185185185,40.41857864357865,0,1,95.67789304038519,95.15389571188756,0.5239973284976287,66.9786683904331,50.48997493734335,16.488693453089752,27.142857142857146,20.222431077694235,6.920426065162911,0
VCT 2026: Americas Stage 1,Playoffs,Upper Semifinals,MIBR,LEVIATÁN,50.0,50.0,4,4,33.33333333333333,1481.4011298708638,1483.026492080194,43.56435643564357,50.0,50.0,4,4,40.0,1434.8181220054344,1481.5834498455567,61.6822429906542,1.1504816127547892,1.1686063773450026,128.67919365721997,128.53537211698978,198.46259157996002,196.95300028947088,3.798332651753704,3.4065873179108475,0.5556044049030892,0.42257808422514304,1.027710800067379,1.0197228645537468,73.41704864336444,72.33722931208224,27.896173469387755,42.783968253968254,0,1,94.61907705233703,92.74295032193422,1.8761267304028166,45.33052087231654,48.76990568954855,-3.4393848172320105,32.794656324068086,34.52380952380951,-1.7291531997414253,0
VCT 2026: Americas Stage 1,Playoffs,Upper Semifinals,KRÜ Esports,G2 Esports,33.33333333333334,33.33333333333334,1,1,26.666666666666668,1413.7131664493281,1425.7222083665558,21.153846153846153,66.66666666666666,66.66666666666666,1,1,60.0,1648.1987816644742,1534.0352943845458,42.30769230769231,1.0212894251164006,1.1999041594099118,126.6109474131533,136.05368007809184,192.99698884993003,209.57134645855234,3.2916592775416307,3.7547322394381215,0.4397550560550561,0.6555021515521516,0.9888196662270192,1.0940665663856841,70.7161671280789,75.38096669670199,31.767006802721088,33.50018518518519,0,1,95.0934948307061,95.758538270047,-0.6650434393408915,48.98137019230769,67.21048525511,-18.229115062802308,21.740384615384613,27.471264367816094,-5.7308797524314805,0
VCT 2026: Americas Stage 1,Playoffs,Grand Final,LEVIATÁN,G2 Esports,25.0,25.0,4,4,40.0,1452.0439627667508,1481.5834498455567,61.6822429906542,75.0,75.0,4,4,60.0,1655.4465254261356,1534.0352943845458,42.30769230769231,1.1618441627218346,1.1999862189654462,128.07912211698977,136.86323718764893,196.03216695613756,210.5256588128647,3.333670651244181,3.8304898151956976,0.504265584225143,0.7452131072631072,1.0190145312204135,1.0961061934253111,72.49972931208225,75.38889210462739,41.156190476190474,32.50547619047619,0,1,92.74313790233126,95.74451365241444,-3.0013757500831844,50.28320817113921,67.63949229065508,-17.356284119515877,33.58225108225108,24.20634920634921,9.375901875901867,0
VCT 2026: Americas Stage 1,Playoffs,Lower Round 1,FURIA,NRG,50.0,50.0,2,2,53.333333333333336,1472.8705772001815,1441.4313873690974,0.0,50.0,50.0,2,2,66.66666666666666,1599.4430536994407,1592.1099477671398,100.0,0.9481440877541986,1.1337218711276766,122.41001060744094,126.53406158971174,185.53310041652534,193.93640948233053,2.8605669482449665,3.412655517284,0.6125066190531747,0.5689448103582004,0.9102831880738228,1.0169295687256215,68.69499391274934,71.96325085704343,31.80887188208617,32.76074263038549,0,1,94.00323747639459,95.31302690832574,-1.3097894319311507,38.58874458874459,47.90750915750915,-9.318764568764564,31.74242424242424,27.658730158730155,4.083694083694084,0
VCT 2026: Americas Stage 1,Playoffs,Lower Round 1,100 Thieves,LOUD,100.0,100.0,3,3,80.0,1647.3222742467653,1511.649084807243,36.53846153846153,0.0,0.0,3,3,33.33333333333333,1488.5178853525767,1614.1402338538935,61.22448979591836,1.1205142036061144,0.9549102205744773,130.6364651698204,126.61929023848529,200.79185703915968,192.3218576882354,3.523135047213995,3.467071765523778,0.7094774338478286,0.6218192316799128,1.0397876987534882,0.9500964996475832,73.12521172784331,68.72843158217772,42.132864357864364,30.14484126984127,0,1,95.03485598852845,96.43212358628587,-1.3972675977574198,49.78008747358592,55.65631339625147,-5.876225922665547,17.841478696741863,24.712954743914494,-6.8714760471726315,0
VCT 2026: Americas Stage 1,Playoffs,Lower Round 2,KRÜ Esports,NRG,33.33333333333333,33.33333333333333,3,3,20.0,1406.4654226876667,1425.7222083665558,21.153846153846153,66.66666666666667,66.66666666666667,3,3,66.66666666666666,1610.900649604084,1592.1099477671398,100.0,0.9993012280193799,1.1734862228750005,125.09963428184015,127.70992885969666,190.8107262236674,195.51303090012843,3.2510532169355697,3.325928518792296,0.5183227328227329,0.6332313865271295,0.9742964339037868,1.03454344504538,70.47778328969505,72.65978177710376,30.543197278911567,35.64335978835979,0,1,94.96530222554034,94.88364076693911,0.08166145860123208,47.75793650793651,49.65828924162257,-1.9003527336860557,22.83928571428571,29.265873015873016,-6.426587301587304,0
VCT 2026: Americas Stage 1,Playoffs,Lower Round 2,MIBR,100 Thieves,66.66666666666667,66.66666666666667,3,3,33.33333333333333,1464.1752891095473,1483.026492080194,43.56435643564357,33.33333333333333,33.33333333333333,3,3,73.33333333333333,1622.1947913553151,1511.649084807243,36.53846153846153,1.1457427286135091,1.1412926363933706,128.59931749622925,131.16090961426488,197.73844297314886,201.20519037249298,3.8144317229611344,3.4431350472139943,0.6496374286388992,0.7702996560700508,1.0295652892314657,1.0474321431979328,73.19578961343667,73.07187839450997,28.54200680272109,42.32929292929293,0,1,94.65116682491129,94.62945570853933,0.02171111637196077,43.965204508574395,51.357718194858215,-7.39251368628382,32.59818884818885,20.645711500974663,11.952477347214185,0
VCT 2026: Americas Stage 1,Playoffs,Lower Round 3,NRG,100 Thieves,40.0,40.0,5,5,66.66666666666666,1619.1946063880719,1592.1099477671398,100.0,60.0,60.0,5,5,80.0,1632.2998266308064,1511.649084807243,36.53846153846153,1.080026787438642,1.1578504510099628,127.2237750135428,131.8702336235889,194.5121761992737,202.55530692260953,3.3724242452880224,3.374603578682526,0.7022604463561894,0.8513742481446428,1.0261673766693116,1.063632609398399,72.04132023864221,73.67001359264516,38.08780423280424,39.96619769119769,0,1,95.3903608237512,94.45667468472439,0.9336861390268041,51.10919367747099,52.09389213775179,-0.9846984602807964,32.5046685340803,22.127192982456144,10.377475551624158,0
VCT 2026: Americas Stage 1,Playoffs,Lower Final,G2 Esports,NRG,100.0,100.0,4,4,60.0,1662.6420865185353,1534.0352943845458,42.30769230769231,0.0,0.0,4,4,60.0,1602.2581611837231,1592.1099477671398,100.0,1.1799409345274525,1.109696972397716,136.51264895235485,128.69988612465391,209.4150705775706,197.4896761992737,3.8230388348035405,3.404090911954689,0.9558366366748721,0.7800243352450783,1.08401599734688,1.043275710002645,74.82104896737249,72.81298690530889,32.98166666666667,38.80113756613756,0,1,95.75588318254763,95.60940530095726,0.14647788159037134,66.8199233716475,51.77895719691386,15.040966174733647,21.936507936507933,34.29038281979459,-12.353874883286654,0
VCT 2026: EMEA Stage 1,Playoffs,Upper Round 1,Eternal Fire,Team Heretics,50.0,50.0,0,0,33.33333333333333,1497.6084196978609,1500.0,50.0,50.0,50.0,0,0,53.333333333333336,1585.2216767064929,1542.0961920129039,60.57692307692308,1.1429474520453506,1.0699228816806083,133.67255892255892,126.57103314985667,204.01936026936028,193.9558651370416,3.074915824915825,3.2963489669372024,1.3222811447811447,0.40167044328220797,1.0573653198653201,1.0073189799307447,71.9023569023569,72.53583531936472,36.388888888888886,32.39349206349206,0,1,94.970747710483,94.73713237433317,0.23361533614982477,50.0,62.376183138895,-12.376183138895001,0.0,16.576479076479078,-16.576479076479078,0
VCT 2026: EMEA Stage 1,Playoffs,Upper Round 1,Team Liquid,Team Vitality,33.33333333333333,33.33333333333333,3,3,60.0,1622.8268021053593,1462.4967623022026,36.53846153846153,66.66666666666667,66.66666666666667,3,3,53.333333333333336,1534.5947307365946,1487.5405043694525,39.42307692307692,1.0633493013542894,1.2799980903279577,129.24201544642722,131.66073243749713,195.7251475866182,199.6568739430504,3.351663761075526,3.084585447232506,0.2340039447480624,0.4594761106540518,1.0049462862845215,1.0321519493578317,72.62301405566112,72.25649138443256,32.35819735819736,45.93272727272727,0,1,96.08286576106741,93.0704068562109,3.0124589048565156,62.91272578910277,50.76199310893188,12.15073268017089,22.068048910154182,12.52705627705627,9.540992633097913,1
VCT 2026: EMEA Stage 1,Playoffs,Upper Semifinals,FNATIC,Team Vitality,100.0,100.0,3,3,53.333333333333336,1631.5665312947554,1607.6916052978104,59.4059405940594,0.0,0.0,3,3,46.666666666666664,1523.173911073644,1487.5405043694525,39.42307692307692,1.1341859505379897,1.2774605341073764,127.91680643430642,131.7960265551442,195.08436688311687,199.02924470953883,4.024963046213046,3.1639080853786736,0.4781535954785955,0.547369158782394,1.0319060291560291,1.0285833219068514,70.63881868131868,72.27253416518123,33.76475191475192,44.60415584415584,0,1,95.49155221238792,93.16752473707541,2.324027475312505,53.781142025822874,50.918852389440616,2.8622896363822576,35.08190883190883,16.89213564213563,18.189773189773195,0
VCT 2026: EMEA Stage 1,Playoffs,Upper Final,FUT Esports,Team Vitality,33.33333333333333,33.33333333333333,3,3,33.33333333333333,1425.265053853536,1439.0126627366574,0.0,66.66666666666667,66.66666666666667,3,3,46.666666666666664,1546.0932722663374,1487.5405043694525,39.42307692307692,0.9286311371417652,1.299574107855309,121.91697106814755,132.3499154440331,186.15076176546762,199.69507804287215,3.2372034066151714,3.0927969742675625,0.2509269421210598,0.6459497143379497,0.9136298017886253,1.0346055441290736,66.63468135350489,72.65253416518122,37.44176887926888,45.93142857142857,0,1,94.37048457757527,93.07255080717538,1.2979337703998937,36.33438633438634,52.42259282214887,-16.088206487762534,14.628427128427129,16.905752199869852,-2.277325071442723,1
VCT 2026: EMEA Stage 1,Playoffs,Grand Final,Team Vitality,Team Heretics,33.33333333333334,33.33333333333334,3,3,46.666666666666664,1525.8104260560372,1487.5405043694525,39.42307692307692,66.66666666666666,66.66666666666666,3,3,53.333333333333336,1596.6679066304869,1542.0961920129039,60.57692307692308,1.3076715246642194,1.0613316063406484,133.6186654440331,126.16099041481395,200.8096613762055,193.0988138549903,3.185789398509987,3.3068190524072874,0.7503285022167375,0.47785206721383194,1.0464616047351343,1.004007014118779,72.72147355912061,72.74267292620235,45.38142857142857,31.64269841269841,0,1,93.0950286996061,94.74742891808035,-1.6524002184742415,52.391562685680334,61.43037518037519,-9.038812494694852,20.84694989106754,15.638528138528141,5.208421752539397,0
VCT 2026: EMEA Stage 1,Playoffs,Lower Round 1,Team Heretics,BBL Esports,75.0,75.0,4,4,60.0,1608.810230247679,1542.0961920129039,60.57692307692308,25.0,25.0,4,4,66.66666666666666,1586.833787149113,1500.0,50.0,1.0769217850209005,1.0020373172724697,126.97765708148061,128.35156821392115,194.44765644758294,194.64868490986137,3.4121431264813618,3.5446251352133706,0.6167733635101282,0.6176846769787947,1.0130162733780381,0.9649692664633842,73.31072848175789,67.28686302803949,30.813068783068783,36.84756132756133,0,1,95.02769849730653,94.8958746394052,0.131823857901324,62.50548967940273,56.38684986511073,6.1186398142919955,15.365612648221349,20.81529581529581,-5.449683167074459,0
VCT 2026: EMEA Stage 1,Playoffs,Lower Round 1,Team Liquid,Gentle Mates,50.0,50.0,2,2,60.0,1634.24762176831,1462.4967623022026,36.53846153846153,50.0,50.0,2,2,40.0,1466.881299657302,1500.0,50.0,1.041899573227019,1.0417785823801997,128.89415219856397,128.55563325563327,194.38241254388313,195.48172642172642,3.3325754419872067,3.765898545898546,0.33057089631501396,0.5431182373182374,0.9936670840053192,0.9984268102268102,71.84666077930784,71.5965330965331,31.352203352203354,30.284550264550266,0,1,95.96886496111497,96.1320302043583,-0.16316524324332704,62.67951645643034,43.01515151515151,19.664364941278833,22.573099415204677,24.696969696969695,-2.1238702817650186,1
VCT 2026: EMEA Stage 1,Playoffs,Lower Round 2,FNATIC,Team Heretics,50.0,50.0,4,4,53.333333333333336,1608.6471701020619,1607.6916052978104,59.4059405940594,50.0,50.0,4,4,53.333333333333336,1590.0984547162418,1542.0961920129039,60.57692307692308,1.1330761038805863,1.0863977806032818,128.578577996078,127.21065371447725,196.24124333999333,194.9917641916907,3.9715830928330926,3.4542306685689037,0.5732468355718355,0.684605013341778,1.0321251433751433,1.0205044888662536,70.69476273726274,73.56056013158954,32.35298392084106,28.813068783068783,0,1,95.50152333100313,94.97882288830806,0.5227004426950685,53.01350743456006,63.234924495794054,-10.221417061233993,32.92879417879418,11.198945981554676,21.7298481972395,0
VCT 2026: EMEA Stage 1,Playoffs,Lower Round 2,Eternal Fire,Gentle Mates,50.0,50.0,0,0,25.0,1486.1621897738669,1500.0,50.0,50.0,50.0,0,0,40.0,1458.4851121322522,1500.0,50.0,1.140359966315125,1.0544468612551323,133.04906204906203,128.3600777000777,202.74666305916304,195.66255975505976,3.0472582972582973,3.6924263236763237,1.3791215728715729,0.6349043484293484,1.0533811327561329,1.004279588004588,71.89105339105339,71.05208865208866,35.06666666666666,30.16074074074074,0,1,95.63784801231735,96.04428281250067,-0.40643480018331957,55.99999999999999,43.26073232323232,12.739267676767675,0.0,25.715488215488215,-25.715488215488215,0
VCT 2026: EMEA Stage 1,Playoffs,Lower Round 3,Team Heretics,Eternal Fire,66.66666666666666,66.66666666666666,1,1,60.0,1606.1091745333383,1542.0961920129039,60.57692307692308,33.333333333333336,33.333333333333336,1,1,20.0,1467.163113798072,1500.0,50.0,1.1136544707517553,1.1711565253535865,127.79697850080203,136.77001887001887,195.79888669881316,206.1511766011766,3.4767377910760264,2.8916527916527914,0.7810437597805245,1.406758796758797,1.032749503111268,1.0801664446664447,73.99018976121917,73.94361194361196,29.157513227513228,36.11047619047619,0,1,94.94676265683127,95.67123396934355,-0.7244713125122786,64.1889171434626,61.9047619047619,2.2841552387007056,10.909090909090901,0.0,10.909090909090901,1
VCT 2026: EMEA Stage 1,Playoffs,Lower Final,FUT Esports,Team Heretics,16.666666666666668,16.666666666666668,2,2,33.33333333333333,1445.547900063836,1439.0126627366574,0.0,83.33333333333333,83.33333333333333,2,2,66.66666666666666,1615.5350049696235,1542.0961920129039,60.57692307692308,0.9230175383440735,1.1256530524688244,120.92383381324558,128.93544003926357,184.38661610720433,197.7373482372747,3.16171321053674,3.5049429192811545,0.3635810037457096,0.9047617084984731,0.906499549687785,1.0417238620856268,66.77277659160012,74.83121540224482,35.694083694083695,29.071798941798942,0,1,94.53157786443032,94.98355920798078,-0.4519813435504574,36.67593090670014,63.89513471603024,-27.219203809330104,14.597902097902098,11.504329004329005,3.0935730935730934,1
VCT 2026: Pacific Stage 1,Playoffs,Upper Round 1,Rex Regum Qeon,Global Esports,33.33333333333334,33.33333333333334,1,1,33.33333333333333,1498.3499600652358,1454.1997038428533,18.269230769230766,66.66666666666666,66.66666666666666,1,1,46.666666666666664,1481.8799224484042,1500.0,50.0,1.031720261998598,1.0895148907438592,125.671705606485,131.04333462833463,190.97934296912237,201.57185735560736,3.2640919374742903,3.6468560606060607,0.5577145302410008,0.503191618104118,0.9828071826865944,1.0126265475265475,70.17699522699522,72.08789886039885,32.12635642135642,31.152063492063494,0,1,95.00658260573117,95.35383435094293,-0.3472517452117643,50.68109668109668,47.063688999172875,3.617407681923808,26.522366522366514,0.0,26.522366522366514,1
VCT 2026: Pacific Stage 1,Playoffs,Upper Round 1,Kiwoom DRX,FULL SENSE,50.0,50.0,0,0,60.0,1523.3915873207304,1500.0,50.0,50.0,50.0,0,0,33.33333333333333,1452.746093613245,1464.9215745591885,0.0,1.0582522271519563,1.0142771096334566,132.3540874811463,128.25701815545565,198.0621116138763,192.423391481204,2.9106184012066363,2.898852594165094,1.5978112368024133,0.6383502157564658,1.008150527903469,0.9688176204582454,71.81556561085974,71.95167217042217,34.09777777777778,35.70908281533281,0,1,95.18083660853901,95.03720821435267,0.14362839418633655,56.19047619047619,36.48351648351648,19.706959706959708,0.0,0.0,0.0,0
VCT 2026: Pacific Stage 1,Playoffs,Upper Semifinals,Paper Rex,Global Esports,66.66666666666667,66.66666666666667,3,3,46.666666666666664,1597.6260555536464,1623.069294003536,58.16326530612243,33.33333333333333,33.33333333333333,3,3,40.0,1465.1136186377023,1500.0,50.0,1.1254408771122009,1.1014541975197043,135.79274881064353,131.94589873089873,205.66807481018006,202.02826761201763,3.842651481072534,3.6519842657342654,0.4286816041658147,0.6023711052836054,1.039401205032784,1.0176778295778297,73.0786878910563,71.9289245014245,35.7911544011544,32.18873015873016,0,1,95.66469656088185,95.46944787829244,0.19524868258940842,59.334848459272415,48.27152014652014,11.063328312752276,9.7954196341293,0.0,9.7954196341293,1
VCT 2026: Pacific Stage 1,Playoffs,Upper Semifinals,T1,FULL SENSE,66.66666666666666,66.66666666666666,1,1,66.66666666666666,1616.5781096792016,1539.1532746101648,58.87850467289719,33.333333333333336,33.333333333333336,1,1,38.46153846153847,1473.876255702121,1464.9215745591885,0.0,1.1404623668634957,1.0297163723401799,132.49472097891214,128.1962218870873,204.783367123073,193.8190280339319,3.5956744508215097,2.8912485484600867,0.4519652454027454,0.7008360965957119,1.0468309295551943,0.9810111368332523,73.2611224287695,72.13487687526148,33.53781644281644,35.949409778255934,0,1,96.13446395432659,95.00796998576234,1.1264939685642474,57.67513736263735,39.82993197278911,17.84520538984824,13.766788766788773,0.0,13.766788766788773,0
VCT 2026: Pacific Stage 1,Playoffs,Upper Final,Global Esports,FULL SENSE,50.0,50.0,0,0,40.0,1455.4452623786472,1500.0,50.0,50.0,50.0,0,0,42.857142857142854,1498.324265224043,1464.9215745591885,0.0,1.1085708866525563,1.049905490455943,132.35158500540854,128.59779045359403,202.53081663162544,194.9033831743653,3.425317599067599,2.8308346911025484,0.7007926739110563,0.7284062455401742,1.0233837119307707,0.990257094591916,71.87872842299313,72.76160644910645,32.007777777777775,35.73873765123765,0,1,95.49689501006306,95.05007779202523,0.4468172180378218,48.25414781297134,43.17460317460318,5.079544638368162,0.0,0.0,0.0,1
VCT 2026: Pacific Stage 1,Playoffs,Grand Final,FULL SENSE,Paper Rex,50.0,50.0,0,0,40.0,1478.5631104324382,1464.9215745591885,0.0,50.0,50.0,0,0,46.666666666666664,1607.2944118127016,1623.069294003536,58.16326530612243,1.0674186450064747,1.1233012691266793,129.43201183076184,135.62654510693986,196.30982429607428,205.32918592129118,2.8272975635475635,3.779688518109571,0.7683273106523106,0.4972417893509999,1.0030918068043069,1.0389984272550064,73.19972157472156,72.85183603920446,34.78948847448848,36.57782106782107,0,1,94.93113445416586,95.65270001427575,-0.7215655601098945,47.45098039215686,59.05173630717109,-11.600755915014233,0.0,12.665043290043288,-12.665043290043288,0
VCT 2026: Pacific Stage 1,Playoffs,Lower Round 2,T1,Rex Regum Qeon,40.0,40.0,5,5,60.0,1592.1301001572795,1539.1532746101648,58.87850467289719,60.0,60.0,5,5,40.0,1515.1162638759376,1454.1997038428533,18.269230769230766,1.1307100042326277,1.0372618301197325,131.68690657109775,126.89635207113149,203.41926455897044,192.4987369085163,3.354770909917969,3.307728301110654,0.5333925958300958,0.6553024090288796,1.0404206731449377,0.9902819301613419,72.89042645807352,70.13941946941947,33.030978835978836,32.37080086580087,0,1,95.89467104723147,95.0729247133541,0.8217463338773712,56.861087630318394,49.959548648073245,6.90153898224515,14.95726495726496,28.189033189033186,-13.231768231768227,1
VCT 2026: Pacific Stage 1,Playoffs,Lower Round 2,Paper Rex,Kiwoom DRX,33.33333333333334,33.33333333333334,1,1,53.333333333333336,1618.6561775388957,1623.069294003536,58.16326530612243,66.66666666666666,66.66666666666666,1,1,50.0,1502.2614252318544,1500.0,50.0,1.138486755110755,1.0211130838597802,137.1415777866784,130.5678001736825,207.22526435266371,194.73357786004843,3.8189042043840806,2.8952123040358337,0.6050816586320457,1.4659033033959508,1.0527304533987971,0.9885345308286485,73.48647656208027,70.34630467571644,36.61750360750361,34.45648148148148,0,1,95.77518211619179,95.3405541502854,0.43462796590638675,59.2781855825334,51.66666666666666,7.611518915866746,13.012265512265508,0.0,13.012265512265508,0
VCT 2026: Pacific Stage 1,Playoffs,Lower Round 3,T1,Paper Rex,40.0,40.0,5,5,60.0,1604.014932478391,1539.1532746101648,58.87850467289719,60.0,60.0,5,5,46.666666666666664,1598.546331377167,1623.069294003536,58.16326530612243,1.1545247390172024,1.1650283927798597,131.62172138591256,137.1697829148835,203.0074127071186,206.90010409625347,3.3288449839920426,3.809288819768696,0.6025629662004662,0.6779005688884558,1.0472873398116045,1.0570461585270021,73.26524127288833,73.47846374156747,33.019312169312165,37.52583694083694,0,1,95.90634078152455,95.7247329445075,0.1816078370170544,57.29958987583906,59.51697425381634,-2.2173843779772824,17.63152306630567,14.213564213564212,3.41795885274146,0
VCT 2026: Pacific Stage 1,Playoffs,Lower Final,Global Esports,Paper Rex,25.0,25.0,4,4,46.666666666666664,1475.206417170252,1500.0,50.0,75.0,75.0,4,4,53.333333333333336,1613.9855580899273,1623.069294003536,58.16326530612243,1.0900877632468322,1.1844158966333247,132.64959070341422,138.30982921117985,202.31742631823514,208.74315965180904,3.4626395363895366,3.8426221531020293,0.7992399673583498,0.7750695503699373,1.0168822874293462,1.0718841214899653,71.4522326964974,74.1016118897156,31.567777777777778,36.2813924963925,0,1,95.25667096194792,96.06858663323762,-0.8119156712896967,46.172839506172835,59.65633006449333,-13.483490558320497,0.0,13.888888888888895,-13.888888888888895,0
VCT 2026: China Stage 2,Group Stage,Week 1,Wolves Esports,Titan Esports Club,50.0,50.0,2,2,46.666666666666664,1463.5883541083476,1524.110702905285,60.00000000000001,50.0,50.0,2,2,26.666666666666668,1403.832027337885,1500.0,50.0,0.9679766149532789,1.0235421239560936,125.36148981917265,127.40249029533264,190.2918833060601,194.5611191981966,3.22480247950953,3.0242612381884824,0.43384677122128357,0.5684365442820611,0.967845493913961,0.9738662886840608,69.56667137165257,69.47419448211133,39.94897959183674,15.0,0,1,96.3166286155234,96.26213392058325,0.05449469494014636,44.70779220779221,37.31842231842232,7.389369889369888,25.795454545454543,14.980158730158733,10.81529581529581,1
VCT 2026: China Stage 2,Group Stage,Week 1,Dragon Ranger Gaming,Bilibili Gaming,33.33333333333334,33.33333333333334,3,3,46.666666666666664,1518.4844848547307,1470.0268923046199,0.0,66.66666666666666,66.66666666666666,3,3,46.666666666666664,1547.1482561291782,1414.577822123396,18.81188118811881,1.0659890466301514,1.0308724374882243,130.73350856872597,127.01882615750263,200.54520664520666,193.72090098898923,3.479037902516163,3.471317903229668,0.6453110966328358,0.3802355554032025,1.0299419142853925,0.9975744093052916,72.54921374921375,71.39201549539784,26.291666666666664,24.11904761904762,0,1,94.48840396949127,95.44891708427186,-0.9605131147805821,55.72772978655331,46.400135811900526,9.327593974652785,14.569964349376118,22.717652717652715,-8.147688368276597,1
VCT 2026: China Stage 2,Group Stage,Week 1,FunPlus Phoenix,Trace Esports,50.0,50.0,0,0,26.666666666666668,1399.57483444933,1490.2471260536495,0.0,50.0,50.0,0,0,40.0,1513.5034053174654,1460.7939589192893,17.75700934579439,1.0319519271060802,0.929702421170181,128.88925089072148,126.48920141572856,193.70528003586827,190.06731444481446,2.635710694534224,3.17187299356417,0.3118965334774158,0.6374425542092398,0.9905166453916454,0.9245437420171583,69.83321428027311,67.7925587986674,15.0,45.916666666666664,0,1,96.79251084969144,95.61952488786702,1.1729859618244234,40.39422927290574,45.540293040293044,-5.146063767387304,28.89448514448515,26.706349206349202,2.1881359381359466,1
VCT 2026: China Stage 2,Group Stage,Week 1,JDG Esports,TYLOO,33.33333333333333,33.33333333333333,3,3,53.333333333333336,1466.5007253433032,1500.0,50.0,66.66666666666667,66.66666666666667,3,3,53.333333333333336,1504.620981406064,1500.0,50.0,0.9824914471219104,1.1206257003644644,124.9586615681162,134.98990877734346,192.16410354236982,206.99492627850185,3.0913154315011897,3.3859980297480297,0.7675722748448397,0.7656531093398471,0.9649224283033523,1.0323678330597974,70.27311084300844,71.70677507016792,15.0,15.0,0,1,95.49821131020757,96.4646672344415,-0.9664559242339408,46.57774657774658,48.774509803921575,-2.196763226174994,11.399711399711393,17.361111111111114,-5.9613997113997215,0
VCT 2026: Pacific Stage 2,Group Stage,Week 1,Gen.G,ZETA DIVISION,50.0,50.0,0,0,40.0,1515.2148288078918,1511.0888324583925,60.57692307692308,50.0,50.0,0,0,33.33333333333333,1411.0859605484616,1455.3201260619624,17.75700934579439,1.013440766102275,0.9206235268494722,124.98994900524312,120.58769741696211,191.26461059637532,184.86556889189242,3.6686571598336304,3.1323598297127706,0.6007699799111564,0.5700930865974984,0.9536192049780285,0.9030656902465726,71.20441184088243,68.6340198853434,35.7152133580705,27.78624135124135,0,1,94.76872279593867,94.97263198510699,-0.20390918916831424,58.21819825271077,35.97808441558442,22.24011383712635,20.48872180451128,29.464285714285715,-8.975563909774436,1
VCT 2026: Pacific Stage 2,Group Stage,Week 1,Team Secret,VARREL,50.0,50.0,0,0,40.0,1451.4609706043495,1503.4468002875042,51.76470588235295,50.0,50.0,0,0,50.0,1509.3040495739865,1500.0,50.0,0.875325360778211,0.9350401075346403,120.45607946827256,123.64155629399195,181.31492649258954,187.9416489913273,2.726986887674228,3.632768115258924,0.5186551308488329,1.0244864449786324,0.8940720605824506,0.919322087889643,68.64139418552462,66.44158418174962,35.30752506752506,26.765277777777776,0,1,96.19085800491928,96.26946865083836,-0.07861064591908473,34.69215969215969,28.333333333333332,6.358826358826359,17.53246753246754,0.0,17.53246753246754,0
VCT 2026: Pacific Stage 2,Group Stage,Week 1,FULL SENSE,Nongshim RedForce,33.333333333333336,33.333333333333336,1,1,40.0,1467.201344706244,1464.9215745591885,0.0,66.66666666666666,66.66666666666666,1,1,60.0,1548.0440694847662,1500.0,50.0,1.0773770690286666,1.0780824205041588,129.90848241899712,124.9189276926777,197.5545658290511,193.71150118400118,2.9413795599825012,3.370986744736745,0.8939529791015085,0.6014473406223406,1.0117228228470876,1.0195145678395678,73.47351836616544,71.82506863506863,37.61827635327635,31.535993265993266,0,1,95.26433814431942,95.34469480373255,-0.08035665941312686,46.29629629629629,55.9297052154195,-9.633408919123212,0.0,8.0952380952381,-8.0952380952381,1
VCT 2026: Pacific Stage 2,Group Stage,Week 1,Kiwoom DRX,DetonatioN FocusMe,50.0,50.0,0,0,57.14285714285714,1522.3712713935831,1500.0,50.0,50.0,50.0,0,0,46.666666666666664,1464.0058092960653,1500.0,50.0,0.9924008926106189,1.001167110588141,128.245614434585,128.36479374655843,191.35645959432722,198.30538724891667,2.7851819748878577,3.2862704397998517,1.456086760053672,0.5896946012593072,0.9648153121388415,0.9679733845675021,69.57361829347124,69.99652661064425,33.676984126984124,35.42040816326531,0,1,95.23092622862978,95.66914775692331,-0.4382215282935249,49.69696969696969,37.58874458874459,12.1082251082251,0.0,19.621212121212128,-19.621212121212128,1
VCT 2026: Pacific Stage 2,Group Stage,Week 1,Rex Regum Qeon,Global Esports,50.0,50.0,2,2,40.0,1503.231431554826,1454.1997038428533,18.269230769230766,50.0,50.0,2,2,46.666666666666664,1464.285060981821,1500.0,50.0,1.0405927322649728,1.0899325504105326,127.36583736524912,132.80386420768772,193.1026584771438,203.0161442669531,3.29547339914987,3.5176252913752912,0.7879776541269189,0.9062328448512271,0.9979167340829105,1.019048954096013,70.51392927334103,71.23058027484497,33.517467532467535,31.00111111111111,0,1,95.33518639874248,95.35374918782041,-0.018562789077932962,49.1282165039929,43.42139342139342,5.706823082599485,29.495341614906835,24.2003367003367,5.295004914570136,0
VCT 2026: Pacific Stage 2,Group Stage,Week 1,Paper Rex,T1,66.66666666666666,80.0,6,5,53.333333333333336,1624.9069142783583,1623.069294003536,58.16326530612243,33.33333333333334,20.0,6,5,60.0,1588.5757057656308,1539.1532746101648,58.87850467289719,1.2035455080564224,1.1540585018681293,139.3688191101697,131.67801768220886,210.07103843968784,202.90667196637784,3.8048443753242513,3.2895857247327833,0.8840089443093313,0.7486666699041699,1.0836497780556218,1.045694747219012,74.37514724325095,73.00598201362908,38.183773448773444,33.77931216931217,0,1,96.07351220959411,95.83880520452925,0.23470700506486253,60.62179572991012,56.44907370062649,4.1727220292836265,13.227543982019697,10.268053202835803,2.959490779183893,0
VCT 2026: Pacific Stage 2,Group Stage,Week 1,Nongshim RedForce,Gen.G,50.0,50.0,2,2,60.0,1529.3697486007766,1500.0,50.0,50.0,50.0,2,2,46.666666666666664,1527.692446816397,1511.0888324583925,60.57692307692308,1.0780824205041588,1.013440766102275,124.9189276926777,124.98994900524312,193.71150118400118,191.26461059637532,3.370986744736745,3.6686571598336304,0.6014473406223406,0.6007699799111564,1.0195145678395678,0.9536192049780285,71.82506863506863,71.20441184088243,31.535993265993266,35.7152133580705,0,1,95.34469480373255,94.76872279593867,0.5759720077938795,54.77855477855478,59.19759716752198,-4.419042388967199,11.383061383061388,17.314118629908116,-5.931057246846727,0
VCT 2026: Pacific Stage 2,Group Stage,Week 1,Kiwoom DRX,Team Secret,33.333333333333336,33.333333333333336,1,1,62.5,1535.0415855814756,1500.0,50.0,66.66666666666666,66.66666666666666,1,1,40.0,1438.768430072111,1503.4468002875042,51.76470588235295,0.9924008926106189,0.875325360778211,128.245614434585,120.45607946827256,191.35645959432722,181.31492649258954,2.7851819748878577,2.726986887674228,1.456086760053672,0.5186551308488329,0.9648153121388415,0.8940720605824506,69.57361829347124,68.64139418552462,33.676984126984124,35.30752506752506,0,1,95.23092622862978,96.19085800491928,-0.9599317762894941,48.46153846153846,35.26657552973342,13.194962931805037,0.0,19.880952380952376,-19.880952380952376,0
VCT 2026: Americas Stage 2,Group Stage,Week 1,LEVIATÁN,FURIA,100.0,100.0,3,3,33.33333333333333,1444.8484016743512,1481.5834498455567,61.6822429906542,0.0,0.0,3,3,53.333333333333336,1461.4129812955382,1441.4313873690974,0.0,1.1459108308828962,0.9592790189149919,127.12422015620545,123.97924137667172,194.23412774045127,187.33566451908942,3.4611216316363373,2.924669512347531,0.590422446970241,0.6943527728993286,1.0076027665145313,0.9201806239712587,72.43306264541557,69.2693528871083,39.93174603174603,32.17315759637189,0,1,92.95341122982337,94.49173108021577,-1.5383198503923978,51.03069543763854,37.26413066838599,13.766564769252554,36.57212885154062,29.89057239057238,6.681556460968238,1
VCT 2026: Americas Stage 2,Group Stage,Week 1,Sentinels,Cloud9,100.0,100.0,3,3,20.0,1475.2606239209458,1502.7592313351352,21.782178217821784,0.0,0.0,3,3,53.333333333333336,1539.490916831376,1501.6461131968745,50.0,1.0265435973168378,0.9891646323963156,126.52994264994264,124.29338356632474,193.3299345099345,189.58698723934017,3.1227857327857325,3.043836142071436,0.604197705997706,0.6086532354355884,0.9913495171495171,0.9571626536861831,70.77217597217597,71.48262212732801,29.652142857142856,29.582539682539682,0,1,96.02578436213446,95.32637207373804,0.6994122883964167,56.58425339531688,54.27108572366676,2.3131676716501204,14.58966753182549,20.091455385573042,-5.501787853747551,1
VCT 2026: Americas Stage 2,Group Stage,Week 1,ENVY,Evil Geniuses,50.0,50.0,2,2,60.0,1527.4662649648585,1542.172592191286,80.0,50.0,50.0,2,2,33.33333333333333,1500.208042508847,1592.6952688862516,81.18811881188118,1.018282599179316,0.9355446800523075,130.44969355263473,124.61172040922041,197.2189178577414,188.10093887593888,3.323160238454356,3.0138085988085987,0.5927712466183054,0.5597790986790987,0.9653118556824439,0.9293441983941985,68.10007613301731,68.640168997669,27.33862433862434,29.81931216931217,0,1,93.35243277949996,94.83701674903548,-1.484583969535521,52.95815295815296,49.21978021978021,3.738372738372746,23.67724867724868,0.0,23.67724867724868,0
VCT 2026: Americas Stage 2,Group Stage,Week 1,KRÜ Esports,LOUD,80.0,80.0,5,5,20.0,1398.1714659036788,1425.7222083665558,21.153846153846153,20.0,20.0,5,5,40.0,1513.645368244027,1614.1402338538935,61.22448979591836,0.9986683736328302,0.9268837447777174,125.00766846987435,123.31262357181862,190.69089716383834,187.71519102156876,3.2219933878757407,3.2048495433015556,0.5919876900876901,0.7122636761243573,0.9715169467242997,0.9268298329809166,70.2839371358489,67.86398713773328,31.584981684981685,29.111507936507937,0,1,94.87166082295474,95.74724139010874,-0.8755805671540031,46.55472636815921,54.43129892575875,-7.876572557599545,23.958333333333336,23.584018320860423,0.37431501247291266,0
VCT 2026: Americas Stage 2,Group Stage,Week 1,G2 Esports,100 Thieves,75.0,75.0,4,4,60.0,1644.8266245078337,1534.0352943845458,42.30769230769231,25.0,25.0,4,4,80.0,1649.236271835155,1511.649084807243,36.53846153846153,1.183379734711394,1.1369831700576387,136.174265113971,130.82558715894243,208.71035677285678,200.09429682159947,3.731456343221049,3.2471288312077786,1.088185121523357,0.9381580865284813,1.0812298020606843,1.0472770538428433,74.9291297754533,73.06758935022093,33.19595238095238,40.337626262626266,0,1,95.69572362708881,93.99588267410722,1.6998409529815888,66.23640223495244,51.34507756995795,14.891324664994485,26.155425219941343,20.309011164274327,5.846414055667015,0
VCT 2026: Americas Stage 2,Group Stage,Week 1,NRG,MIBR,60.0,60.0,5,5,60.0,1620.0736231944247,1592.1099477671398,100.0,40.0,40.0,5,5,26.666666666666668,1454.070253834056,1483.026492080194,43.56435643564357,1.093808995225898,1.089530000256173,128.35291642768422,128.11076530767707,196.5396761992737,195.94349347819937,3.4965151543789315,3.748101756631168,0.9224182746390177,0.7337384387399093,1.037836316063251,1.0007235383897148,72.8251081174301,71.75538557303263,37.166613756613756,26.220578231292517,0,1,95.55798776900711,94.89951030604571,0.6584774629614003,51.67955905660824,43.4705463381934,8.20901271841484,35.50384800384801,30.217236467236464,5.286611536611549,1
VCT 2026: EMEA Stage 2,Group Stage,Week 1,FUT Esports,Natus Vincere,50.0,50.0,0,0,40.0,1471.1317998127545,1439.0126627366574,0.0,50.0,50.0,0,0,53.333333333333336,1508.837448751049,1495.5668945620932,36.66666666666667,0.9093421917437694,1.0920879105055914,119.7849449243567,132.1871700031994,182.7084109789992,199.06578998887824,3.064063637887167,3.267650943827414,0.44517074733545325,0.3106756273138626,0.8954204898587252,1.0119557456160397,66.92918684801037,70.7481758383229,34.95450036075036,36.32666666666667,0,1,94.40089665551476,94.85718282765005,-0.4562861721352931,36.52355396541443,48.40909090909091,-11.885536943676478,13.461538461538463,22.04545454545454,-8.583916083916076,0
VCT 2026: EMEA Stage 2,Group Stage,Week 1,Team Liquid,Eternal Fire,50.0,50.0,0,0,66.66666666666666,1642.6438092933597,1462.4967623022026,36.53846153846153,50.0,50.0,0,0,16.666666666666664,1457.7372833617867,1500.0,50.0,1.046003707955139,1.1328965284864427,128.19058076999255,136.17373367373366,193.31723397245457,205.01700614200615,3.254301632463397,3.153300403300403,0.40241911060072827,1.5079400229400228,0.9946343459100812,1.0581515244015245,71.74844649359355,73.05557405557406,31.141331684188827,33.25873015873016,0,1,96.00591469282146,95.68911820717467,0.3167964856467904,62.30881337821737,61.904761904761905,0.40405147345546766,22.029401567159013,0.0,22.029401567159013,0
VCT 2026: EMEA Stage 2,Group Stage,Week 1,FNATIC,GIANTX,33.33333333333333,33.33333333333333,3,3,46.666666666666664,1592.6364502849653,1607.6916052978104,59.4059405940594,66.66666666666667,66.66666666666667,3,3,46.666666666666664,1524.3548376298809,1491.0743044917538,40.59405940594059,1.1123181316973727,0.9825753755217507,128.4131368196074,122.56293485381721,195.75202765371884,185.61137091122384,3.841681132048779,3.4023485991133047,0.7037860512581101,0.3948327890519067,1.0218972021986727,0.9392077844813139,70.46118430589019,69.5199708243826,33.24584106369821,33.680002405002405,0,1,95.3492543039512,94.09861660160706,1.250637702344136,52.177699967173666,49.685534591194966,2.4921653759787006,33.133210133210135,33.33333333333333,-0.20012320012319407,1
VCT 2026: EMEA Stage 2,Group Stage,Week 1,PCIFIC Esports,Gentle Mates,50.0,50.0,0,0,16.666666666666664,1457.70394852528,1500.0,50.0,50.0,50.0,0,0,46.666666666666664,1477.4841881080472,1500.0,50.0,0.8532318096526513,1.0401819633825078,115.86216006216006,128.49711473711474,175.22013727013726,195.5329301254301,2.558521108521109,3.677611508861509,0.8087454027454029,0.7082747187997188,0.8744099974099974,0.9969092176342176,65.50299145299145,70.84838494838496,36.55277777777778,31.117354497354498,0,1,95.20340881728161,95.94835345036584,-0.7449446330842306,20.899470899470895,41.269841269841265,-20.37037037037037,0.0,24.47089947089947,-24.47089947089947,0
VCT 2026: EMEA Stage 2,Group Stage,Week 1,Karmine Corp,Eternal Fire,50.0,50.0,0,0,40.0,1463.8157886509553,1500.0,50.0,50.0,50.0,0,0,28.57142857142857,1483.9096072202167,1500.0,50.0,1.0494763142408128,1.1328965284864427,128.39344645951456,136.17373367373366,196.13627831863127,205.01700614200615,3.4755242991156305,3.153300403300403,0.3294636970643163,1.5079400229400228,0.9976242780267549,1.0581515244015245,72.23306896062314,73.05557405557406,29.91979316979317,33.25873015873016,0,1,96.6637468887975,95.68911820717467,0.974628681622832,41.714285714285715,66.66666666666666,-24.952380952380942,30.912698412698415,0.0,30.912698412698415,1
VCT 2026: EMEA Stage 2,Group Stage,Week 1,Team Vitality,Natus Vincere,16.66666666666667,16.66666666666667,2,2,46.666666666666664,1513.668102438845,1487.5405043694525,39.42307692307692,83.33333333333333,83.33333333333333,2,2,53.333333333333336,1524.5348620886075,1495.5668945620932,36.66666666666667,1.328129224317763,1.0920879105055914,134.96108968645734,132.1871700031994,202.69791895196306,199.06578998887824,3.3365469742675624,3.267650943827414,0.8971618355500708,0.3106756273138626,1.0589009986745281,1.0119557456160397,73.18435234699942,70.7481758383229,45.90642857142857,36.32666666666667,0,1,93.39248854408558,94.85718282765005,-1.4646942835644694,50.75474431406634,50.672514619883046,0.0822296941832974,20.58760683760684,24.907407407407405,-4.319800569800563,1
VCT 2026: EMEA Stage 2,Group Stage,Week 1,Gentle Mates,FUT Esports,25.0,25.0,4,4,53.333333333333336,1491.8197538485283,1500.0,50.0,75.0,75.0,4,4,40.0,1455.4343864751959,1439.0126627366574,0.0,1.0401819633825078,0.923754679680639,128.49711473711474,121.72979340920519,195.5329301254301,184.99507764566587,3.677611508861509,3.17618485000838,0.7082747187997188,0.7312919594566655,0.9969092176342176,0.9065962474344827,70.84838494838496,67.4534292722528,31.117354497354498,36.85945493900039,0,1,95.94835345036584,94.40291800939451,1.5454354409713318,42.432432432432435,35.12169312169312,7.310739310739315,17.5,15.952380952380956,1.547619047619044,0
VCT 2026: EMEA Stage 2,Group Stage,Week 1,Team Heretics,Team Liquid,50.0,50.0,4,4,60.0,1589.9511052207051,1542.0961920129039,60.57692307692308,50.0,50.0,4,4,66.66666666666666,1616.4714854349297,1462.4967623022026,36.53846153846153,1.1382973989565002,1.046003707955139,128.6887733725969,128.19058076999255,197.63290379283026,193.31723397245457,3.518276252614488,3.254301632463397,0.9900728196095844,0.40241911060072827,1.0445238620856268,0.9946343459100812,74.60454873557815,71.74844649359355,29.776560846560848,31.141331684188827,0,1,94.88032014094043,96.00591469282146,-1.1255945518810364,64.20879582505292,61.103604788223684,3.1051910368292326,11.863619472315124,21.15760669536414,-9.293987223049017,0
VCT 2026: EMEA Stage 2,Group Stage,Week 1,GIANTX,Karmine Corp,66.66666666666666,66.66666666666666,1,1,40.0,1510.1699151891512,1491.0743044917538,40.59405940594059,33.33333333333334,33.33333333333334,1,1,40.0,1482.432545267806,1500.0,50.0,0.9825753755217507,1.0494763142408128,122.56293485381721,128.39344645951456,185.61137091122384,196.13627831863127,3.4023485991133047,3.4755242991156305,0.3948327890519067,0.3294636970643163,0.9392077844813139,0.9976242780267549,69.5199708243826,72.23306896062314,33.680002405002405,29.91979316979317,0,1,94.09861660160706,96.6637468887975,-2.565130287190442,48.26361517270609,44.63026556776556,3.633349604940527,29.805749805749798,34.789377289377285,-4.983627483627487,0
VCT 2026: EMEA Stage 2,Group Stage,Week 1,Team Vitality,BBL Esports,0.0,0.0,3,3,46.666666666666664,1529.3433586120332,1487.5405043694525,39.42307692307692,100.0,100.0,3,3,66.66666666666666,1605.5455626805503,1500.0,50.0,1.328129224317763,0.9774100507417803,134.96108968645734,127.26267932503227,202.69791895196306,193.11905528023175,3.3365469742675624,3.4409214315096666,0.8971618355500708,0.7388698621639799,1.0589009986745281,0.9532285257226434,73.18435234699942,66.79797413915061,45.90642857142857,36.05232323232323,0,1,93.39248854408558,94.97018240758716,-1.5776938635015796,51.53144346692734,54.72282347282348,-3.1913800058961357,22.89862914862916,16.847041847041844,6.051587301587315,0
VCT 2026: EMEA Stage 2,Group Stage,Week 2,FUT Esports,PCIFIC Esports,50.0,50.0,0,0,40.0,1474.8708465283214,1439.0126627366574,0.0,50.0,50.0,0,0,14.285714285714285,1443.368382784799,1500.0,50.0,0.923754679680639,0.8532318096526513,121.72979340920519,115.86216006216006,184.99507764566587,175.22013727013726,3.17618485000838,2.558521108521109,0.7312919594566655,0.8087454027454029,0.9065962474344827,0.8744099974099974,67.4534292722528,65.50299145299145,36.85945493900039,36.55277777777778,0,1,94.40291800939451,95.20340881728161,-0.8004908078871011,37.31353752630348,27.77777777777778,9.535759748525699,20.409035409035408,0.0,20.409035409035408,1
VCT 2026: EMEA Stage 2,Group Stage,Week 2,FNATIC,Karmine Corp,66.66666666666666,66.66666666666666,1,1,53.333333333333336,1606.821372725695,1607.6916052978104,59.4059405940594,33.33333333333334,33.33333333333334,1,1,46.666666666666664,1501.4346561200034,1500.0,50.0,1.1123181316973727,1.0494763142408128,128.4131368196074,128.39344645951456,195.75202765371884,196.13627831863127,3.841681132048779,3.4755242991156305,0.7037860512581101,0.3294636970643163,1.0218972021986727,0.9976242780267549,70.46118430589019,72.23306896062314,33.24584106369821,29.91979316979317,0,1,95.3492543039512,96.6637468887975,-1.314492584846306,52.954112329112334,46.791052085169724,6.16306024394261,27.965377965377968,28.501498501498503,-0.536120536120535,1
VCT 2026: Pacific Stage 2,Group Stage,Week 2,Global Esports,FULL SENSE,66.66666666666666,66.66666666666666,1,1,53.333333333333336,1483.8497400135368,1500.0,50.0,33.333333333333336,33.333333333333336,1,1,46.666666666666664,1485.8756655902337,1464.9215745591885,0.0,1.0899325504105326,1.0773770690286666,132.80386420768772,129.90848241899712,203.0161442669531,197.5545658290511,3.5176252913752912,2.9413795599825012,0.9062328448512271,0.8939529791015085,1.019048954096013,1.0117228228470876,71.23058027484497,73.47351836616544,31.00111111111111,37.61827635327635,0,1,95.35374918782041,95.26433814431942,0.08941104350098783,44.002525252525245,47.54346182917612,-3.5409365766508714,24.2003367003367,0.0,24.2003367003367,1
VCT 2026: Pacific Stage 2,Group Stage,Week 2,T1,VARREL,33.333333333333336,33.333333333333336,1,1,66.66666666666666,1605.3593958048878,1539.1532746101648,58.87850467289719,66.66666666666666,66.66666666666666,1,1,55.55555555555556,1521.996590106225,1500.0,50.0,1.1564273076666334,0.9350401075346403,132.39420815839932,123.64155629399195,203.5085767282826,187.9416489913273,3.6057762009232595,3.632768115258924,1.3278095270470271,1.0244864449786324,1.0542280805523452,0.919322087889643,73.29741058505765,66.44158418174962,35.13854875283447,26.765277777777776,0,1,96.11409699474932,96.26946865083836,-0.15537165608904502,56.85919004561053,30.238095238095237,26.621094807515295,16.33948177426438,0.0,16.33948177426438,0
VCT 2026: Pacific Stage 2,Group Stage,Week 2,Rex Regum Qeon,ZETA DIVISION,83.33333333333333,83.33333333333333,2,2,40.0,1483.6667525231103,1454.1997038428533,18.269230769230766,16.66666666666667,16.66666666666667,2,2,33.33333333333333,1398.6083425399563,1455.3201260619624,17.75700934579439,1.0405927322649728,0.9206235268494722,127.36583736524912,120.58769741696211,193.1026584771438,184.86556889189242,3.29547339914987,3.1323598297127706,0.7879776541269189,0.5700930865974984,0.9979167340829105,0.9030656902465726,70.51392927334103,68.6340198853434,33.517467532467535,27.78624135124135,0,1,95.33518639874248,94.97263198510699,0.36255441363549323,48.53419923222913,35.08181818181818,13.45238105041095,29.495341614906835,29.734848484848484,-0.23950686994164982,0
VCT 2026: Pacific Stage 2,Group Stage,Week 2,DetonatioN FocusMe,Paper Rex,25.0,25.0,4,4,40.0,1451.3354951081728,1500.0,50.0,75.0,75.0,4,4,53.333333333333336,1608.1232242391013,1623.069294003536,58.16326530612243,1.001167110588141,1.2035455080564224,128.36479374655843,139.3688191101697,198.30538724891667,210.07103843968784,3.2862704397998517,3.8048443753242513,0.5896946012593072,0.8840089443093313,0.9679733845675021,1.0836497780556218,69.99652661064425,74.37514724325095,35.42040816326531,38.183773448773444,0,1,95.66914775692331,96.07351220959411,-0.404364452670805,38.57493857493858,59.976269120124684,-21.401330545186106,17.676767676767675,12.224621783445311,5.452145893322363,0
VCT 2026: Pacific Stage 2,Group Stage,Week 2,Nongshim RedForce,Global Esports,50.0,50.0,2,2,53.333333333333336,1514.0963686992295,1500.0,50.0,50.0,50.0,2,2,53.333333333333336,1501.552365903107,1500.0,50.0,1.0780824205041588,1.0899325504105326,124.9189276926777,132.80386420768772,193.71150118400118,203.0161442669531,3.370986744736745,3.5176252913752912,0.6014473406223406,0.9062328448512271,1.0195145678395678,1.019048954096013,71.82506863506863,71.23058027484497,31.535993265993266,31.00111111111111,0,1,95.34469480373255,95.35374918782041,-0.009054384087860967,53.58796296296296,45.16113516113517,8.426827801827791,10.185185185185187,16.7003367003367,-6.515151515151512,1
VCT 2026: Pacific Stage 2,Group Stage,Week 2,Team Secret,T1,33.33333333333334,33.33333333333334,1,1,40.0,1461.1242250486223,1503.4468002875042,51.76470588235295,66.66666666666666,66.66666666666666,1,1,66.66666666666666,1583.61571058612,1539.1532746101648,58.87850467289719,0.875325360778211,1.17688480736028,120.45607946827256,133.5501994438024,181.31492649258954,204.9665287979994,2.726986887674228,3.6284341529929764,0.5186551308488329,1.5806766294435413,0.8940720605824506,1.064563592534916,68.64139418552462,73.75841276370689,35.30752506752506,36.11074481074481,0,1,96.19085800491928,96.22136345809244,-0.030505453173162778,37.730519480519476,55.49941245593419,-17.768892975414715,25.032467532467535,15.483091787439612,9.549375745027923,0
VCT 2026: Pacific Stage 2,Group Stage,Week 2,Paper Rex,Kiwoom DRX,16.66666666666667,16.66666666666667,2,2,60.0,1618.2794185726814,1623.069294003536,58.16326530612243,83.33333333333333,83.33333333333333,2,2,55.55555555555556,1512.6857906049643,1500.0,50.0,1.2035455080564224,0.9924008926106189,139.3688191101697,128.245614434585,210.07103843968784,191.35645959432722,3.8048443753242513,2.7851819748878577,0.8840089443093313,1.456086760053672,1.0836497780556218,0.9648153121388415,74.37514724325095,69.57361829347124,38.183773448773444,33.676984126984124,0,1,96.07351220959411,95.23092622862978,0.8425859809643299,60.36865863855483,45.55555555555556,14.81310308299927,12.148864207687737,12.5,-0.3511357923122631,1
VCT 2026: Pacific Stage 2,Group Stage,Week 2,Gen.G,Rex Regum Qeon,50.0,50.0,4,4,46.666666666666664,1542.965826717944,1511.0888324583925,60.57692307692308,50.0,50.0,4,4,33.33333333333333,1461.842028194394,1454.1997038428533,18.269230769230766,1.013440766102275,1.0405927322649728,124.98994900524312,127.36583736524912,191.26461059637532,193.1026584771438,3.6686571598336304,3.29547339914987,0.6007699799111564,0.7879776541269189,0.9536192049780285,0.9979167340829105,71.20441184088243,70.51392927334103,35.7152133580705,33.517467532467535,0,1,94.76872279593867,95.33518639874248,-0.5664636028038075,59.431700675719824,47.117826617826616,12.313874057893209,15.665211981001459,29.603174603174605,-13.937962622173146,1
VCT 2026: Pacific Stage 2,Group Stage,Week 3,VARREL,DetonatioN FocusMe,66.66666666666666,66.66666666666666,1,1,60.0,1543.7402753249928,1500.0,50.0,33.333333333333336,33.333333333333336,1,1,40.0,1441.1793007745928,1500.0,50.0,0.9350401075346403,1.001167110588141,123.64155629399195,128.36479374655843,187.9416489913273,198.30538724891667,3.632768115258924,3.2862704397998517,1.0244864449786324,0.5896946012593072,0.919322087889643,0.9679733845675021,66.44158418174962,69.99652661064425,26.765277777777776,35.42040816326531,0,1,96.26946865083836,95.66914775692331,0.6003208939150539,37.5,37.69563769563769,-0.19563769563769284,0.0,20.05772005772005,-20.05772005772005,0
VCT 2026: Pacific Stage 2,Group Stage,Week 3,FULL SENSE,ZETA DIVISION,83.33333333333333,83.33333333333333,2,2,40.0,1468.1730397006634,1464.9215745591885,0.0,16.66666666666667,16.66666666666667,2,2,40.0,1420.4330668686725,1455.3201260619624,17.75700934579439,1.0773770690286666,0.9206235268494722,129.90848241899712,120.58769741696211,197.5545658290511,184.86556889189242,2.9413795599825012,3.1323598297127706,0.8939529791015085,0.5700930865974984,1.0117228228470876,0.9030656902465726,73.47351836616544,68.6340198853434,37.61827635327635,27.78624135124135,0,1,95.26433814431942,94.97263198510699,0.29170615921243837,46.30779848171152,36.99609214315097,9.311706338560555,26.455026455026452,30.49465240641711,-4.039625951390658,0
VCT 2026: Pacific Stage 2,Group Stage,Week 3,Team Secret,Paper Rex,66.66666666666666,66.66666666666666,1,1,40.0,1449.4843400030209,1503.4468002875042,51.76470588235295,33.333333333333336,33.333333333333336,1,1,60.0,1630.6892053295742,1623.069294003536,58.16326530612243,0.875325360778211,1.2035455080564224,120.45607946827256,139.3688191101697,181.31492649258954,210.07103843968784,2.726986887674228,3.8048443753242513,0.5186551308488329,0.8840089443093313,0.8940720605824506,1.0836497780556218,68.64139418552462,74.37514724325095,35.30752506752506,38.183773448773444,0,1,96.19085800491928,96.07351220959411,0.1173457953251642,36.45433931148217,60.89657891128479,-24.44223959980262,21.38888888888889,15.225787284610826,6.163101604278063,0
VCT 2026: Pacific Stage 2,Group Stage,Week 3,Global Esports,Gen.G,50.0,50.0,4,4,53.333333333333336,1486.9009166146418,1500.0,50.0,50.0,50.0,4,4,46.666666666666664,1554.6798537173684,1511.0888324583925,60.57692307692308,1.0899325504105326,1.013440766102275,132.80386420768772,124.98994900524312,203.0161442669531,191.26461059637532,3.5176252913752912,3.6686571598336304,0.9062328448512271,0.6007699799111564,1.019048954096013,0.9536192049780285,71.23058027484497,71.20441184088243,31.00111111111111,35.7152133580705,0,1,95.35374918782041,94.76872279593867,0.5850263918817404,44.91582491582491,59.047110571037074,-14.13128565521216,13.636363636363635,16.396907821392947,-2.760544185029312,0
VCT 2026: Pacific Stage 2,Group Stage,Week 3,T1,DetonatioN FocusMe,100.0,100.0,3,3,66.66666666666666,1595.2555956317215,1539.1532746101648,58.87850467289719,0.0,0.0,3,3,46.666666666666664,1460.7403104034167,1500.0,50.0,1.17688480736028,1.001167110588141,133.5501994438024,128.36479374655843,204.9665287979994,198.30538724891667,3.6284341529929764,3.2862704397998517,1.5806766294435413,0.5896946012593072,1.064563592534916,0.9679733845675021,73.75841276370689,69.99652661064425,36.11074481074481,35.42040816326531,0,1,96.22136345809244,95.66914775692331,0.552215701169132,56.42769726247987,39.464285714285715,16.963411548194152,14.420289855072465,21.319444444444446,-6.899154589371982,0
VCT 2026: Pacific Stage 2,Group Stage,Week 3,FULL SENSE,Rex Regum Qeon,66.66666666666666,66.66666666666666,1,1,33.33333333333333,1450.8975040934397,1464.9215745591885,0.0,33.33333333333334,33.33333333333334,1,1,33.33333333333333,1450.1280011949698,1454.1997038428533,18.269230769230766,1.0773770690286666,1.0405927322649728,129.90848241899712,127.36583736524912,197.5545658290511,193.1026584771438,2.9413795599825012,3.29547339914987,0.8939529791015085,0.7879776541269189,1.0117228228470876,0.9979167340829105,73.47351836616544,70.51392927334103,37.61827635327635,33.517467532467535,0,1,95.26433814431942,95.33518639874248,-0.07084825442305487,46.025641025641036,46.888770433546554,-0.8631294079055181,29.72222222222223,30.21428571428571,-0.4920634920634832,0
VCT 2026: Pacific Stage 2,Group Stage,Week 3,VARREL,Kiwoom DRX,50.0,50.0,0,0,54.54545454545454,1524.1792656961688,1500.0,50.0,50.0,50.0,0,0,50.0,1500.2760038480715,1500.0,50.0,0.9350401075346403,0.9924008926106189,123.64155629399195,128.245614434585,187.9416489913273,191.35645959432722,3.632768115258924,2.7851819748878577,1.0244864449786324,1.456086760053672,0.919322087889643,0.9648153121388415,66.44158418174962,69.57361829347124,26.765277777777776,33.676984126984124,0,1,96.26946865083836,95.23092622862978,1.0385424222085788,35.88235294117647,43.33333333333333,-7.450980392156858,0.0,17.5,-17.5,1
VCT 2026: Pacific Stage 2,Group Stage,Week 3,ZETA DIVISION,Nongshim RedForce,16.66666666666667,16.66666666666667,2,2,46.666666666666664,1437.7086024758962,1455.3201260619624,17.75700934579439,83.33333333333333,83.33333333333333,2,2,53.333333333333336,1528.7478179876948,1500.0,50.0,0.9206235268494722,1.0780824205041588,120.58769741696211,124.9189276926777,184.86556889189242,193.71150118400118,3.1323598297127706,3.370986744736745,0.5700930865974984,0.6014473406223406,0.9030656902465726,1.0195145678395678,68.6340198853434,71.82506863506863,27.78624135124135,31.535993265993266,0,1,94.97263198510699,95.34469480373255,-0.37206281862556523,38.18017495529457,53.73482726423903,-15.554652308944462,28.845029239766077,9.92063492063492,18.92439431913116,0
VCT 2026: Pacific Stage 2,Group Stage,Week 4,Team Secret,DetonatioN FocusMe,33.33333333333334,33.33333333333334,1,1,33.33333333333333,1440.3128929855545,1503.4468002875042,51.76470588235295,66.66666666666666,66.66666666666666,1,1,46.666666666666664,1481.5478121818376,1500.0,50.0,0.875325360778211,1.001167110588141,120.45607946827256,128.36479374655843,181.31492649258954,198.30538724891667,2.726986887674228,3.2862704397998517,0.5186551308488329,0.5896946012593072,0.8940720605824506,0.9679733845675021,68.64139418552462,69.99652661064425,35.30752506752506,35.42040816326531,0,1,96.19085800491928,95.66914775692331,0.5217102479959692,35.79840613931523,40.605413105413106,-4.807006966097873,19.6031746031746,19.417735042735053,0.1854395604395478,0
VCT 2026: Pacific Stage 2,Group Stage,Week 4,Gen.G,FULL SENSE,50.0,50.0,0,0,46.666666666666664,1566.9516380874925,1511.0888324583925,60.57692307692308,50.0,50.0,0,0,33.33333333333333,1435.6638390763285,1464.9215745591885,0.0,1.013440766102275,1.0773770690286666,124.98994900524312,129.90848241899712,191.26461059637532,197.5545658290511,3.6686571598336304,2.9413795599825012,0.6007699799111564,0.8939529791015085,0.9536192049780285,1.0117228228470876,71.20441184088243,73.47351836616544,35.7152133580705,37.61827635327635,0,1,94.76872279593867,95.26433814431942,-0.4956153483807526,59.218158212904726,45.17241379310344,14.045744419801288,25.41062801932366,37.22222222222222,-11.811594202898561,1
VCT 2026: Pacific Stage 2,Group Stage,Week 4,Kiwoom DRX,T1,50.0,50.0,0,0,45.45454545454545,1486.1201036090822,1500.0,50.0,50.0,50.0,0,0,60.0,1574.4480938533006,1539.1532746101648,58.87850467289719,0.9924008926106189,1.165472025509951,128.245614434585,132.46314062027298,191.35645959432722,202.74692095486213,2.7851819748878577,3.6739243490714077,1.456086760053672,1.894598198070992,0.9648153121388415,1.0622184944957003,69.57361829347124,74.10351080292257,33.676984126984124,35.99960317460317,0,1,95.23092622862978,96.1165312181172,-0.885604989487419,41.88095238095239,55.70453262152867,-13.823580240576284,15.11904761904762,14.521299956082562,0.5977476629650589,0
VCT 2026: Pacific Stage 2,Group Stage,Week 4,Global Esports,ZETA DIVISION,66.66666666666666,66.66666666666666,1,1,46.666666666666664,1474.6291322445177,1500.0,50.0,33.33333333333334,33.33333333333334,1,1,46.666666666666664,1426.4027676492892,1455.3201260619624,17.75700934579439,1.0899325504105326,0.9206235268494722,132.80386420768772,120.58769741696211,203.0161442669531,184.86556889189242,3.5176252913752912,3.1323598297127706,0.9062328448512271,0.5700930865974984,1.019048954096013,0.9030656902465726,71.23058027484497,68.6340198853434,31.00111111111111,27.78624135124135,0,1,95.35374918782041,94.97263198510699,0.3811172027134262,45.11363636363636,38.06832913003512,7.045307233601243,17.87878787878788,28.477443609022558,-10.598655730234679,1
VCT 2026: Americas Stage 2,Group Stage,Week 2,Evil Geniuses,LEVIATÁN,50.0,50.0,0,0,40.0,1519.1860326592011,1592.6952688862516,81.18811881188118,50.0,50.0,0,0,40.0,1460.7725388147685,1481.5834498455567,61.6822429906542,0.9355446800523075,1.1459108308828962,124.61172040922041,127.12422015620545,188.10093887593888,194.23412774045127,3.0138085988085987,3.4611216316363373,0.5597790986790987,0.590422446970241,0.9293441983941985,1.0076027665145313,68.640168997669,72.43306264541557,29.81931216931217,39.93174603174603,0,1,94.83701674903548,92.95341122982337,1.8836055192121108,50.71436500007928,51.852114898989896,-1.137749898910613,24.059274059274056,33.059764309764304,-9.000490250490248,0
VCT 2026: Americas Stage 2,Group Stage,Week 2,ENVY,MIBR,16.666666666666668,16.666666666666668,2,2,53.333333333333336,1508.4882748145044,1542.172592191286,80.0,83.33333333333333,83.33333333333333,2,2,20.0,1445.6263019424537,1483.026492080194,43.56435643564357,1.0054314439488505,1.047834146070957,128.9311750341162,126.74712894404071,196.10039933922286,193.3980389327448,3.302419497713615,3.8826472111766233,0.9045490243960832,1.1551323781338487,0.9539340779046661,0.9850871747533513,68.69118724412843,71.17477951242657,28.061224489795922,24.6529304029304,0,1,93.23132170457924,95.26715023108804,-2.0358285265087943,50.132275132275126,43.68117387567103,6.4511012566040975,17.328042328042333,31.08869616222558,-13.760653834183248,0
VCT 2026: Americas Stage 2,Group Stage,Week 2,FURIA,NRG,33.33333333333333,33.33333333333333,3,3,53.333333333333336,1445.488844155121,1441.4313873690974,0.0,66.66666666666667,66.66666666666667,3,3,60.0,1628.5175750860271,1592.1099477671398,100.0,0.9592790189149919,1.088160620779064,123.97924137667172,129.11926563403344,187.33566451908942,196.67427937387689,2.924669512347531,3.599372297236074,0.6943527728993286,1.3282595444802874,0.9201806239712587,1.0382934589203938,69.2693528871083,72.85240970473168,32.17315759637189,37.30708616780045,0,1,94.49173108021577,95.55515129770433,-1.0634202174885559,36.713131313131306,51.63379830046496,-14.920666987333654,28.07239057239057,38.400673400673405,-10.328282828282834,0
VCT 2026: Americas Stage 2,Group Stage,Week 2,100 Thieves,KRÜ Esports,66.66666666666666,66.66666666666666,3,3,86.66666666666667,1664.243364017501,1511.649084807243,36.53846153846153,33.33333333333334,33.33333333333334,3,3,13.333333333333334,1387.8451983177106,1425.7222083665558,21.153846153846153,1.1369831700576387,0.9719946956767994,130.82558715894243,124.22257043065866,200.09429682159947,189.1018775559952,3.2471288312077786,3.4298365251306424,0.9381580865284813,1.0527720038131803,1.0472770538428433,0.9559169467242996,73.06758935022093,69.39217242996655,40.337626262626266,30.16706349206349,0,1,93.99588267410722,95.09754506205104,-1.1016623879438185,52.089490968801314,46.400793650793645,5.688697318007669,24.742063492063497,21.45833333333333,3.283730158730169,1
VCT 2026: Americas Stage 2,Group Stage,Week 2,G2 Esports,Cloud9,100.0,100.0,5,5,60.0,1629.8195323254877,1534.0352943845458,42.30769230769231,0.0,0.0,5,5,53.333333333333336,1521.5124790520258,1501.6461131968745,50.0,1.1833370117920754,0.9891646323963156,137.33734203704793,124.29338356632474,209.59445933695935,189.58698723934017,4.030943522708228,3.043836142071436,1.4947492240874596,0.6086532354355884,1.0851272379581203,0.9571626536861831,74.95374516006868,71.48262212732801,32.41232993197279,29.582539682539682,0,1,95.8222696955606,95.32637207373804,0.49589762182256436,65.44120074709619,54.064018769901125,11.377181977195065,30.04431410883024,22.334147334147335,7.710166774682904,1
VCT 2026: Americas Stage 2,Group Stage,Week 2,Sentinels,LOUD,83.33333333333333,83.33333333333333,2,2,26.666666666666668,1493.239061700296,1502.7592313351352,21.782178217821784,16.666666666666668,16.666666666666668,2,2,46.666666666666664,1523.9716358299952,1614.1402338538935,61.22448979591836,1.0265435973168378,0.923879743365078,126.52994264994264,122.91071880991385,193.3299345099345,187.33804816442589,3.1227857327857325,3.338182876634889,0.604197705997706,1.1713589142195953,0.9913495171495171,0.92616316631425,70.77217597217597,67.76779666154279,29.652142857142856,29.592687074829932,0,1,96.02578436213446,95.77199021483764,0.2537941472968157,56.476912385474954,54.691454078529354,1.7854583069455998,14.430445033893314,26.276326013168116,-11.845880979274803,1
VCT 2026: Americas Stage 2,Group Stage,Week 2,ENVY,LEVIATÁN,66.66666666666666,66.66666666666666,1,1,46.666666666666664,1487.7381830574166,1542.172592191286,80.0,33.33333333333334,33.33333333333334,1,1,46.666666666666664,1481.304014393402,1481.5834498455567,61.6822429906542,0.9484768447228386,1.1459108308828962,125.3800639230051,127.12422015620545,190.41891785774138,194.23412774045127,3.3046417199358378,3.4611216316363373,1.1887712466183054,0.590422446970241,0.9191118556824438,1.0076027665145313,67.72674279968398,72.43306264541557,29.945054945054945,39.93174603174603,0,1,93.39490894394896,92.95341122982337,0.4414977141255889,47.985347985347985,53.08386899295991,-5.098521007611922,15.476190476190471,34.44865319865319,-18.97246272246272,0
VCT 2026: Americas Stage 2,Group Stage,Week 2,FURIA,MIBR,50.0,50.0,2,2,53.333333333333336,1436.3884201917997,1441.4313873690974,0.0,50.0,50.0,2,2,26.666666666666668,1466.3763936995415,1483.026492080194,43.56435643564357,0.9592790189149919,1.0380655424351708,123.97924137667172,127.93824005515181,187.33566451908942,194.00915004385595,2.924669512347531,3.8382027667321785,0.6943527728993286,1.395265711467182,0.9201806239712587,0.9895093969755735,69.2693528871083,71.41922395687102,32.17315759637189,25.290674603174605,0,1,94.49173108021577,95.0604451966858,-0.5687141164700336,36.11693861693862,45.21033653846154,-9.093397921522921,26.55723905723906,33.5505698005698,-6.993330743330738,0
VCT 2026: Americas Stage 2,Group Stage,Week 3,KRÜ Esports,G2 Esports,16.66666666666667,16.66666666666667,2,2,13.333333333333334,1381.8882107395198,1425.7222083665558,21.153846153846153,83.33333333333333,83.33333333333333,2,2,60.0,1642.104110031934,1534.0352943845458,42.30769230769231,0.9722044433200843,1.2244168764864911,124.49166133974957,138.3961655664597,188.55278664690428,211.7105377683319,3.3898365251306424,4.1070219540807775,1.4293780644192409,1.647415890754126,0.9513108861182391,1.1051821399189048,69.26005121784533,75.89021574830399,30.16706349206349,33.11071428571428,0,1,94.82970834590597,95.72672435464854,-0.8970160087425683,45.264388162672475,66.01372314099717,-20.749334978324697,22.745098039215684,28.06018712470325,-5.315089085487568,0
VCT 2026: Americas Stage 2,Group Stage,Week 3,100 Thieves,Sentinels,50.0,50.0,4,4,86.66666666666667,1670.200351595692,1511.649084807243,36.53846153846153,50.0,50.0,4,4,26.666666666666668,1512.3918300760336,1502.7592313351352,21.782178217821784,1.1369831700576387,1.0265435973168378,130.82558715894243,126.52994264994264,200.09429682159947,193.3299345099345,3.2471288312077786,3.1227857327857325,0.9381580865284813,0.604197705997706,1.0472770538428433,0.9913495171495171,73.06758935022093,70.77217597217597,40.337626262626266,29.652142857142856,0,1,93.99588267410722,96.02578436213446,-2.0299016880272376,53.37169312169312,57.20583304874493,-3.834139927051808,22.103174603174608,15.973654910436519,6.129519692738089,1
VCT 2026: Americas Stage 2,Group Stage,Week 3,Cloud9,LOUD,50.0,50.0,2,2,46.666666666666664,1509.2279013455795,1501.6461131968745,50.0,50.0,50.0,2,2,40.0,1504.8188674542575,1614.1402338538935,61.22448979591836,0.9891646323963156,0.9065488452075597,124.29338356632474,122.2637012660542,189.58698723934017,185.81313588372413,3.043836142071436,3.265200420494538,0.6086532354355884,1.4986571598336305,0.9571626536861831,0.9155315873668816,71.48262212732801,67.41481420540244,29.582539682539682,29.89981684981685,0,1,95.32637207373804,95.70745522804427,-0.38108315430622497,52.86244154168682,53.55901913406787,-0.6965775923810469,20.482295482295488,24.44482418166629,-3.9625286993708038,0
VCT 2026: Americas Stage 2,Group Stage,Week 3,Evil Geniuses,MIBR,33.333333333333336,33.333333333333336,1,1,40.0,1498.6545570805677,1592.6952688862516,81.18811881188118,66.66666666666666,66.66666666666666,1,1,33.33333333333333,1482.461057886872,1483.026492080194,43.56435643564357,0.9355446800523075,1.0380655424351708,124.61172040922041,127.93824005515181,188.10093887593888,194.00915004385595,3.0138085988085987,3.8382027667321785,0.5597790986790987,1.395265711467182,0.9293441983941985,0.9895093969755735,68.640168997669,71.41922395687102,29.81931216931217,25.290674603174605,0,1,94.83701674903548,95.0604451966858,-0.22342844765032055,48.9394696212878,46.62253438569228,2.3169352355955155,32.45670995670995,34.42776278302594,-1.97105282631599,0
VCT 2026: Americas Stage 2,Group Stage,Week 3,ENVY,FURIA,50.0,50.0,0,0,40.0,1469.812285453828,1542.172592191286,80.0,50.0,50.0,0,0,53.333333333333336,1420.3037560044693,1441.4313873690974,0.0,0.9484768447228386,0.9592790189149919,125.3800639230051,123.97924137667172,190.41891785774138,187.33566451908942,3.3046417199358378,2.924669512347531,1.1887712466183054,0.6943527728993286,0.9191118556824438,0.9201806239712587,67.72674279968398,69.2693528871083,29.945054945054945,32.17315759637189,0,1,93.39490894394896,94.49173108021577,-1.096822136266809,46.003401360544224,34.97403226161395,11.029369098930275,17.261904761904756,26.029906912259854,-8.768002150355098,1
VCT 2026: Americas Stage 2,Group Stage,Week 3,LEVIATÁN,NRG,0.0,0.0,3,3,53.333333333333336,1499.2299119969905,1481.5834498455567,61.6822429906542,100.0,100.0,3,3,60.0,1637.6179990493483,1592.1099477671398,100.0,1.1459108308828962,1.0824569417420515,127.12422015620545,129.45054768531548,194.23412774045127,197.1501768097743,3.4611216316363373,3.7624492203129973,0.590422446970241,1.5629262111469542,1.0076027665145313,1.037770381997317,72.43306264541557,72.840102012424,39.93174603174603,35.9460927960928,0,1,92.95341122982337,95.56986427404307,-2.6164530442196963,53.88705393030653,52.52525252525252,1.3618014050540097,34.44865319865319,39.30976430976432,-4.8611111111111285,0
VCT 2026: Americas Stage 2,Group Stage,Week 3,Cloud9,KRÜ Esports,50.0,50.0,0,0,46.666666666666664,1493.8350203608868,1501.6461131968745,50.0,50.0,50.0,0,0,6.666666666666667,1375.4559216174641,1425.7222083665558,21.153846153846153,0.9891646323963156,0.9502683713738621,124.29338356632474,123.74721689530513,189.58698723934017,187.59861998023763,3.043836142071436,3.4148365251306427,0.6086532354355884,1.7111002866414633,0.9571626536861831,0.9380747750071279,71.48262212732801,68.75588455117867,29.582539682539682,30.677200577200576,0,1,95.32637207373804,94.91799313254485,0.40837894119319174,52.607055642769915,44.19117647058824,8.415879172181675,30.363247863247867,22.745098039215684,7.618149824032184,1
VCT 2026: Americas Stage 2,Group Stage,Week 3,G2 Esports,Sentinels,62.5,60.0,8,5,66.66666666666666,1648.5363991539896,1534.0352943845458,42.30769230769231,37.5,40.0,8,5,26.666666666666668,1503.6571958684158,1502.7592313351352,21.782178217821784,1.226426670951011,1.0265435973168378,138.6332026034967,126.52994264994264,211.8794266572208,193.3299345099345,4.361836768895592,3.1227857327857325,2.106712187050422,0.604197705997706,1.1131747325114971,0.9913495171495171,75.84058611867435,70.77217597217597,34.28660714285714,29.652142857142856,0,1,96.0188053636498,96.02578436213446,-0.006978998484655108,66.45015292850948,56.564417057557584,9.885735870951898,26.056277056277054,17.683056619838233,8.373220436438821,1
VCT 2026: Americas Stage 2,Group Stage,Week 4,Evil Geniuses,FURIA,66.66666666666666,66.66666666666666,3,3,40.0,1480.2348385539565,1592.6952688862516,81.18811881188118,33.33333333333334,33.33333333333334,3,3,53.333333333333336,1407.2551683547342,1441.4313873690974,0.0,0.9355446800523075,0.9592790189149919,124.61172040922041,123.97924137667172,188.10093887593888,187.33566451908942,3.0138085988085987,2.924669512347531,0.5597790986790987,0.6943527728993286,0.9293441983941985,0.9201806239712587,68.640168997669,69.2693528871083,29.81931216931217,32.17315759637189,0,1,94.83701674903548,94.49173108021577,0.345285668819713,47.19461697722567,35.025695552011335,12.168921425214336,30.43650793650794,24.663299663299664,5.773208273208276,1
VCT 2026: Americas Stage 2,Group Stage,Week 4,ENVY,NRG,50.0,50.0,0,0,40.0,1482.860873103563,1542.172592191286,80.0,50.0,50.0,0,0,66.66666666666666,1647.0647303808407,1592.1099477671398,100.0,0.9531185710028628,1.0807231366328054,125.0763602193014,129.66388101864882,190.40706600588953,197.37239903199654,3.648345423639541,4.006893664757442,1.582326802173861,2.061415100035843,0.923971114941703,1.039770381997317,67.9563724293136,72.9912131235351,31.144179894179896,36.658267195767195,0,1,93.30893931088968,95.588579856938,-2.279640546048313,46.87543639156542,52.925540232041776,-6.050103840476353,21.320346320346317,46.6839447102605,-25.36359838991418,0
VCT 2026: Americas Stage 2,Group Stage,Week 4,100 Thieves,Cloud9,50.0,50.0,2,2,86.66666666666667,1678.9349858033097,1511.649084807243,36.53846153846153,50.0,50.0,2,2,46.666666666666664,1505.6600696008732,1501.6461131968745,50.0,1.1369831700576387,0.9891646323963156,130.82558715894243,124.29338356632474,200.09429682159947,189.58698723934017,3.2471288312077786,3.043836142071436,0.9381580865284813,0.6086532354355884,1.0472770538428433,0.9571626536861831,73.06758935022093,71.48262212732801,40.337626262626266,29.582539682539682,0,1,93.99588267410722,95.32637207373804,-1.330489399630821,53.84004884004885,54.027715579439715,-0.1876667393908633,22.17948717948718,32.42784992784993,-10.248362748362748,0
VCT 2026: Americas Stage 2,Group Stage,Week 4,G2 Esports,LOUD,16.666666666666668,16.666666666666668,2,2,66.66666666666666,1657.741570866581,1534.0352943845458,42.30769230769231,83.33333333333333,83.33333333333333,2,2,46.666666666666664,1520.2117484389503,1614.1402338538935,61.22448979591836,1.226426670951011,0.9275292915191999,138.6332026034967,125.00673156908451,211.8794266572208,189.64465103523926,4.361836768895592,3.49671557200969,2.106712187050422,1.9194450386215094,1.1131747325114971,0.934246738882033,75.84058611867435,68.45481420540244,34.28660714285714,28.933134920634924,0,1,96.0188053636498,95.80061157239915,0.21819379125065552,66.39452501521467,53.63961676497861,12.754908250236056,27.65845265845267,27.655188696378623,0.003263962074047555,0
VCT 2026: EMEA Stage 2,Group Stage,Week 2,Eternal Fire,Team Heretics,16.666666666666668,16.666666666666668,2,2,25.0,1465.2928506033659,1500.0,50.0,83.33333333333333,83.33333333333333,2,2,60.0,1573.691941592245,1542.0961920129039,60.57692307692308,1.1328965284864427,1.1382973989565002,136.17373367373366,128.6887733725969,205.01700614200615,197.63290379283026,3.153300403300403,3.518276252614488,1.5079400229400228,0.9900728196095844,1.0581515244015245,1.0445238620856268,73.05557405557406,74.60454873557815,33.25873015873016,29.776560846560848,0,1,95.68911820717467,94.88032014094043,0.808798066234246,60.25641025641024,62.7857445677409,-2.5293343113306577,0.0,11.283643892339546,-11.283643892339546,0
VCT 2026: EMEA Stage 2,Group Stage,Week 2,Gentle Mates,Natus Vincere,83.33333333333333,83.33333333333333,2,2,53.333333333333336,1472.3832937954028,1500.0,50.0,16.66666666666667,16.66666666666667,2,2,53.333333333333336,1508.8596059154193,1495.5668945620932,36.66666666666667,1.0401819633825078,1.0920879105055914,128.49711473711474,132.1871700031994,195.5329301254301,199.06578998887824,3.677611508861509,3.267650943827414,0.7082747187997188,0.3106756273138626,0.9969092176342176,1.0119557456160397,70.84838494838496,70.7481758383229,31.117354497354498,36.32666666666667,0,1,95.94835345036584,94.85718282765005,1.0911706227157936,40.79552925706772,49.6539503856577,-8.858421128589981,19.551282051282058,23.1980056980057,-3.6467236467236432,1
VCT 2026: EMEA Stage 2,Group Stage,Week 2,FUT Esports,BBL Esports,0.0,0.0,3,3,46.666666666666664,1488.6964060627904,1439.0126627366574,0.0,100.0,100.0,3,3,66.66666666666666,1619.3461263264417,1500.0,50.0,0.9034153785605195,0.9641584589740596,121.11455531396707,126.8578308401838,184.09285542344367,192.4026916438681,3.304438818262348,3.4809214315096666,1.211184022948729,1.0668092561033737,0.8939422791805145,0.9492406469347646,67.03120705003057,66.80403474521123,30.54540043290043,36.07987012987013,0,1,94.9182030248758,95.03929907304635,-0.12109604817055697,38.73886113886113,56.17835497835498,-17.43949383949385,13.539793539793537,14.069264069264065,-0.5294705294705278,1
VCT 2026: EMEA Stage 2,Group Stage,Week 2,Team Liquid,FNATIC,33.33333333333334,40.0,6,5,66.66666666666666,1632.7306490633898,1462.4967623022026,36.53846153846153,66.66666666666666,60.0,6,5,60.0,1617.547182249386,1607.6916052978104,59.4059405940594,1.046003707955139,1.1123181316973727,128.19058076999255,128.4131368196074,193.31723397245457,195.75202765371884,3.254301632463397,3.841681132048779,0.40241911060072827,0.7037860512581101,0.9946343459100812,1.0218972021986727,71.74844649359355,70.46118430589019,31.141331684188827,33.24584106369821,0,1,96.00591469282146,95.3492543039512,0.6566603888702645,61.81744410846578,52.86508099008099,8.952363118384788,22.246759088864355,29.247429247429245,-7.0006701585648905,1
VCT 2026: EMEA Stage 2,Group Stage,Week 2,PCIFIC Esports,Team Vitality,33.333333333333336,33.333333333333336,1,1,12.5,1429.54282325033,1500.0,50.0,66.66666666666666,66.66666666666666,1,1,40.0,1515.5427949661419,1487.5405043694525,39.42307692307692,0.8532318096526513,1.328129224317763,115.86216006216006,134.96108968645734,175.22013727013726,202.69791895196306,2.558521108521109,3.3365469742675624,0.8087454027454029,0.8971618355500708,0.8744099974099974,1.0589009986745281,65.50299145299145,73.18435234699942,36.55277777777778,45.90642857142857,0,1,95.20340881728161,93.39248854408558,1.8109202731960323,28.148148148148145,50.10409546593757,-21.955947317789423,0.0,22.652179691653373,-22.652179691653373,0
VCT 2026: EMEA Stage 2,Group Stage,Week 2,Eternal Fire,GIANTX,50.0,50.0,0,0,22.22222222222222,1453.0125096407548,1500.0,50.0,50.0,50.0,0,0,40.0,1491.1678043369538,1491.0743044917538,40.59405940594059,1.1328965284864427,0.9825753755217507,136.17373367373366,122.56293485381721,205.01700614200615,185.61137091122384,3.153300403300403,3.4023485991133047,1.5079400229400228,0.3948327890519067,1.0581515244015245,0.9392077844813139,73.05557405557406,69.5199708243826,33.25873015873016,33.680002405002405,0,1,95.68911820717467,94.09861660160706,1.59050160556761,55.333333333333336,46.84134578871421,8.491987544619128,0.0,27.22943722943723,-27.22943722943723,0
VCT 2026: EMEA Stage 2,Group Stage,Week 2,BBL Esports,Natus Vincere,66.66666666666666,66.66666666666666,1,1,60.0,1598.6853194468845,1500.0,50.0,33.33333333333334,33.33333333333334,1,1,53.333333333333336,1489.4185891700085,1495.5668945620932,36.66666666666667,0.9699146006815659,1.0920879105055914,127.09587005587007,132.1871700031994,193.09171125171125,199.06578998887824,3.768764568764569,3.267650943827414,1.3540641580641581,0.3106756273138626,0.9540955488955489,1.0119557456160397,66.93972101972102,70.7481758383229,36.17575757575758,36.32666666666667,0,1,94.98454875301033,94.85718282765005,0.12736592536028013,55.21195785346728,47.85558111139506,7.3563767420722215,16.082251082251076,21.915954415954413,-5.833703333703337,1
VCT 2026: EMEA Stage 2,Group Stage,Week 2,Team Heretics,Karmine Corp,50.0,50.0,2,2,60.0,1585.972282554856,1542.0961920129039,60.57692307692308,50.0,50.0,2,2,46.666666666666664,1490.7088465963125,1500.0,50.0,1.1382973989565002,1.0494763142408128,128.6887733725969,128.39344645951456,197.63290379283026,196.13627831863127,3.518276252614488,3.4755242991156305,0.9900728196095844,0.3294636970643163,1.0445238620856268,0.9976242780267549,74.60454873557815,72.23306896062314,29.776560846560848,29.91979316979317,0,1,94.88032014094043,96.6637468887975,-1.783426747857078,63.54422833296073,46.51297776297777,17.03125056998296,11.86067019400353,27.599483849483846,-15.738813655480316,0
VCT 2026: EMEA Stage 2,Group Stage,Week 3,GIANTX,Team Liquid,0.0,0.0,4,4,40.0,1506.8427093666087,1491.0743044917538,40.59405940594059,100.0,100.0,4,4,73.33333333333333,1649.561991399046,1462.4967623022026,36.53846153846153,0.9825753755217507,1.046003707955139,122.56293485381721,128.19058076999255,185.61137091122384,193.31723397245457,3.4023485991133047,3.254301632463397,0.3948327890519067,0.40241911060072827,0.9392077844813139,0.9946343459100812,69.5199708243826,71.74844649359355,33.680002405002405,31.141331684188827,0,1,94.09861660160706,96.00591469282146,-1.9072980912144004,48.35815784968327,62.235450793803196,-13.877292944119922,30.033670033670028,22.246759088864355,7.786910944805673,0
VCT 2026: EMEA Stage 2,Group Stage,Week 3,Gentle Mates,Team Vitality,33.333333333333336,33.333333333333336,1,1,60.0,1491.8243105408135,1500.0,50.0,66.66666666666666,66.66666666666666,1,1,46.666666666666664,1528.873151660698,1487.5405043694525,39.42307692307692,1.0401819633825078,1.328129224317763,128.49711473711474,134.96108968645734,195.5329301254301,202.69791895196306,3.677611508861509,3.3365469742675624,0.7082747187997188,0.8971618355500708,0.9969092176342176,1.0589009986745281,70.84838494838496,73.18435234699942,31.117354497354498,45.90642857142857,0,1,95.94835345036584,93.39248854408558,2.555864906280263,43.03135888501742,51.30394857667585,-8.272589691658432,16.07142857142857,21.07323232323232,-5.001803751803752,0
VCT 2026: EMEA Stage 2,Group Stage,Week 3,Natus Vincere,PCIFIC Esports,50.0,50.0,0,0,46.666666666666664,1478.8473047498264,1495.5668945620932,36.66666666666667,50.0,50.0,0,0,11.11111111111111,1416.2124665557737,1500.0,50.0,1.0920879105055914,0.8532318096526513,132.1871700031994,115.86216006216006,199.06578998887824,175.22013727013726,3.267650943827414,2.558521108521109,0.3106756273138626,0.8087454027454029,1.0119557456160397,0.8744099974099974,70.7481758383229,65.50299145299145,36.32666666666667,36.55277777777778,0,1,94.85718282765005,95.20340881728161,-0.3462259896315629,47.21571906354515,26.797385620915033,20.418333442630118,22.596153846153843,9.722222222222221,12.873931623931622,1
VCT 2026: EMEA Stage 2,Group Stage,Week 3,Eternal Fire,FNATIC,33.333333333333336,33.333333333333336,1,1,20.0,1437.3376046111,1500.0,50.0,66.66666666666666,66.66666666666666,1,1,53.333333333333336,1600.7158399137297,1607.6916052978104,59.4059405940594,1.1328965284864427,1.1123181316973727,136.17373367373366,128.4131368196074,205.01700614200615,195.75202765371884,3.153300403300403,3.841681132048779,1.5079400229400228,0.7037860512581101,1.0581515244015245,1.0218972021986727,73.05557405557406,70.46118430589019,33.25873015873016,33.24584106369821,0,1,95.68911820717467,95.3492543039512,0.33986390322347404,51.764705882352935,52.254624419572885,-0.4899185372199497,0.0,29.247429247429245,-29.247429247429245,1
VCT 2026: EMEA Stage 2,Group Stage,Week 3,BBL Esports,Gentle Mates,100.0,100.0,3,3,60.0,1609.2566038670666,1500.0,50.0,0.0,0.0,3,3,53.333333333333336,1478.2390488272054,1500.0,50.0,0.9699146006815659,1.0401819633825078,127.09587005587007,128.49711473711474,193.09171125171125,195.5329301254301,3.768764568764569,3.677611508861509,1.3540641580641581,0.7082747187997188,0.9540955488955489,0.9969092176342176,66.93972101972102,70.84838494838496,36.17575757575758,31.117354497354498,0,1,94.98454875301033,95.94835345036584,-0.9638046973555134,55.60887525173239,42.677751541387906,12.931123710344487,16.822991822991817,13.815536315536308,3.007455507455509,1
VCT 2026: EMEA Stage 2,Group Stage,Week 3,GIANTX,Team Heretics,25.0,25.0,4,4,40.0,1496.0914680679962,1491.0743044917538,40.59405940594059,75.0,75.0,4,4,53.333333333333336,1563.6639392055215,1542.0961920129039,60.57692307692308,0.9825753755217507,1.1382973989565002,122.56293485381721,128.6887733725969,185.61137091122384,197.63290379283026,3.4023485991133047,3.518276252614488,0.3948327890519067,0.9900728196095844,0.9392077844813139,1.0445238620856268,69.5199708243826,74.60454873557815,33.680002405002405,29.776560846560848,0,1,94.09861660160706,94.88032014094043,-0.781703539333364,47.06408345752608,62.229938271604944,-15.165854814078862,29.848484848484848,11.904761904761907,17.94372294372294,0
VCT 2026: EMEA Stage 2,Group Stage,Week 3,FUT Esports,Team Vitality,50.0,50.0,4,4,46.666666666666664,1509.3572129423476,1439.0126627366574,0.0,50.0,50.0,4,4,46.666666666666664,1542.4584133743062,1487.5405043694525,39.42307692307692,0.9034153785605195,1.328129224317763,121.11455531396707,134.96108968645734,184.09285542344367,202.69791895196306,3.304438818262348,3.3365469742675624,1.211184022948729,0.8971618355500708,0.8939422791805145,1.0589009986745281,67.03120705003057,73.18435234699942,30.54540043290043,45.90642857142857,0,1,94.9182030248758,93.39248854408558,1.5257144807902137,39.98085248085248,51.741274023882724,-11.760421543030247,13.254453879453877,19.525613275613274,-6.271159396159398,0
VCT 2026: EMEA Stage 2,Group Stage,Week 3,Karmine Corp,Team Liquid,33.33333333333333,33.33333333333333,3,3,53.333333333333336,1513.017189945647,1500.0,50.0,66.66666666666667,66.66666666666667,3,3,80.0,1660.3132326976586,1462.4967623022026,36.53846153846153,1.0494763142408128,1.046003707955139,128.39344645951456,128.19058076999255,196.13627831863127,193.31723397245457,3.4755242991156305,3.254301632463397,0.3294636970643163,0.40241911060072827,0.9976242780267549,0.9946343459100812,72.23306896062314,71.74844649359355,29.91979316979317,31.141331684188827,0,1,96.6637468887975,96.00591469282146,0.6578321959760416,48.843700159489636,62.88464726495286,-14.040947105463225,27.462121212121204,23.17916002126529,4.282961190855914,1
VCT 2026: EMEA Stage 2,Group Stage,Week 3,BBL Esports,PCIFIC Esports,83.33333333333333,83.33333333333333,2,2,66.66666666666666,1618.981786932575,1500.0,50.0,16.66666666666667,16.66666666666667,2,2,10.0,1401.7514196682444,1500.0,50.0,0.9697865891582055,0.8532318096526513,126.32663928663928,115.86216006216006,191.60746216746216,175.22013727013726,4.0867132867132865,2.558521108521109,1.6615806415806416,0.8087454027454029,0.9544032412032413,0.8744099974099974,67.06499574499574,65.50299145299145,35.079292929292926,36.55277777777778,0,1,94.97603048234693,95.20340881728161,-0.2273783349346843,56.08256150629032,26.25730994152046,29.825251564769857,16.595071595071598,12.22222222222222,4.3728493728493785,1
VCT 2026: EMEA Stage 2,Group Stage,Week 3,FNATIC,Team Heretics,40.0,40.0,5,5,46.666666666666664,1575.4001142800328,1607.6916052978104,59.4059405940594,60.0,60.0,5,5,60.0,1577.8834456556626,1542.0961920129039,60.57692307692308,1.1123181316973727,1.1382973989565002,128.4131368196074,128.6887733725969,195.75202765371884,197.63290379283026,3.841681132048779,3.518276252614488,0.7037860512581101,0.9900728196095844,1.0218972021986727,1.0445238620856268,70.46118430589019,74.60454873557815,33.24584106369821,29.776560846560848,0,1,95.3492543039512,94.88032014094043,0.46893416301077195,51.40557334434885,63.006535947712415,-11.600962603363563,38.176000676000676,13.028944911297845,25.14705576470283,0
VCT 2026: China Stage 2,Group Stage,Week 1,Dragon Ranger Gaming,Titan Esports Club,50.0,50.0,2,2,46.666666666666664,1537.5332164522779,1470.0268923046199,0.0,50.0,50.0,2,2,26.666666666666668,1389.229596599902,1500.0,50.0,1.0659890466301514,1.0235421239560936,130.73350856872597,127.40249029533264,200.54520664520666,194.5611191981966,3.479037902516163,3.0242612381884824,0.6453110966328358,0.5684365442820611,1.0299419142853925,0.9738662886840608,72.54921374921375,69.47419448211133,26.291666666666664,15.0,0,1,94.48840396949127,96.26213392058325,-1.7737299510919797,56.88475665748393,35.75004360718646,21.13471305029747,14.638047138047133,15.995115995115993,-1.3570688570688603,1
VCT 2026: China Stage 2,Group Stage,Week 1,Bilibili Gaming,Wolves Esports,50.0,50.0,4,4,46.666666666666664,1528.099524531631,1414.577822123396,18.81188118811881,50.0,50.0,4,4,46.666666666666664,1478.1907848463306,1524.110702905285,60.00000000000001,1.0308724374882243,0.9679766149532789,127.01882615750263,125.36148981917265,193.72090098898923,190.2918833060601,3.471317903229668,3.22480247950953,0.3802355554032025,0.43384677122128357,0.9975744093052916,0.967845493913961,71.39201549539784,69.56667137165257,24.11904761904762,39.94897959183674,0,1,95.44891708427186,96.3166286155234,-0.867711531251544,45.191877365790404,46.628787878787875,-1.4369105129974713,23.47522847522847,30.138888888888893,-6.663660413660423,1
VCT 2026: China Stage 2,Group Stage,Week 1,Nova Esports,FunPlus Phoenix,50.0,50.0,2,2,26.666666666666668,1446.8249107391987,1500.0,50.0,50.0,50.0,2,2,33.33333333333333,1422.747770212158,1490.2471260536495,0.0,0.8762997829048363,1.0319519271060802,121.40572190230144,128.88925089072148,183.6933803775135,193.70528003586827,2.8749679300608095,2.635710694534224,0.3678512844991173,0.3118965334774158,0.9055936384237467,0.9905166453916454,67.76145039416822,69.83321428027311,15.0,15.0,0,1,95.66829281071267,96.79251084969144,-1.1242180389787677,31.094276094276097,41.319128383954315,-10.224852289678218,10.732323232323232,31.275437525437518,-20.543114293114286,1
VCT 2026: China Stage 2,Group Stage,Week 1,TYLOO,Trace Esports,83.33333333333333,83.33333333333333,2,2,60.0,1520.29764016703,1500.0,50.0,16.66666666666667,16.66666666666667,2,2,40.0,1490.3304695546374,1460.7939589192893,17.75700934579439,1.1206257003644644,0.929702421170181,134.98990877734346,126.48920141572856,206.99492627850185,190.06731444481446,3.3859980297480297,3.17187299356417,0.7656531093398471,0.6374425542092398,1.0323678330597974,0.9245437420171583,71.70677507016792,67.7925587986674,15.0,45.916666666666664,0,1,96.4646672344415,95.61952488786702,0.8451423465744909,50.480769230769226,44.78586403114706,5.69490519962217,18.64316239316239,28.095238095238084,-9.452075702075692,1
VCT 2026: China Stage 2,Group Stage,Week 2,Wolves Esports,All Gamers,50.0,50.0,2,2,40.0,1465.1593524702516,1524.110702905285,60.00000000000001,50.0,50.0,2,2,53.333333333333336,1479.3517481928325,1500.0,50.0,0.9679766149532789,1.051251181817395,125.36148981917265,126.07142421011199,190.2918833060601,198.0802898698977,3.22480247950953,3.1220092471072864,0.43384677122128357,0.8572665518660993,0.967845493913961,0.9817790641568922,69.56667137165257,71.55526413631617,39.94897959183674,15.0,0,1,96.3166286155234,97.02605736175069,-0.7094287462272888,46.6341160970317,50.61111111111111,-3.9769950140794066,31.241830065359476,21.38888888888889,9.852941176470587,0
VCT 2026: China Stage 2,Group Stage,Week 2,Xi Lai Gaming,Titan Esports Club,66.66666666666666,66.66666666666666,1,1,53.333333333333336,1536.8392040091512,1460.0458016262623,17.75700934579439,33.333333333333336,33.333333333333336,1,1,26.666666666666668,1380.150442585117,1500.0,50.0,1.1990101364927728,1.0235421239560936,136.20113859320756,127.40249029533264,208.0970865134227,194.5611191981966,4.3508537535261675,3.0242612381884824,0.8524787407196891,0.5684365442820611,1.0695199574371987,0.9738662886840608,74.57419857919858,69.47419448211133,20.25,15.0,0,1,95.38218785115106,96.26213392058325,-0.8799460694321937,62.51860119047619,35.86048454469507,26.65811664578112,27.943121693121686,18.055555555555557,9.887566137566129,0
VCT 2026: China Stage 2,Group Stage,Week 2,JDG Esports,FunPlus Phoenix,83.33333333333333,83.33333333333333,2,2,46.666666666666664,1450.824066582337,1500.0,50.0,16.666666666666668,16.666666666666668,2,2,33.33333333333333,1406.3654941174968,1490.2471260536495,0.0,0.969880110633292,1.0319519271060802,123.83829957716597,128.88925089072148,190.8511623658992,193.70528003586827,3.074844843265896,2.635710694534224,1.128251007876514,0.3118965334774158,0.9540446002490537,0.9905166453916454,70.11654975703559,69.83321428027311,15.0,15.0,0,1,95.25789166530994,96.79251084969144,-1.5346191843814978,45.19036519036519,40.033348683867715,5.157016506497477,9.437229437229444,29.58892958892959,-20.151700151700148,0
VCT 2026: China Stage 2,Group Stage,Week 2,EDward Gaming,TYLOO,100.0,100.0,4,4,66.66666666666666,1613.506534136428,1525.8473730024853,18.269230769230766,0.0,0.0,4,4,60.0,1536.383350357497,1500.0,50.0,1.1223602273199418,1.1206257003644644,134.00993154837693,134.98990877734346,204.95018645842174,206.99492627850185,3.4760857878504936,3.3859980297480297,0.8347280639528538,0.7656531093398471,1.04274230904483,1.0323678330597974,72.22444716323531,71.70677507016792,30.75,15.0,0,1,97.4032886919801,96.4646672344415,0.9386214575385878,54.49556541019955,52.52313475997686,1.972430650222691,15.681818181818185,27.770146520146522,-12.088328338328337,0
VCT 2026: China Stage 2,Group Stage,Week 2,All Gamers,Bilibili Gaming,33.33333333333333,33.33333333333333,3,3,60.0,1496.233205437461,1500.0,50.0,66.66666666666667,66.66666666666667,3,3,53.333333333333336,1541.13095690771,1414.577822123396,18.81188118811881,1.051251181817395,1.0308724374882243,126.07142421011199,127.01882615750263,198.0802898698977,193.72090098898923,3.1220092471072864,3.471317903229668,0.8572665518660993,0.3802355554032025,0.9817790641568922,0.9975744093052916,71.55526413631617,71.39201549539784,15.0,24.11904761904762,0,1,97.02605736175069,95.44891708427186,1.5771402774788328,52.123363965469224,45.16195973338831,6.961404232080916,14.766081871345033,24.990379990379992,-10.224298119034959,0
VCT 2026: China Stage 2,Group Stage,Week 2,Xi Lai Gaming,Dragon Ranger Gaming,25.0,25.0,4,4,46.666666666666664,1515.2140184189655,1460.0458016262623,17.75700934579439,75.0,75.0,4,4,53.333333333333336,1546.6123704670629,1470.0268923046199,0.0,1.1990101364927728,1.0659890466301514,136.20113859320756,130.73350856872597,208.0970865134227,200.54520664520666,4.3508537535261675,3.479037902516163,0.8524787407196891,0.6453110966328358,1.0695199574371987,1.0299419142853925,74.57419857919858,72.54921374921375,20.25,26.291666666666664,0,1,95.38218785115106,94.48840396949127,0.8937838816597861,62.11159211159211,57.15368790883666,4.957904202755451,30.165343915343907,15.434343434343429,14.731000481000478,1
VCT 2026: China Stage 2,Group Stage,Week 2,Nova Esports,JDG Esports,50.0,50.0,0,0,33.33333333333333,1463.2071868338599,1500.0,50.0,50.0,50.0,0,0,46.666666666666664,1430.9841467383264,1500.0,50.0,0.8988253018303552,0.9646648888641718,121.8672603638399,123.27402832210525,184.92893593306906,190.17450919450917,2.994967930060809,2.8296694046694046,0.6361076947555275,1.4766923034230726,0.913850048680157,0.950097231828001,68.16621229893012,69.75875623476838,15.0,15.0,0,1,95.29471250434032,95.19834482726496,0.09636767707536364,33.87310606060606,43.88026607538802,-10.00716001478196,12.398989898989898,15.984848484848484,-3.5858585858585865,1
VCT 2026: China Stage 2,Group Stage,Week 2,TYLOO,FunPlus Phoenix,66.66666666666667,66.66666666666667,3,3,60.0,1554.9030740167757,1500.0,50.0,33.33333333333333,33.33333333333333,3,3,33.33333333333333,1426.2054139615075,1490.2471260536495,0.0,1.1206257003644644,1.0319519271060802,134.98990877734346,128.88925089072148,206.99492627850185,193.70528003586827,3.3859980297480297,2.635710694534224,0.7656531093398471,0.3118965334774158,1.0323678330597974,0.9905166453916454,71.70677507016792,69.83321428027311,15.0,15.0,0,1,96.4646672344415,96.79251084969144,-0.32784361524993244,53.48834092736532,41.83491006465479,11.653430862710529,26.96428571428572,26.223544973544964,0.7407407407407547,1
VCT 2026: China Stage 2,Group Stage,Week 2,Trace Esports,EDward Gaming,33.33333333333334,40.0,6,5,40.0,1474.2447593641705,1460.7939589192893,17.75700934579439,66.66666666666666,60.0,6,5,66.66666666666666,1594.9868104771492,1525.8473730024853,18.269230769230766,0.929702421170181,1.1223602273199418,126.48920141572856,134.00993154837693,190.06731444481446,204.95018645842174,3.17187299356417,3.4760857878504936,0.6374425542092398,0.8347280639528538,0.9245437420171583,1.04274230904483,67.7925587986674,72.22444716323531,45.916666666666664,30.75,0,1,95.61952488786702,97.4032886919801,-1.7837638041130788,43.48051948051948,53.992704826038164,-10.512185345518681,29.2063492063492,15.976430976430978,13.229918229918221,0
VCT 2026: China Stage 2,Group Stage,Week 2,Titan Esports Club,Bilibili Gaming,16.66666666666667,16.66666666666667,2,2,33.33333333333333,1401.7756281753027,1500.0,50.0,83.33333333333333,83.33333333333333,2,2,60.0,1554.3775812435092,1414.577822123396,18.81188118811881,1.0235421239560936,1.0308724374882243,127.40249029533264,127.01882615750263,194.5611191981966,193.72090098898923,3.0242612381884824,3.471317903229668,0.5684365442820611,0.3802355554032025,0.9738662886840608,0.9975744093052916,69.47419448211133,71.39201549539784,15.0,24.11904761904762,0,1,96.26213392058325,95.44891708427186,0.8132168363113976,36.72023809523809,45.4194409613883,-8.699202866150209,17.037037037037035,27.16356107660456,-10.126524039567524,0
VCT 2026: China Stage 2,Group Stage,Week 2,All Gamers,Xi Lai Gaming,16.666666666666664,20.0,6,5,53.333333333333336,1482.9865811016618,1500.0,50.0,83.33333333333334,80.0,6,5,46.666666666666664,1534.4002448080555,1460.0458016262623,17.75700934579439,1.051251181817395,1.1990101364927728,126.07142421011199,136.20113859320756,198.0802898698977,208.0970865134227,3.1220092471072864,4.3508537535261675,0.8572665518660993,0.8524787407196891,0.9817790641568922,1.0695199574371987,71.55526413631617,74.57419857919858,15.0,20.25,0,1,97.02605736175069,95.38218785115106,1.6438695105996288,52.22886762360447,62.96430732002419,-10.735439696419718,8.65497076023392,31.022131478120592,-22.36716071788667,0
VCT 2026: China Stage 2,Group Stage,Week 2,Trace Esports,Nova Esports,83.33333333333333,83.33333333333333,2,2,40.0,1462.5262830505642,1460.7939589192893,17.75700934579439,16.666666666666668,16.666666666666668,2,2,40.0,1477.0014854558667,1500.0,50.0,0.929702421170181,0.9046612848132519,126.48920141572856,122.87399113307067,190.06731444481446,185.71393593306905,3.17187299356417,3.099967930060809,0.6374425542092398,0.8870692332170661,0.9245437420171583,0.9283019717570801,67.7925587986674,68.73496229893013,45.916666666666664,15.0,0,1,95.61952488786702,94.91705822533106,0.7024666625359544,42.31690336953495,35.67965367965368,6.637249689881266,29.735449735449738,13.58585858585859,16.149591149591146,0
VCT 2026: China Stage 2,Group Stage,Week 2,Dragon Ranger Gaming,Wolves Esports,50.0,50.0,2,2,46.666666666666664,1527.4261440779728,1470.0268923046199,0.0,50.0,50.0,2,2,33.33333333333333,1448.277895225623,1524.110702905285,60.00000000000001,1.0659890466301514,0.9679766149532789,130.73350856872597,125.36148981917265,200.54520664520666,190.2918833060601,3.479037902516163,3.22480247950953,0.6453110966328358,0.43384677122128357,1.0299419142853925,0.967845493913961,72.54921374921375,69.56667137165257,26.291666666666664,39.94897959183674,0,1,94.48840396949127,96.3166286155234,-1.828224646032126,55.80452880452881,45.00420875420875,10.80032005032006,16.51126651126651,30.70707070707071,-14.1958041958042,0
VCT 2026: China Stage 2,Group Stage,Week 2,EDward Gaming,JDG Esports,100.0,100.0,3,3,73.33333333333333,1606.7052867907555,1525.8473730024853,18.269230769230766,0.0,0.0,3,3,46.666666666666664,1417.1898481163196,1500.0,50.0,1.1223602273199418,0.9646648888641718,134.00993154837693,123.27402832210525,204.95018645842174,190.17450919450917,3.4760857878504936,2.8296694046694046,0.8347280639528538,1.4766923034230726,1.04274230904483,0.950097231828001,72.22444716323531,69.75875623476838,30.75,15.0,0,1,97.4032886919801,95.19834482726496,2.2049438647151334,54.87941429801894,43.506493506493506,11.372920791525438,14.814814814814813,17.619047619047617,-2.8042328042328037,1
VCT 2026: China Stage 2,Group Stage,Week 3,Titan Esports Club,All Gamers,66.66666666666666,66.66666666666666,1,1,33.33333333333333,1392.853240107432,1500.0,50.0,33.333333333333336,33.333333333333336,1,1,46.666666666666664,1467.9721905792608,1500.0,50.0,1.0235421239560936,1.051251181817395,127.40249029533264,126.07142421011199,194.5611191981966,198.0802898698977,3.0242612381884824,3.1220092471072864,0.5684365442820611,0.8572665518660993,0.9738662886840608,0.9817790641568922,69.47419448211133,71.55526413631617,15.0,15.0,0,1,96.26213392058325,97.02605736175069,-0.7639234411674352,37.15797430083144,51.2702463228779,-14.112272022046461,17.566137566137563,10.927698032961198,6.638439533176365,0
VCT 2026: China Stage 2,Group Stage,Week 3,Bilibili Gaming,Xi Lai Gaming,50.0,50.0,4,4,66.66666666666666,1563.29996931138,1414.577822123396,18.81188118811881,50.0,50.0,4,4,53.333333333333336,1549.4146353304566,1460.0458016262623,17.75700934579439,1.0308724374882243,1.1990101364927728,127.01882615750263,136.20113859320756,193.72090098898923,208.0970865134227,3.471317903229668,4.3508537535261675,0.3802355554032025,0.8524787407196891,0.9975744093052916,1.0695199574371987,71.39201549539784,74.57419857919858,24.11904761904762,20.25,0,1,95.44891708427186,95.38218785115106,0.06672923312079604,45.66499344277121,63.47025016903313,-17.805256726261916,26.996336996337,31.46072796934865,-4.46439097301165,1
VCT 2026: China Stage 2,Group Stage,Week 3,JDG Esports,Trace Esports,0.0,0.0,3,3,40.0,1408.3391044074901,1500.0,50.0,100.0,100.0,3,3,40.0,1447.95919420994,1460.7939589192893,17.75700934579439,0.9646648888641718,0.929702421170181,123.27402832210525,126.48920141572856,190.17450919450917,190.06731444481446,2.8296694046694046,3.17187299356417,1.4766923034230726,0.6374425542092398,0.950097231828001,0.9245437420171583,69.75875623476838,67.7925587986674,15.0,45.916666666666664,0,1,95.19834482726496,95.61952488786702,-0.4211800606020546,41.84453227931488,41.8924963924964,-0.04796411318151428,18.63636363636364,26.403318903318905,-7.766955266955264,1
VCT 2026: China Stage 2,Group Stage,Week 3,EDward Gaming,Nova Esports,66.66666666666666,66.66666666666666,3,3,73.33333333333333,1615.556030499585,1525.8473730024853,18.269230769230766,33.33333333333334,33.33333333333334,3,3,46.666666666666664,1491.5685742964909,1500.0,50.0,1.1223602273199418,0.9046612848132519,134.00993154837693,122.87399113307067,204.95018645842174,185.71393593306905,3.4760857878504936,3.099967930060809,0.8347280639528538,0.8870692332170661,1.04274230904483,0.9283019717570801,72.22444716323531,68.73496229893013,30.75,15.0,0,1,97.4032886919801,94.91705822533106,2.486230466649033,55.759748978139775,37.62474367737525,18.135005300764526,15.723905723905728,14.538239538239544,1.185666185666184,0
VCT 2026: China Stage 2,Group Stage,Week 3,Xi Lai Gaming,Wolves Esports,100.0,100.0,5,5,46.666666666666664,1534.8217832134724,1460.0458016262623,17.75700934579439,0.0,0.0,5,5,33.33333333333333,1466.881879520677,1524.110702905285,60.00000000000001,1.1990101364927728,0.9679766149532789,136.20113859320756,125.36148981917265,208.0970865134227,190.2918833060601,4.3508537535261675,3.22480247950953,0.8524787407196891,0.43384677122128357,1.0695199574371987,0.967845493913961,74.57419857919858,69.56667137165257,20.25,39.94897959183674,0,1,95.38218785115106,96.3166286155234,-0.93444076437234,62.08534621578099,46.08054026010682,16.004805955674165,30.69444444444443,29.46550525497894,1.228939189465489,1
VCT 2026: China Stage 2,Group Stage,Week 3,All Gamers,Dragon Ranger Gaming,33.33333333333333,33.33333333333333,3,3,46.666666666666664,1481.8251062320178,1500.0,50.0,66.66666666666667,66.66666666666667,3,3,46.666666666666664,1508.8221597829188,1470.0268923046199,0.0,1.051251181817395,1.0659890466301514,126.07142421011199,130.73350856872597,198.0802898698977,200.54520664520666,3.1220092471072864,3.479037902516163,0.8572665518660993,0.6453110966328358,0.9817790641568922,1.0299419142853925,71.55526413631617,72.54921374921375,15.0,26.291666666666664,0,1,97.02605736175069,94.48840396949127,2.537653392259415,52.19023539389672,55.21498049275827,-3.024745098861551,11.996074101337262,15.286195286195293,-3.2901211848580303,1
VCT 2026: China Stage 2,Group Stage,Week 3,TYLOO,Nova Esports,50.0,50.0,2,2,66.66666666666666,1564.7167949739642,1500.0,50.0,50.0,50.0,2,2,53.333333333333336,1515.195681836412,1500.0,50.0,1.1206257003644644,0.928190747421878,134.98990877734346,123.79727748070847,206.99492627850185,188.24504704418015,3.3859980297480297,3.506634596727476,0.7656531093398471,1.1094214308444186,1.0323678330597974,0.9283019717570801,71.70677507016792,68.92067658464441,15.0,15.0,0,1,96.4646672344415,94.91705822533106,1.5476090091104453,54.44805194805195,39.94047619047619,14.507575757575758,33.75,14.28571428571429,19.464285714285708,0
VCT 2026: China Stage 2,Group Stage,Week 3,FunPlus Phoenix,EDward Gaming,33.33333333333334,33.33333333333334,1,1,26.666666666666668,1416.391693004319,1490.2471260536495,0.0,66.66666666666666,66.66666666666666,1,1,66.66666666666666,1591.9289229596639,1525.8473730024853,18.269230769230766,1.0319519271060802,1.1223602273199418,128.88925089072148,134.00993154837693,193.70528003586827,204.95018645842174,2.635710694534224,3.4760857878504936,0.3118965334774158,0.8347280639528538,0.9905166453916454,1.04274230904483,69.83321428027311,72.22444716323531,15.0,30.75,0,1,96.79251084969144,97.4032886919801,-0.6107778422886554,41.47584033613445,54.851852692761774,-13.37601235662732,26.642156862745097,14.87429237429238,11.767864488452716,0
VCT 2026: China Stage 2,Group Stage,Seeding,Trace Esports,Titan Esports Club,33.33333333333334,33.33333333333334,1,1,40.0,1428.3608192858035,1460.7939589192893,17.75700934579439,66.66666666666666,66.66666666666666,1,1,26.666666666666668,1379.000324454675,1500.0,50.0,0.929702421170181,1.0235421239560936,126.48920141572856,127.40249029533264,190.06731444481446,194.5611191981966,3.17187299356417,3.0242612381884824,0.6374425542092398,0.5684365442820611,0.9245437420171583,0.9738662886840608,67.7925587986674,69.47419448211133,45.916666666666664,15.0,0,1,95.61952488786702,96.26213392058325,-0.642609032716237,40.728250244379275,36.500553709856035,4.22769653452324,24.46969696969696,16.084656084656086,8.385040885040876,1
VCT 2026: China Stage 2,Group Stage,Seeding,EDward Gaming,All Gamers,66.66666666666666,66.66666666666666,1,1,66.66666666666666,1600.0422935931347,1525.8473730024853,18.269230769230766,33.333333333333336,33.333333333333336,1,1,46.666666666666664,1498.2038321012817,1500.0,50.0,1.1223602273199418,1.051251181817395,134.00993154837693,126.07142421011199,204.95018645842174,198.0802898698977,3.4760857878504936,3.1220092471072864,0.8347280639528538,0.8572665518660993,1.04274230904483,0.9817790641568922,72.22444716323531,71.55526413631617,30.75,15.0,0,1,97.4032886919801,97.02605736175069,0.3772313302294066,55.242925572595894,52.973760932944614,2.2691646396512795,11.645299145299148,9.047619047619044,2.5976800976801044,1
VCT 2026: China Stage 2,Group Stage,Seeding,JDG Esports,Dragon Ranger Gaming,0.0,0.0,3,3,40.0,1427.9374793316267,1500.0,50.0,100.0,100.0,3,3,46.666666666666664,1492.4434339136549,1470.0268923046199,0.0,0.9801184229843726,1.0659890466301514,124.64016915624059,130.73350856872597,192.40527842527842,200.54520664520666,3.056336071336071,3.479037902516163,1.7569285674642818,0.6453110966328358,0.950097231828001,1.0299419142853925,69.39027364657063,72.54921374921375,15.0,26.291666666666664,0,1,95.19834482726496,94.48840396949127,0.7099408577736881,43.69075369075369,54.496314496314504,-10.805560805560816,22.948717948717945,13.484848484848488,9.463869463869457,0
VCT 2026: China Stage 2,Group Stage,Seeding,TYLOO,Xi Lai Gaming,50.0,50.0,0,0,60.0,1544.6250612601928,1500.0,50.0,50.0,50.0,0,0,46.666666666666664,1547.0867873939665,1460.0458016262623,17.75700934579439,1.1206257003644644,1.1990101364927728,134.98990877734346,136.20113859320756,206.99492627850185,208.0970865134227,3.3859980297480297,4.3508537535261675,0.7656531093398471,0.8524787407196891,1.0323678330597974,1.0695199574371987,71.70677507016792,74.57419857919858,15.0,20.25,0,1,96.4646672344415,95.38218785115106,1.0824793832904476,52.97101449275362,61.939284729607316,-8.968270236853698,33.75,30.832299421009097,2.917700578990903,0
VCT 2026: China Stage 2,Group Stage,Seeding,FunPlus Phoenix,Wolves Esports,66.66666666666666,66.66666666666666,1,1,20.0,1408.2783223708482,1490.2471260536495,0.0,33.33333333333334,33.33333333333334,1,1,33.33333333333333,1454.616875340183,1524.110702905285,60.00000000000001,1.0319519271060802,0.9679766149532789,128.88925089072148,125.36148981917265,193.70528003586827,190.2918833060601,2.635710694534224,3.22480247950953,0.3118965334774158,0.43384677122128357,0.9905166453916454,0.967845493913961,69.83321428027311,69.56667137165257,15.0,39.94897959183674,0,1,96.79251084969144,96.3166286155234,0.47588223416804,41.07679486792149,46.25221738429286,-5.17542251637137,27.049663299663294,27.54985754985755,-0.5001942501942551,1
VCT 2026: China Stage 2,Group Stage,Seeding,Nova Esports,Bilibili Gaming,50.0,50.0,0,0,60.0,1535.2874155501834,1500.0,50.0,50.0,50.0,0,0,66.66666666666666,1577.8928214283642,1414.577822123396,18.81188118811881,0.928190747421878,1.0308724374882243,123.79727748070847,127.01882615750263,188.24504704418015,193.72090098898923,3.506634596727476,3.471317903229668,1.1094214308444186,0.3802355554032025,0.9283019717570801,0.9975744093052916,68.92067658464441,71.39201549539784,15.0,24.11904761904762,0,1,94.91705822533106,95.44891708427186,-0.5318588589407938,41.793127507413224,46.780799109566225,-4.987671602153,15.38461538461539,28.20845820845821,-12.82384282384282,1
VCT 2026: China Stage 2,Main Event,Play-Ins: Upper Quarterfinals,FunPlus Phoenix,JDG Esports,33.33333333333333,33.33333333333333,3,3,26.666666666666668,1428.2118682354746,1490.2471260536495,0.0,66.66666666666667,66.66666666666667,3,3,40.0,1415.527572414753,1500.0,50.0,1.0319519271060802,0.9785348436709598,128.88925089072148,124.93793364754903,193.70528003586827,192.67049062049063,2.635710694534224,3.2214642764642765,0.3118965334774158,2.392038457574172,0.9905166453916454,0.9416437960187959,69.83321428027311,69.2474165037135,15.0,15.0,0,1,96.79251084969144,95.26075551243089,1.5317553372605488,42.55829753660033,43.11261723026429,-0.5543196936639632,24.810606060606066,12.763532763532758,12.047073297073307,0
VCT 2026: China Stage 2,Main Event,Play-Ins: Upper Quarterfinals,All Gamers,Trace Esports,50.0,50.0,2,2,46.666666666666664,1485.619814747776,1500.0,50.0,50.0,50.0,2,2,40.0,1443.4770594303582,1460.7939589192893,17.75700934579439,1.051251181817395,0.929702421170181,126.07142421011199,126.48920141572856,198.0802898698977,190.06731444481446,3.1220092471072864,3.17187299356417,0.8572665518660993,0.6374425542092398,0.9817790641568922,0.9245437420171583,71.55526413631617,67.7925587986674,15.0,45.916666666666664,0,1,97.02605736175069,95.61952488786702,1.4065324738836722,51.32730015082957,42.130681818181806,9.196618332647766,12.619047619047619,17.272727272727266,-4.653679653679648,1
VCT 2026: China Stage 2,Main Event,Play-Ins: Upper Quarterfinals,EDward Gaming,Titan Esports Club,83.33333333333333,83.33333333333333,2,2,66.66666666666666,1612.6263109466404,1525.8473730024853,18.269230769230766,16.66666666666667,16.66666666666667,2,2,26.666666666666668,1363.8840843101202,1500.0,50.0,1.1223602273199418,1.0235421239560936,134.00993154837693,127.40249029533264,204.95018645842174,194.5611191981966,3.4760857878504936,3.0242612381884824,0.8347280639528538,0.5684365442820611,1.04274230904483,0.9738662886840608,72.22444716323531,69.47419448211133,30.75,15.0,0,1,97.4032886919801,96.26213392058325,1.1411547713968417,56.041301693475596,35.23456790123457,20.806733792241026,12.56105006105006,16.388888888888896,-3.8278388278388356,0
VCT 2026: EMEA Stage 2,Main Event,Play-Ins: Upper Round 1,PCIFIC Esports,Fire Flux Esports,50.0,50.0,0,0,9.090909090909092,1394.9838532364442,1500.0,50.0,50.0,50.0,0,0,50.0,1500.0,1500.0,50.0,0.8532318096526513,1.0,115.86216006216006,130.0,175.22013727013726,200.0,2.558521108521109,5.0,0.8087454027454029,0.25,0.8744099974099974,1.0,65.50299145299145,70.0,36.55277777777778,15.0,0,1,95.20340881728161,100.0,-4.796591182718387,27.070707070707073,50.0,-22.929292929292927,18.333333333333336,0.0,18.333333333333336,0
VCT 2026: EMEA Stage 2,Main Event,Play-Ins: Upper Round 1,FNATIC,Enterprise Esports,50.0,50.0,0,0,40.0,1557.9259099375574,1607.6916052978104,59.4059405940594,50.0,50.0,0,0,50.0,1500.0,1500.0,50.0,1.1123181316973727,1.0,128.4131368196074,130.0,195.75202765371884,200.0,3.841681132048779,5.0,0.7037860512581101,0.25,1.0218972021986727,1.0,70.46118430589019,70.0,33.24584106369821,15.0,0,1,95.3492543039512,100.0,-4.650745696048801,50.666668242425814,50.0,0.6666682424258141,40.676000676000676,0.0,40.676000676000676,0
VCT 2026: EMEA Stage 2,Main Event,Play-Ins: Upper Quarterfinals,FUT Esports,GIANTX,66.66666666666666,66.66666666666666,1,1,46.666666666666664,1495.6009954962074,1439.0126627366574,0.0,33.33333333333334,33.33333333333334,1,1,33.33333333333333,1481.871961617855,1491.0743044917538,40.59405940594059,0.9017149450166076,0.9825753755217507,121.96011086952264,122.56293485381721,185.54507764566588,185.61137091122384,3.5977721515956813,3.4023485991133047,1.62979513405984,0.3948327890519067,0.9018200569582924,0.9392077844813139,67.15565149447502,69.5199708243826,30.54540043290043,33.680002405002405,0,1,95.05870410889263,94.09861660160706,0.9600875072855644,39.657681254319904,45.782403870639165,-6.124722616319261,16.462948815889987,28.59848484848485,-12.135536032594864,1
Valorant Masters Santiago 2026,Swiss Stage,Round 1,Gentle Mates,EDward Gaming,50.0,50.0,0,0,46.666666666666664,1468.513865761697,1500.0,50.0,50.0,50.0,0,0,60.0,1588.087633105407,1525.8473730024853,18.269230769230766,1.0401819633825078,1.1223602273199418,128.49711473711474,134.00993154837693,195.5329301254301,204.95018645842174,3.677611508861509,3.4760857878504936,0.7082747187997188,0.8347280639528538,0.9969092176342176,1.04274230904483,70.84838494838496,72.22444716323531,31.117354497354498,30.75,1,0,95.94835345036584,97.4032886919801,-1.4549352416142511,42.252888955016616,55.40973646236803,-13.156847507351415,12.128010878010882,14.74867724867725,-2.6206663706663686,1
Valorant Masters Santiago 2026,Swiss Stage,Round 1,Xi Lai Gaming,NRG,50.0,50.0,0,0,53.333333333333336,1564.562086134987,1460.0458016262623,17.75700934579439,50.0,50.0,0,0,66.66666666666666,1656.9152545406423,1592.1099477671398,100.0,1.1990101364927728,1.0943257581658619,136.20113859320756,131.3828553776232,208.0970865134227,199.7313733909709,4.3508537535261675,4.0315090493728265,0.8524787407196891,2.2966458692666123,1.0695199574371987,1.0464370486639836,74.57419857919858,73.26711055943254,20.25,36.96053391053391,1,0,95.38218785115106,95.50260071505626,-0.12041286390520156,62.63405999321492,54.15295815295815,8.48110184025677,28.474650349650354,48.05555555555556,-19.580905205905204,0
Valorant Masters Santiago 2026,Swiss Stage,Round 1,G2 Esports,Paper Rex,25.0,25.0,4,4,60.0,1633.5171743795422,1534.0352943845458,42.30769230769231,75.0,75.0,4,4,60.0,1639.8606523470405,1623.069294003536,58.16326530612243,1.1923546895268624,1.2035455080564224,136.80061001090414,139.3688191101697,208.39646369425782,210.07103843968784,4.286281213340037,3.8048443753242513,2.4478973722356074,0.8840089443093313,1.0898413991781637,1.0836497780556218,74.87910463719287,74.37514724325095,34.60357142857143,38.183773448773444,1,0,95.0780808116515,96.07351220959411,-0.9954313979426104,65.46192883350591,61.46679464326523,3.9951341902406767,23.34430275606746,16.892453951277485,6.451848804789975,0
Valorant Masters Santiago 2026,Swiss Stage,Round 1,T1,Team Liquid,50.0,50.0,0,0,60.0,1587.6676425600695,1539.1532746101648,58.87850467289719,50.0,50.0,0,0,73.33333333333333,1639.0293624179421,1462.4967623022026,36.53846153846153,1.1655352191064778,1.046003707955139,132.55202950916186,128.19058076999255,202.4684024363436,193.31723397245457,3.756887312034371,3.254301632463397,2.101338938811733,0.40241911060072827,1.0595814574586633,0.9946343459100812,74.4057330251448,71.74844649359355,35.11645021645022,31.141331684188827,1,0,96.20477385483213,96.00591469282146,0.19885916201066323,56.74436674436674,61.909389952153106,-5.165023207786369,14.54545454545454,27.27272727272727,-12.72727272727273,0
Valorant Masters Santiago 2026,Swiss Stage,Round 2 (1-0),Paper Rex,NRG,50.0,50.0,0,0,60.0,1657.139347297346,1636.255310935072,59.4059405940594,50.0,50.0,0,0,73.33333333333333,1669.9440897088646,1603.3245972510347,100.0,1.2365198670307815,1.1447360145761183,142.07651141786204,132.26490665967447,213.90693587558525,201.9313733909709,3.835613606093482,4.113560331424108,0.8841115084118953,2.296286894907638,1.104983111388955,1.0734114076383428,75.39053185863557,74.46198235430434,38.45044011544011,38.92481962481963,1,0,97.07461899287027,96.12104316847444,0.953575824395827,61.805586286404704,54.751742779911794,7.05384350649291,16.892453951277485,48.61111111111111,-31.718657159833622,1
Valorant Masters Santiago 2026,Swiss Stage,Round 2 (1-0),Gentle Mates,Team Liquid,33.33333333333333,33.33333333333333,3,3,46.666666666666664,1491.9427579840037,1518.906936843042,100.0,66.66666666666667,66.66666666666667,3,3,80.0,1654.0463275196096,1483.9181337746882,38.31775700934579,1.0632930744936189,1.0703888931403243,129.2590194990195,129.93280299221476,197.59536398786398,195.79723397245456,3.7432199744699743,3.3817090398708047,0.7088778934028934,0.3991894809710986,1.0176499583749583,1.0071528644285999,71.56901986901987,72.69215019729725,33.050687830687835,31.141331684188827,1,1,96.50620732112006,96.09785861880269,0.40834870231736886,43.33442599067599,62.521101614970306,-19.186675624294317,13.1002331002331,28.09690309690309,-14.996669996669992,1
Valorant Masters Santiago 2026,Swiss Stage,Round 2 (0-1),EDward Gaming,T1,50.0,50.0,2,2,60.0,1564.6587408831,1506.9404361594432,0.0,50.0,50.0,2,2,53.333333333333336,1572.650677458402,1517.7319031376792,38.31775700934579,1.1116302122369854,1.1616794498757088,133.4911855884545,132.87061925275162,203.70071436189082,202.48763320557438,3.4661310367192724,3.6793232094702684,0.8347636166354654,2.1023517593245535,1.034348643886459,1.0571199189971248,72.01824160408857,73.60509199950376,15.0,34.62781385281385,1,0,97.07598761061651,96.10532199434026,0.9706656162762499,54.9920255183413,55.56818181818181,-0.5761562998405125,14.411976911976904,12.424242424242415,1.987734487734489,0
Valorant Masters Santiago 2026,Swiss Stage,Round 2 (0-1),Xi Lai Gaming,G2 Esports,33.33333333333334,33.33333333333334,1,1,53.333333333333336,1551.5332509667649,1448.8311521423675,17.75700934579439,66.66666666666666,66.66666666666666,1,1,53.333333333333336,1616.2384794292368,1520.8492774530098,42.30769230769231,1.1737239412065776,1.1450783362505093,135.29305778512673,135.5971912074853,206.43951075584698,206.21184830964242,4.268025470697884,4.28970001675884,0.8542901885311368,2.4505355488737846,1.0489677688850103,1.0681832795200443,73.82167332667333,74.24035819844644,21.666666666666664,32.95205627705628,1,0,94.68358109304928,94.97190405635097,-0.28832296330168106,61.8633488425155,65.04644925135966,-3.1831004088441617,27.284174159174157,24.341453753218445,2.9427204059557113,0
Valorant Masters Santiago 2026,Swiss Stage,Round 3,NRG,Team Liquid,50.0,50.0,0,0,66.66666666666666,1654.1841470368356,1589.5609881103187,81.18811881188118,50.0,50.0,0,0,73.33333333333333,1628.7828465144466,1468.0845895231973,38.31775700934579,1.1311473206190032,1.057996736277579,131.20447780977193,129.56025397260692,200.4130498042263,195.46558131139014,3.9946519493578316,3.3957146421117006,2.2963765635236224,0.3985564277498101,1.0661248579307403,0.9975730324958266,74.14775233481116,72.34481126172302,38.96017316017316,31.161739847454133,1,0,95.95922936079205,95.82247473709126,0.13675462370079572,53.410820534108204,62.521101614970306,-9.110281080862102,48.98989898989898,28.09690309690309,20.89299589299589,1
Valorant Masters Santiago 2026,Swiss Stage,Round 3,G2 Esports,T1,50.0,50.0,2,2,53.333333333333336,1630.59809189476,1534.852432740263,42.30769230769231,50.0,50.0,2,2,53.333333333333336,1589.845902339138,1534.7854169043621,40.0,1.1517477806949536,1.1971290225252813,136.33663565192975,134.30617480830716,207.4187927540869,204.39464175258294,4.183033350092173,3.6902633804104394,2.4517188822071176,2.1010389388117328,1.0731416128533775,1.0705147907919967,74.23674708733532,74.25329712770889,33.736147186147186,36.05054112554112,1,0,94.92124186835412,95.7828019877259,-0.8615601193717879,65.30985921304548,55.9527972027972,9.357062010248285,24.341453753218445,12.937062937062937,11.404390816155509,1
Valorant Masters London 2026,Swiss Stage,Round 1,Team Vitality,Dragon Ranger Gaming,50.0,50.0,0,0,53.333333333333336,1556.2146308204465,1487.5405043694525,39.42307692307692,50.0,50.0,0,0,53.333333333333336,1504.8533408305286,1470.0268923046199,0.0,1.328129224317763,1.0659890466301514,134.96108968645734,130.73350856872597,202.69791895196306,200.54520664520666,3.3365469742675624,3.479037902516163,0.8971618355500708,0.6453110966328358,1.0589009986745281,1.0299419142853925,73.18435234699942,72.54921374921375,45.90642857142857,26.291666666666664,1,0,93.39248854408558,94.48840396949127,-1.0959154254056926,52.278503994190274,54.91538764266036,-2.6368836484700893,21.984551396316103,10.404040404040405,11.580510992275698,1
Valorant Masters London 2026,Swiss Stage,Round 1,FULL SENSE,FUT Esports,50.0,50.0,0,0,33.33333333333333,1425.9489422316358,1464.9215745591885,0.0,50.0,50.0,0,0,46.666666666666664,1512.5058873409996,1439.0126627366574,0.0,1.0773770690286666,0.9174084343230002,129.90848241899712,122.15805958747136,197.5545658290511,185.41482123540945,2.9413795599825012,3.5659772798008094,0.8939529791015085,1.8772310314957374,1.0117228228470876,0.9062405697788052,73.47351836616544,67.42539508421861,37.61827635327635,30.05044492544492,1,0,95.26433814431942,94.83702860112999,0.4273095431894376,44.061147186147174,41.411653480618995,2.6494937055281795,32.22943722943722,16.35401635401636,15.875420875420858,0
Valorant Masters London 2026,Swiss Stage,Round 1,LEVIATÁN,Global Esports,50.0,50.0,0,0,53.333333333333336,1489.783180665498,1481.5834498455567,61.6822429906542,50.0,50.0,0,0,53.333333333333336,1489.8017054477643,1500.0,50.0,1.1459108308828962,1.0899325504105326,127.12422015620545,132.80386420768772,194.23412774045127,203.0161442669531,3.4611216316363373,3.5176252913752912,0.590422446970241,0.9062328448512271,1.0076027665145313,1.019048954096013,72.43306264541557,71.23058027484497,39.93174603174603,31.00111111111111,1,0,92.95341122982337,95.35374918782041,-2.4003379579970385,53.48477580937355,47.02424242424242,6.460533385131129,34.48763955342903,20.25252525252525,14.235114300903778,1
Valorant Masters London 2026,Swiss Stage,Round 1,Xi Lai Gaming,NRG,33.33333333333334,33.33333333333334,1,1,46.666666666666664,1537.1736385012416,1434.8279968551142,17.75700934579439,66.66666666666666,66.66666666666666,1,1,73.33333333333333,1670.4996843579072,1601.2464423177703,81.73076923076923,1.1605481836308198,1.1714196073717338,135.23810829017725,132.11659902189314,206.39264206897826,201.90496899614544,4.26358102625344,4.092833767539649,0.8555709966119449,2.199623028170087,1.0421475668648081,1.0834541508600333,73.17884504384504,75.19583314289197,23.333333333333332,38.99047619047619,1,0,94.47090145465718,96.33086252549435,-1.8599610708371728,61.104857851433195,53.98842898842899,7.116428863004202,26.201923076923073,49.630924630924646,-23.429001554001573,0
Valorant Masters London 2026,Swiss Stage,Round 2 (1-0),Team Vitality,FUT Esports,60.0,60.0,5,5,60.0,1571.231617228845,1504.254070243443,60.57692307692308,40.0,40.0,5,5,53.333333333333336,1525.8097003198632,1457.9226997132018,20.0,1.2354556633108686,0.9767302628212993,133.2027058480735,123.86015748956926,200.27286844691255,187.9448911654794,3.319577277297866,3.6974458112693407,0.982293148681384,1.9451983974631033,1.0435030188765484,0.941107702645938,72.07414374840845,68.09314308473972,43.82831632653061,30.05044492544492,1,1,94.36952297718429,94.44360782943393,-0.07408485224964068,52.278503994190274,41.411653480618995,10.86685051357128,21.984551396316103,16.35401635401636,5.630535042299744,1
Valorant Masters London 2026,Swiss Stage,Round 2 (1-0),NRG,LEVIATÁN,100.0,100.0,4,4,73.33333333333333,1681.658897336866,1611.0067862568135,81.73076923076923,0.0,0.0,4,4,53.333333333333336,1504.9839911083598,1497.5884038828603,60.57692307692308,1.1979366311886637,1.155792279347792,133.88326568855982,127.10191623463682,204.69385788503436,194.12628460319638,4.119500434206317,3.3750922198716315,2.282289694836754,0.7462557803035744,1.1003652619711444,1.020570903769433,75.93839265309853,72.35895367470998,40.08952380952381,41.11054421768707,1,1,97.0303204530763,92.85151075106505,4.17880970201125,53.98842898842899,53.48477580937355,0.5036531790554406,49.630924630924646,34.48763955342903,15.14328507749562,0
Valorant Masters London 2026,Swiss Stage,Round 2 (0-1),Dragon Ranger Gaming,Xi Lai Gaming,60.0,60.0,5,5,53.333333333333336,1489.8363544221302,1453.3133264306293,0.0,40.0,40.0,5,5,46.666666666666664,1526.0144255222829,1425.067652916071,17.75700934579439,1.0351266832480401,1.1177179458163617,129.1666088018262,133.35434760641658,197.54194324194324,204.93338280971903,3.2962873197655806,4.238509801182215,0.8086630779848172,1.0078786889196372,1.009405783749262,1.0247002734175148,72.5689627832485,73.1122546104689,22.333333333333332,23.333333333333332,1,1,93.69466552322032,94.47583969758563,-0.7811741743653045,54.91538764266036,61.104857851433195,-6.189470208772832,10.404040404040405,26.201923076923073,-15.797882672882668,0
Valorant Masters London 2026,Swiss Stage,Round 2 (0-1),Global Esports,FULL SENSE,83.33333333333333,83.33333333333333,2,2,46.666666666666664,1474.6008950049027,1483.9950459626964,0.0,16.666666666666668,16.666666666666668,2,2,33.33333333333333,1412.6451292527722,1446.011537582644,0.0,1.092500441944151,1.0591445678957203,132.67017436811554,127.99623170674641,202.32131360741653,195.0280701025554,3.489104792266557,2.7846844032873443,1.1536196541203896,1.1094059705545,1.0176728400140165,0.9992384923627571,71.66912821655468,74.06778066704537,30.239285714285717,39.9898199023199,1,1,95.31873733345483,94.62039073014859,0.6983466033062484,47.02424242424242,44.061147186147174,2.9630952380952493,20.25252525252525,32.22943722943722,-11.976911976911968,1
Valorant Masters London 2026,Swiss Stage,Round 3 (1-1),Global Esports,Xi Lai Gaming,50.0,50.0,0,0,46.666666666666664,1487.118754770931,1497.5398899274937,50.0,50.0,50.0,0,0,46.666666666666664,1539.637362685125,1441.5006609422012,17.75700934579439,1.077126191225129,1.07707340088689,132.0220262199674,131.73999575456472,201.51760990371287,201.94449392083013,3.5187344218961862,4.239435727108141,1.3766566911574265,1.2709157259566741,1.0048580251992016,1.0004780511952924,71.1052150024435,72.48841094802633,30.642307692307693,23.333333333333332,1,0,95.51807913286021,95.28164543343856,0.23643369942165293,47.02424242424242,61.104857851433195,-14.080615427190772,20.25252525252525,26.201923076923073,-5.949397824397824,0
Valorant Masters London 2026,Swiss Stage,Round 3 (1-1),FUT Esports,NRG,50.0,50.0,0,0,53.333333333333336,1512.5856246468586,1444.7377260758292,20.5607476635514,50.0,50.0,0,0,73.33333333333333,1659.3333739838088,1591.013887993125,63.46153846153847,0.9602229028311825,1.1786876822006724,123.12625435566612,133.12929252034516,186.78021880080703,203.06217573849153,3.640750654574184,4.068210444526234,2.127933440198146,2.408794338799602,0.9305436000818353,1.0871629915893073,67.76302983090314,75.88840475763553,28.666125541125542,41.6994708994709,1,0,94.71432720679286,96.72494058688774,-2.010613380094881,41.411653480618995,53.98842898842899,-12.576775507809998,16.35401635401636,49.630924630924646,-33.27690827690829,1
Valorant Masters Santiago 2026,Playoffs,Upper Quarterfinals,FURIA,Paper Rex,50.0,50.0,0,0,46.666666666666664,1393.298661069562,1441.4313873690974,0.0,50.0,50.0,0,0,60.0,1672.8992899693749,1650.018920075788,59.4059405940594,0.9592790189149919,1.2457976448085593,123.97924137667172,141.5431780845287,187.33566451908942,213.09952846817785,2.924669512347531,3.891169161649038,0.6943527728993286,0.8834078047081917,0.9201806239712587,1.102631259537103,69.2693528871083,75.26275408085779,32.17315759637189,37.21488455988456,1,0,94.49173108021577,96.92544314604272,-2.4337120658269527,34.22951812782321,62.454936935755356,-28.225418807932144,24.983812483812486,16.003125888036372,8.980686595776113,0
Valorant Masters Santiago 2026,Playoffs,Upper Quarterfinals,Nongshim RedForce,Gentle Mates,50.0,50.0,0,0,60.0,1540.0536528143018,1500.0,50.0,50.0,50.0,0,0,53.333333333333336,1517.2062389891666,1534.740481094533,100.0,1.0780824205041588,1.0703301115306558,124.9189276926777,129.5581647981648,193.71150118400118,198.32072011322012,3.370986744736745,3.6104564417064418,0.6014473406223406,0.7125303150553151,1.0195145678395678,1.0246186193436193,71.82506863506863,72.44993154993155,31.535993265993266,33.517354497354496,1,0,95.34469480373255,96.48471567445242,-1.1400208707198658,54.57264957264957,43.33442599067599,11.238223581973578,17.17948717948718,13.1002331002331,4.0792540792540795,1
Valorant Masters Santiago 2026,Playoffs,Upper Quarterfinals,BBL Esports,NRG,50.0,50.0,0,0,73.33333333333333,1625.749353364375,1500.0,50.0,50.0,50.0,0,0,73.33333333333333,1638.069660908078,1569.7675324550976,43.56435643564357,0.9697865891582055,1.169634166913587,126.32663928663928,132.79870428505103,191.60746216746216,202.39550907182488,4.0867132867132865,4.148994758251724,1.6615806415806416,2.556710678668883,0.9544032412032413,1.0807211615239478,67.06499574499574,76.14021626521627,35.079292929292926,40.615029761904765,1,0,94.97603048234693,96.627779314277,-1.6517488319300782,56.527021365731045,53.98842898842899,2.5385923773020522,17.294372294372295,49.630924630924646,-32.33655233655235,0
Valorant Masters Santiago 2026,Playoffs,Upper Quarterfinals,All Gamers,G2 Esports,50.0,50.0,0,0,46.666666666666664,1498.9850956029488,1500.0,50.0,50.0,50.0,0,0,53.333333333333336,1646.143128827584,1552.4490379276808,42.30769230769231,1.051251181817395,1.1729861096053975,126.07142421011199,137.51612283141694,198.0802898698977,209.50340813870224,3.1220092471072864,4.130652397711221,0.8572665518660993,2.3232646697529047,0.9817790641568922,1.0870756787874434,71.55526413631617,74.49901814960639,15.0,36.537012987012986,1,0,97.02605736175069,95.22780073661154,1.798256625139146,51.65479582146249,65.8320627911191,-14.177266969656607,16.249999999999993,22.41837683014153,-6.168376830141536,0
Valorant Masters Santiago 2026,Playoffs,Lower Round 1,FURIA,BBL Esports,50.0,50.0,0,0,40.0,1388.2323012995337,1434.398468161437,0.0,50.0,50.0,0,0,66.66666666666666,1611.0881301263944,1487.8118929891862,0.0,0.9810283066642796,0.9733250506966671,125.8647114621418,125.88361934361934,189.8906502740752,190.55817441817442,3.0973190849971033,4.132297332297332,0.6895436560902118,1.662039331039331,0.9412347550253897,0.9559673437673438,69.71208792984335,66.815707995708,32.98268140589569,35.00732323232324,1,0,95.53487996465668,94.97544110787314,0.5594388567835438,34.29878459589835,55.75001717858862,-21.451232582690274,22.552910052910057,19.18831168831169,3.3645983645983684,0
Valorant Masters Santiago 2026,Playoffs,Lower Round 1,Gentle Mates,All Gamers,50.0,50.0,0,0,46.666666666666664,1500.7619520674612,1515.3864787350428,66.66666666666666,50.0,50.0,0,0,40.0,1488.423704920695,1485.0369037152554,0.0,1.063130111530656,1.0451349425011558,129.52557220557222,124.87418555133488,198.25849789099792,197.12439243400027,3.6104564417064418,3.1117528368508762,0.713330315055315,0.855692587369058,1.0259519526769527,0.9702603264843084,72.30474636474636,71.3678874104779,32.587724867724866,25.0,1,0,96.50114895689929,96.39071124273475,0.11043771416453296,42.5851039716586,50.85198135198136,-8.26687738032276,11.997291923762516,14.999999999999996,-3.0027080762374805,0
Valorant Masters Santiago 2026,Playoffs,Upper Semifinals,Nongshim RedForce,G2 Esports,50.0,50.0,0,0,60.0,1556.4979397360073,1519.35400235949,100.0,50.0,50.0,0,0,60.0,1656.7045195098378,1567.4121342124254,61.6822429906542,1.1068117652335034,1.1866990255562007,127.15026672401673,138.01216012745422,196.47275474525475,210.3178603531545,3.4593058330558333,4.065384332443156,0.5964046055796056,2.1755210800093154,1.0369732572982575,1.0985861682979332,72.40683501683502,74.97174542233365,33.741548821548825,40.09458874458874,1,0,95.57104941503222,95.08769811709917,0.483351297933055,55.2987012987013,66.18661469206275,-10.887913393361444,18.09523809523809,21.55858847035317,-3.463350375115077,1
Valorant Masters Santiago 2026,Playoffs,Upper Semifinals,Paper Rex,NRG,66.66666666666666,66.66666666666666,1,1,66.66666666666666,1677.9656497394033,1657.0518392834483,78.21782178217822,33.333333333333336,33.333333333333336,1,1,73.33333333333333,1652.7308841460588,1581.9556394659114,62.376237623762385,1.2504226448085591,1.1817709482619325,142.01401141786204,133.2927783591251,213.73286180151118,202.94662018293596,3.799502494982371,4.20529105454802,0.8843661380415251,2.4482551231133276,1.1036312595371032,1.0866915318943182,75.54608741419112,76.22262367262367,37.410122655122656,41.51235119047619,1,0,96.92171260887652,96.70341706986457,0.21829553901194743,62.55072711232535,54.3945091945092,8.15621791781615,15.604575163398692,45.74203574203576,-30.137460578637068,0
Valorant Masters Santiago 2026,Playoffs,Lower Round 2,G2 Esports,BBL Esports,50.0,50.0,0,0,60.0,1637.2382164335445,1550.122940670181,61.6822429906542,50.0,50.0,0,0,66.66666666666666,1617.68686250792,1500.693340302825,50.0,1.16789826224969,1.0058287544003708,137.00922972452383,128.35250823250823,208.75339148868562,194.77817441817442,4.111538178597002,4.308593628593629,2.0992353657236014,1.6588319236319236,1.0863151060268708,0.9814488252488254,74.49482234541058,68.13126355126356,40.95595238095238,35.28510101010101,1,0,95.04941106847635,95.60378972339069,-0.5543786549143448,65.80573002394027,55.75732111026229,10.048408913677982,22.48223379055021,14.741532976827099,7.740700813723112,1
Valorant Masters Santiago 2026,Playoffs,Lower Round 2,Paper Rex,All Gamers,50.0,50.0,0,0,66.66666666666666,1659.0895785593927,1635.7058551896453,57.692307692307686,50.0,50.0,0,0,40.0,1504.163265536987,1501.5613038889824,46.34146341463415,1.2129411633270777,1.0553817373729506,140.88660401045462,125.17041336198577,211.55063957928897,197.58881551092335,3.6987617542416302,2.99059899069703,0.8865439158193028,0.8578893329311881,1.0869053336111774,0.9791545572535392,75.03645778456149,70.95035782467909,36.160122655122656,28.125,1,0,96.82242666999876,96.33945005269453,0.4829766173042316,62.55072711232535,51.63771277741866,10.913014334906684,15.604575163398692,15.857843137254896,-0.2532679738562038,1
Valorant Masters Santiago 2026,Playoffs,Upper Final,Nongshim RedForce,NRG,50.0,50.0,0,0,66.66666666666666,1575.9642428123007,1536.6431959017345,100.0,50.0,50.0,0,0,73.33333333333333,1671.6069553260693,1603.3016235597145,62.376237623762385,1.0966719050936433,1.145985681481929,126.84443921818921,132.77312023946698,195.59489926739928,201.6165347128505,3.5669981407481406,4.297769687026653,0.5963346755096756,2.3824260632842678,1.029621275946276,1.0714881130908995,71.94296555296555,75.52091427091428,32.5156228956229,38.08735119047619,1,0,95.69483771349255,97.07629785561473,-1.3814601421221795,55.97789115646259,54.3945091945092,1.5833819619533926,19.20634920634921,45.74203574203576,-26.53568653568655,1
Valorant Masters Santiago 2026,Playoffs,Lower Round 3,Paper Rex,G2 Esports,80.0,80.0,5,5,73.33333333333333,1667.9278565875532,1645.3123707943582,78.21782178217822,20.0,20.0,5,5,60.0,1653.8488501166764,1565.235749958803,82.2429906542056,1.218148593667635,1.14519007070397,140.7080694387312,135.96307587837,211.3213310137575,206.4585196938138,3.605056903880433,4.142307409366233,0.8867049065313772,2.022081519569755,1.0913284502262441,1.0794433111550759,75.28289741304448,73.84354029412853,34.871233766233765,38.2741341991342,1,0,96.8515414575301,95.21605123603898,1.6354902214911249,62.81197529810183,66.31367168452692,-3.5016963864250954,15.604575163398692,20.833882142198558,-5.229306978799865,1
Valorant Masters Santiago 2026,Playoffs,Lower Final,NRG,Paper Rex,50.0,50.0,2,2,66.66666666666666,1649.2807792358858,1582.3657468304584,40.59405940594059,50.0,50.0,2,2,80.0,1682.512249412219,1657.0698311529757,77.55102040816325,1.12032374939692,1.236082139554037,131.74747921382598,141.7865879572497,199.6139706102864,212.65762731005378,4.261872251129217,3.6243161631396927,2.315605550463755,0.8024456472721179,1.0493342669370533,1.0956173391151331,74.84783734783734,75.31104556119263,36.004017857142856,34.59067821067821,1,0,96.90607242153274,96.81114985148442,0.09492257004832538,54.3945091945092,62.66887272522237,-8.274363530713174,45.74203574203576,15.312908496732025,30.429127245303736,0
Valorant Masters Santiago 2026,Playoffs,Grand Final,Nongshim RedForce,Paper Rex,33.333333333333336,33.333333333333336,1,1,66.66666666666666,1598.2904189024841,1557.5790726309906,100.0,66.66666666666666,66.66666666666666,1,1,80.0,1698.4339619059494,1670.9428151251739,78.21782178217822,1.0939026743244125,1.2386922630661856,126.42392639767641,141.653839419238,194.8102838827839,212.24218871356254,3.5516135253635257,3.6720354613853066,0.5950526242276243,0.7364678694943402,1.024646916971917,1.0937202630917413,72.08142709142709,74.90145491791777,30.7756228956229,34.000105820105816,1,1,95.6539043613187,96.7560717056959,-1.1021673443772073,55.97789115646259,63.20429026311379,-7.2263991066512006,19.20634920634921,14.026143790849666,5.180205415499543,1
Valorant Masters London 2026,Playoffs,Upper Quarterfinals,G2 Esports,Xi Lai Gaming,83.33333333333333,83.33333333333333,2,2,60.0,1639.2644572920105,1553.4782896001855,63.46153846153847,16.66666666666667,16.66666666666667,2,2,46.666666666666664,1552.557061534089,1459.131286034814,36.53846153846153,1.1121333813615664,1.084584962888898,134.5678377831319,133.08294447251345,203.6299482652424,203.1791093054455,4.09945026650909,4.078538291210704,1.9655577100459454,1.506066366982315,1.0600623587741234,1.0098209999132413,72.44354029412852,72.6593201936952,37.53095238095238,23.333333333333332,1,0,95.13815317431329,95.29245784425994,-0.15430466994665437,65.93123440440424,61.104857851433195,4.826376552971041,22.738644046960466,26.201923076923073,-3.4632790299626066,0
Valorant Masters London 2026,Playoffs,Upper Quarterfinals,EDward Gaming,FUT Esports,66.66666666666666,66.66666666666666,1,1,53.333333333333336,1547.463516002364,1489.8869223927602,0.0,33.33333333333334,33.33333333333334,1,1,60.0,1533.8493377225893,1465.9840816138567,39.42307692307692,1.0690228048295782,0.9748310131930051,130.61816971543863,124.01309196250374,199.56441806559454,187.4294495700378,3.4187236293118644,3.6763062101297397,0.8351763150481638,2.4324291666938724,1.0077137232515383,0.9403658223040576,71.31506700091397,67.62789770142712,20.75,28.666125541125542,1,0,96.07881284352517,94.69566658069765,1.3831462628275233,54.603122225626755,41.411653480618995,13.19146874500776,14.411976911976904,16.35401635401636,-1.942039442039455,1
Valorant Masters London 2026,Playoffs,Upper Quarterfinals,Paper Rex,LEVIATÁN,33.33333333333334,33.33333333333334,1,1,73.33333333333333,1675.8969738594885,1647.7956362547714,57.692307692307686,66.66666666666666,66.66666666666666,1,1,53.333333333333336,1527.309514461417,1517.5813021465488,59.4059405940594,1.194019171427185,1.1984312499832797,139.12202123741983,129.25672392694452,208.48650689538076,197.19872050063225,3.5811263704762153,3.513874271153683,0.649130748282219,0.9398070623548566,1.070136929758408,1.0533369294104589,73.53251552397838,73.71200928282377,31.933439153439153,43.22161172161172,1,0,95.83017463470824,94.39938085060241,1.4307937841058305,62.76337315553002,53.48477580937355,9.278597346156467,14.026143790849666,34.48763955342903,-20.46149576257936,1
Valorant Masters London 2026,Playoffs,Upper Quarterfinals,Team Heretics,Team Vitality,75.0,75.0,4,4,66.66666666666666,1595.357649998138,1542.0961920129039,60.57692307692308,25.0,25.0,4,4,60.0,1584.4556929018495,1517.4390438808157,59.4059405940594,1.1382973989565002,1.2366086634202011,128.6887733725969,134.05325051038287,197.63290379283026,201.5445460068254,3.518276252614488,3.2330849025701967,0.9900728196095844,1.2201493578317109,1.0445238620856268,1.0471587922970276,74.60454873557815,72.50518648018648,29.776560846560848,43.584340659340654,1,1,94.88032014094043,94.4294722832072,0.45084785773322267,63.49629629629629,52.278503994190274,11.21779230210602,13.682539682539673,21.984551396316103,-8.30201171377643,0
Valorant Masters London 2026,Playoffs,Lower Round 1,G2 Esports,FUT Esports,50.0,50.0,0,0,53.333333333333336,1620.3479247242929,1534.2492430466677,43.56435643564357,50.0,50.0,0,0,60.0,1519.2446413436935,1451.8281630403806,40.59405940594059,1.064411557446514,0.9785214497019462,132.76107787637198,124.30837815778993,200.19498323027736,187.15739569798396,4.025091292150116,3.698528432351962,2.1349609734492088,2.612590782855489,1.0386730813848462,0.943837202775438,71.77392304241043,68.00729336023454,38.04404761904762,29.25108225108225,1,0,95.62412621115548,94.69105723337393,0.9330689777815593,65.93123440440424,41.411653480618995,24.51958092378524,22.738644046960466,16.35401635401636,6.3846276929441075,0
Valorant Masters London 2026,Playoffs,Lower Round 1,LEVIATÁN,Team Heretics,50.0,50.0,2,2,53.333333333333336,1516.8088527095724,1506.2851244340318,37.62376237623762,50.0,50.0,2,2,60.0,1577.2055721327372,1523.249230792212,39.42307692307692,1.1821050002226585,1.121212276132223,128.66477948250005,127.23516031898384,195.89260938952114,195.16297372290018,3.449985382264794,3.4068543411925765,1.083459840132634,1.1583105818473465,1.0433674849660144,1.0301695497313144,73.97446838972574,74.88149702188568,45.0595238095238,30.236791383219956,1,0,94.08907252974915,94.35605278492169,-0.2669802551725411,53.48477580937355,63.49629629629629,-10.011520486922741,34.48763955342903,13.682539682539673,20.805099870889354,1
Valorant Masters London 2026,Playoffs,Upper Semifinals,Xi Lai Gaming,EDward Gaming,42.85714285714286,40.0,7,5,53.333333333333336,1571.4735941018066,1478.3603325883316,56.43564356435643,57.14285714285714,60.0,7,5,60.0,1562.0682123812599,1504.0428409662363,18.269230769230766,1.074638872916492,1.0918305047993055,132.654373043942,131.55612065338957,202.42494263877884,200.67350897468543,3.8404430531154667,3.4537404643286993,1.6833520812680296,1.0638487537206025,1.0030174284846698,1.0181358011736161,72.53094670481033,71.64699523175351,23.333333333333332,20.75,1,1,95.30838781343517,96.29769522480026,-0.9893074113650897,61.104857851433195,54.603122225626755,6.50173562580644,26.201923076923073,14.411976911976904,11.78994616494617,0
Valorant Masters London 2026,Playoffs,Upper Semifinals,Paper Rex,Team Vitality,50.0,50.0,0,0,80.0,1686.397635611333,1659.0918139672883,78.84615384615384,50.0,50.0,0,0,66.66666666666666,1602.6077707672503,1536.2860051015075,60.57692307692308,1.1980209248412108,1.2661485427035586,139.73973685513548,135.30213939927177,209.1669264758003,203.60676822904765,3.5454620348118797,3.2864182359035303,0.7850538252052958,1.3459715800539331,1.069115950737429,1.0704032367414722,72.91670619327353,73.04728535353536,30.771541950113377,45.12113095238095,1,0,95.8613305009365,94.61195249192305,1.249378009013455,62.76337315553002,52.278503994190274,10.484869161339745,14.026143790849666,21.984551396316103,-7.958407605466437,1
Valorant Masters London 2026,Playoffs,Lower Round 2,Team Vitality,FUT Esports,66.66666666666667,60.0,6,5,60.0,1591.0040507154235,1526.2455477502738,62.376237623762385,33.33333333333333,40.0,6,5,66.66666666666666,1541.8263865166557,1473.5267590193382,62.376237623762385,1.1449353709392172,0.9994526691431277,133.10180269893505,126.43282260223437,200.92596014823957,189.96047262106086,3.2116707611560553,3.746049799873329,1.556847000929354,2.809941210205916,1.0386961660344014,0.960623527561763,72.61356749311295,68.29468936292466,42.404870129870126,25.79292929292929,1,1,94.86985482025696,94.84698739378398,0.022867426472984675,52.278503994190274,41.411653480618995,10.86685051357128,21.984551396316103,16.35401635401636,5.630535042299744,1
Valorant Masters London 2026,Playoffs,Lower Round 2,Xi Lai Gaming,LEVIATÁN,50.0,50.0,0,0,53.333333333333336,1555.862217443722,1464.2818776093209,58.16326530612243,50.0,50.0,0,0,60.0,1534.6248578743873,1522.2266998826249,56.43564356435643,1.064639481430185,1.2310683234020052,131.670464997965,130.68107577879636,200.9783909146409,199.29631309322485,3.6390062715062714,3.5633187155981276,1.8324900123025123,1.238689469762264,0.9944570836570836,1.0710934108919403,72.3626128038628,75.03881400091292,23.333333333333332,46.73766233766234,1,0,95.19076346788079,94.74585890891034,0.44490455897044967,61.104857851433195,53.48477580937355,7.620082042059643,26.201923076923073,34.48763955342903,-8.285716476505954,0
Valorant Masters London 2026,Playoffs,Upper Final,EDward Gaming,Paper Rex,33.33333333333333,33.33333333333333,3,3,60.0,1577.6795890393444,1518.121295945247,37.62376237623762,66.66666666666667,66.66666666666667,3,3,80.0,1698.0013556631598,1669.132271318522,78.84615384615384,1.1221232724674601,1.1847088922969666,132.31377371461406,138.87397516584437,201.36557246674892,207.29739404744436,3.379137289725525,3.532792351553961,1.1687722231083575,0.9174489986592927,1.0355337603572898,1.0560284695911244,72.28424483439963,72.17065400695729,20.75,27.984737484737483,1,0,96.10529884472646,96.25738492966919,-0.1520860849427237,54.603122225626755,62.76337315553002,-8.160250929903263,14.411976911976904,14.026143790849666,0.3858331211272379,0
Valorant Masters London 2026,Playoffs,Lower Round 3,Team Vitality,LEVIATÁN,33.33333333333334,33.33333333333334,1,1,66.66666666666666,1606.129368710157,1541.195287595154,81.73076923076923,66.66666666666666,66.66666666666666,1,1,66.66666666666666,1553.2993381873275,1536.918312263986,78.21782178217822,1.2169328167370008,1.2556680768423383,136.4953380524704,132.37631387403448,206.4932328755123,201.22520198211376,3.269448538933833,3.4915726838520955,1.6822247787071316,1.349768834841629,1.0753991963374316,1.0854362680347975,73.5415909090909,74.69983825814708,42.22035714285714,48.691428571428574,1,0,94.8503911698637,94.22900076708252,0.6213904027811736,52.278503994190274,53.48477580937355,-1.2062718151832783,21.984551396316103,34.48763955342903,-12.503088157112924,0
Valorant Masters London 2026,Playoffs,Lower Final,EDward Gaming,LEVIATÁN,66.66666666666666,66.66666666666666,1,1,53.333333333333336,1567.542746464847,1509.1410673313203,37.62376237623762,33.33333333333334,33.33333333333334,1,1,73.33333333333333,1573.5551054593889,1554.7349595126764,78.84615384615384,1.1005746175710143,1.281644107729618,131.78915176326942,133.74372128144188,200.05001691119338,203.3170538339656,3.5865446971329322,3.41601712829654,1.3575207415678003,1.432954020026814,1.0229426207779149,1.1005473791459086,72.28424483439963,75.19735115102762,20.75,48.27936507936508,1,0,95.78201928729905,94.06972288109225,1.7122964062068036,54.603122225626755,53.48477580937355,1.1183464162532033,14.411976911976904,34.48763955342903,-20.075662641452123,0
Esports World Cup 2026,Group Stage,Opening (A),Rex Regum Qeon,100 Thieves,50.0,50.0,0,0,33.33333333333333,1465.361666212081,1454.1997038428533,18.269230769230766,50.0,50.0,0,0,86.66666666666667,1653.2193779766792,1511.649084807243,36.53846153846153,1.0405927322649728,1.1369831700576387,127.36583736524912,130.82558715894243,193.1026584771438,200.09429682159947,3.29547339914987,3.2471288312077786,0.7879776541269189,0.9381580865284813,0.9979167340829105,1.0472770538428433,70.51392927334103,73.06758935022093,33.517467532467535,40.337626262626266,1,0,95.33518639874248,93.99588267410722,1.3393037246352577,47.17578849721707,52.43180349062702,-5.2560149934099485,31.46428571428571,19.48879551820729,11.975490196078422,0
Esports World Cup 2026,Group Stage,Opening (A),BBL Esports,EDward Gaming,50.0,50.0,0,0,60.0,1601.0762288247881,1485.580531014203,31.666666666666664,50.0,50.0,0,0,46.666666666666664,1550.2472833666932,1493.8375436706124,37.62376237623762,0.9919499665215828,1.081435941195765,127.60368668368667,130.75995786348727,193.78760202760205,198.39947224888402,4.217011137011137,3.533385655738597,1.6605760313760314,1.6175207415678006,0.9724993302993303,1.0103957798193093,68.10432752432753,72.86564082944606,35.37162534435262,20.75,1,0,95.54634403164754,95.39789803438082,0.1484459972667196,54.3880166268226,54.603122225626755,-0.2151055988041577,14.426406926406921,14.411976911976904,0.014430014430017124,1
Esports World Cup 2026,Group Stage,Winner's (A),100 Thieves,BBL Esports,50.0,50.0,0,0,86.66666666666667,1662.1334943800375,1526.3651150870862,38.31775700934579,50.0,50.0,0,0,60.0,1614.0682374323894,1501.1417000311176,48.101265822784804,1.1369831700576387,0.9827282481583074,130.82558715894243,127.30887186887186,200.09429682159947,193.78612054612054,3.2471288312077786,4.4836778036778036,0.9381580865284813,2.0553908461908463,1.0472770538428433,0.9696993302993303,73.06758935022093,67.74729048729048,40.337626262626266,32.84878787878788,1,0,93.99588267410722,95.70145921383838,-1.7055765397311546,53.63077659829197,54.865079365079374,-1.2343027667874011,20.44117647058824,15.740740740740744,4.700435729847495,1
Esports World Cup 2026,Group Stage,Elimination (A),Rex Regum Qeon,EDward Gaming,50.0,50.0,0,0,26.666666666666668,1456.4475498087227,1439.4836735630101,18.269230769230766,50.0,50.0,0,0,40.0,1537.255274759092,1478.2763746536978,38.77551020408163,1.0405927322649728,1.081435941195765,127.36583736524912,130.75995786348727,193.1026584771438,198.39947224888402,3.29547339914987,3.533385655738597,0.7879776541269189,1.6175207415678006,0.9979167340829105,1.0103957798193093,70.51392927334103,72.86564082944606,33.517467532467535,20.75,1,0,95.33518639874248,95.39789803438082,-0.06271163563833682,45.96520468456744,54.01280849734458,-8.04760381277714,33.261671335200745,13.766109369557643,19.495561965643102,0
Esports World Cup 2026,Group Stage,Decider (A),BBL Esports,EDward Gaming,66.66666666666666,66.66666666666666,1,1,53.333333333333336,1600.9577368015277,1487.0432675380268,38.77551020408163,33.33333333333334,33.33333333333334,1,1,46.666666666666664,1550.8340572827935,1493.9193834136422,40.59405940594059,0.9640754254193403,1.081435941195765,126.89553853553853,130.75995786348727,192.4032634032634,198.39947224888402,4.542725422725423,3.533385655738597,2.5267241795241797,1.6175207415678006,0.9634898064898064,1.0103957798193093,67.30538572538573,72.86564082944606,30.609764309764312,20.75,1,0,95.90811963467435,95.39789803438082,0.5102216002935336,54.02069891976164,54.822702549975276,-0.8020036302136333,14.812940470835212,12.954143557591824,1.8587969132433884,1
Esports World Cup 2026,Group Stage,Opening (B),Team Vitality,Karmine Corp,66.66666666666666,66.66666666666666,1,1,60.0,1585.8736014380956,1523.3786403464637,60.57692307692308,33.333333333333336,33.333333333333336,1,1,60.0,1534.3010602253635,1500.0,50.0,1.2035781719404253,1.0494763142408128,135.46034559394855,128.39344645951456,205.3345601756631,196.13627831863127,3.12374718146777,3.4755242991156305,1.9111810381339793,0.3294636970643163,1.0623645055380349,0.9976242780267549,73.6475193107546,72.23306896062314,44.425396825396824,29.91979316979317,1,1,94.20941633271644,96.6637468887975,-2.454330556081061,52.278503994190274,50.65040650406504,1.628097490125235,21.984551396316103,29.58333333333333,-7.598781937017225,1
Esports World Cup 2026,Group Stage,Opening (B),NRG,Paper Rex,33.33333333333333,33.33333333333333,3,3,66.66666666666666,1633.3590667421554,1568.4927628582602,39.42307692307692,66.66666666666667,66.66666666666667,3,3,80.0,1708.1381982376572,1678.1124999324488,78.84615384615384,1.0998387496230315,1.2070830383348825,131.3297014360482,140.48157320506004,198.75915579547157,209.4807273807777,4.32557595483292,3.5778903907696478,2.235864809723014,1.0695249790514496,1.0378972299000162,1.0718691558656341,74.15524475524475,72.65362517420374,35.22901785714286,28.150132275132275,1,0,96.84600501174282,96.3334344713237,0.5125705404191194,53.19521748093177,62.76337315553002,-9.568155674598252,45.274170274170274,14.026143790849666,31.248026483320608,1
Esports World Cup 2026,Group Stage,Winner's (B),Team Vitality,NRG,50.0,50.0,0,0,66.66666666666666,1600.8801179531067,1539.7961357410784,61.6822429906542,50.0,50.0,0,0,66.66666666666666,1651.7809891841414,1588.3354856926533,57.692307692307686,1.2035781719404253,1.1106351489959545,135.46034559394855,131.41121658756333,205.3345601756631,199.15885276516855,3.12374718146777,4.52527292452989,1.9111810381339793,2.4437739006321046,1.0623645055380349,1.0443184420212284,73.6475193107546,74.01736596736596,44.425396825396824,36.45816326530612,1,0,94.20941633271644,96.91475739710674,-2.7053410643902964,53.636529963475276,54.202504419895725,-0.5659744564204487,21.25474695807177,45.90909090909091,-24.654343951019136,1
Esports World Cup 2026,Group Stage,Elimination (B),Karmine Corp,Paper Rex,50.0,50.0,0,0,53.333333333333336,1519.2945437103524,1483.5825046053853,0.0,50.0,50.0,0,0,80.0,1689.7162757956712,1658.2697770980558,59.4059405940594,1.0494763142408128,1.2070830383348825,128.39344645951456,140.48157320506004,196.13627831863127,209.4807273807777,3.4755242991156305,3.5778903907696478,0.3294636970643163,1.0695249790514496,0.9976242780267549,1.0718691558656341,72.23306896062314,72.65362517420374,29.91979316979317,28.150132275132275,1,0,96.6637468887975,96.3334344713237,0.3303124174738059,48.6881335718545,61.89288794793383,-13.204754376079329,26.762820512820518,15.015873015873016,11.746947496947502,1
Esports World Cup 2026,Group Stage,Decider (B),NRG,Karmine Corp,50.0,50.0,0,0,60.0,1634.369917594355,1571.0256409518834,39.42307692307692,50.0,50.0,0,0,53.333333333333336,1541.4048230094932,1505.8399986536283,46.34146341463415,1.1063365472287925,1.0494763142408128,130.89121658756332,128.39344645951456,198.67885276516853,196.13627831863127,4.56527292452989,3.4755242991156305,2.5504405672987716,0.3294636970643163,1.0428517753545619,0.9976242780267549,73.68403263403263,72.23306896062314,36.45816326530612,29.91979316979317,1,0,96.92024496494832,96.6637468887975,0.25649807615081954,53.45296717171717,48.92436176749903,4.5286054042181405,44.381313131313135,25.428397854868447,18.95291527644469,1
Esports World Cup 2026,Group Stage,Opening (C),Gentle Mates,Xi Lai Gaming,50.0,50.0,0,0,46.666666666666664,1485.0223914511691,1498.862078561316,51.76470588235295,50.0,50.0,0,0,46.666666666666664,1537.187737130782,1449.5902652279597,58.16326530612243,1.03137253577308,1.0364747290438168,127.61708735708736,129.57531348281347,195.5584978909979,197.7680878843379,3.7583352295852297,3.4440567765567764,0.716330315055315,1.9380395072520074,1.00582467994968,0.9721924371924371,71.93686757686758,72.33147454397455,32.3210582010582,23.333333333333332,1,0,96.45958142989743,94.50284148019286,1.9567399497045699,41.88491704374057,61.104857851433195,-19.219940807692623,10.73466566113625,26.201923076923073,-15.467257415786824,1
Esports World Cup 2026,Group Stage,Opening (C),Nongshim RedForce,G2 Esports,66.66666666666666,66.66666666666666,1,1,66.66666666666666,1620.827406948945,1580.726251501393,100.0,33.333333333333336,33.333333333333336,1,1,46.666666666666664,1597.7661795513307,1512.55064706771,21.782178217821784,1.149417825839564,1.048525493511797,128.9330173067673,132.02424803954216,198.45270812520812,199.43461026990437,3.727371101121101,3.9917579588167826,0.591840503015503,2.2090681995564347,1.049495401820402,1.0278455755573404,73.04506345506346,71.38375144212249,33.22228956228956,38.84259259259259,1,0,95.49617636624252,95.68445210131013,-0.18827573506760586,56.64786967418547,65.93123440440424,-9.283364730218764,20.17857142857143,22.738644046960466,-2.560072618389036,1
Esports World Cup 2026,Group Stage,Winner's (C),Gentle Mates,Nongshim RedForce,33.333333333333336,33.333333333333336,1,1,46.666666666666664,1502.4875832193,1511.9208158383262,60.57692307692308,66.66666666666666,66.66666666666666,1,1,66.66666666666666,1635.0199776659329,1592.981329750495,100.0,1.03137253577308,1.149417825839564,127.61708735708736,128.9330173067673,195.5584978909979,198.45270812520812,3.7583352295852297,3.727371101121101,0.716330315055315,0.591840503015503,1.00582467994968,1.049495401820402,71.93686757686758,73.04506345506346,32.3210582010582,33.22228956228956,1,0,96.45958142989743,95.49617636624252,0.9634050636549034,43.63132674453429,57.19265483971366,-13.56132809517937,9.133597883597883,25.295673825085597,-16.162075941487714,1
Esports World Cup 2026,Group Stage,Elimination (C),Xi Lai Gaming,G2 Esports,33.33333333333334,33.33333333333334,3,3,46.666666666666664,1519.722545362651,1436.5315279509493,38.77551020408163,66.66666666666666,66.66666666666666,3,3,46.666666666666664,1583.5736088343428,1500.2955688186082,21.782178217821784,1.0364747290438168,1.0483847495079481,129.57531348281347,132.3881696081696,197.7680878843379,199.73186517186517,3.4440567765567764,3.9858756058756057,1.9380395072520074,2.419911336811337,0.9721924371924371,1.026869104969105,72.33147454397455,71.46972429280122,23.333333333333332,39.680059523809526,1,0,94.50284148019286,95.67558213773297,-1.1727406575401176,60.1689520167781,65.28535206461822,-5.1164000478401235,22.278174723826893,26.193305605070314,-3.915130881243421,0
Esports World Cup 2026,Group Stage,Opening (D),MIBR,Global Esports,50.0,50.0,0,0,33.33333333333333,1500.880776413483,1483.026492080194,43.56435643564357,50.0,50.0,0,0,46.666666666666664,1474.199055921967,1479.909264834881,33.333333333333336,1.049869386194897,1.0695980345566303,129.29157338848515,131.2968410347822,196.15285374755962,200.59760990371285,3.75968424821366,3.4283640515258162,1.6965620077634784,1.6104640985648337,0.9946797673459439,0.9968728400140165,71.37848321613028,70.5889829193138,26.726190476190478,31.445833333333336,1,0,94.94494781454449,95.47733279488696,-0.5323849803424707,47.83685268979387,47.02424242424242,0.8126102655514487,30.356125356125357,20.25252525252525,10.103600103600108,1
Esports World Cup 2026,Group Stage,Opening (D),All Gamers,Team Heretics,50.0,50.0,0,0,40.0,1495.3249875088266,1491.9547882842694,31.666666666666664,50.0,50.0,0,0,60.0,1559.3895669679223,1507.307655343619,18.81188118811881,1.0563621295298133,1.1107639493005788,125.26091109954233,126.23998686498686,197.49861943249198,193.93250615125618,3.014128402461736,3.2659795297295293,0.8579798306687447,1.3832366753616754,0.9779780866653038,1.0225828227328226,71.2263759242266,75.08052620456466,33.654761904761905,30.80308302808303,1,0,96.29864763569614,94.10534970937738,2.1932979263187633,50.84645374119059,63.49629629629629,-12.649842555105707,14.768518518518519,13.682539682539673,1.085978835978846,0
Esports World Cup 2026,Group Stage,Winner's (D),MIBR,Team Heretics,66.66666666666666,66.66666666666666,1,1,33.33333333333333,1517.131814772127,1500.4685873355045,63.46153846153847,33.33333333333334,33.33333333333334,1,1,60.0,1571.8181373787631,1521.8364178163997,38.77551020408163,1.08692373924925,1.1107639493005788,130.4430885400003,126.23998686498686,197.54073253543842,193.93250615125618,3.7960478845772965,3.2659795297295293,1.8369256441271147,1.3832366753616754,1.0084737067398832,1.0225828227328226,71.4766650343121,75.08052620456466,27.05595238095238,30.80308302808303,1,0,94.07978607002292,94.10534970937738,-0.025563639354459156,49.124716553287975,63.39305031157166,-14.268333758283688,28.5978835978836,13.323483332557739,15.274400265325863,0
Esports World Cup 2026,Group Stage,Elimination (D),Global Esports,All Gamers,50.0,50.0,0,0,46.666666666666664,1457.9480175633232,1462.4671695795705,24.050632911392402,50.0,50.0,0,0,40.0,1482.8964170979857,1477.4260258114887,24.050632911392402,1.0695980345566303,1.0563621295298133,131.2968410347822,125.26091109954233,200.59760990371285,197.49861943249198,3.4283640515258162,3.014128402461736,1.6104640985648337,0.8579798306687447,0.9968728400140165,0.9779780866653038,70.5889829193138,71.2263759242266,31.445833333333336,33.654761904761905,1,0,95.47733279488696,96.29864763569614,-0.8213148408091797,45.44871794871795,49.83465608465609,-4.38593813593814,21.388888888888886,12.46693121693122,8.921957671957665,0
Esports World Cup 2026,Group Stage,Decider (D),MIBR,All Gamers,50.0,50.0,0,0,33.33333333333333,1502.2793999843886,1483.9496521120932,42.30769230769231,50.0,50.0,0,0,40.0,1499.2347769280768,1494.268724833257,40.59405940594059,1.0693295680103418,1.0563621295298133,130.15725520666697,125.26091109954233,196.3773992021051,197.49861943249198,3.7810478845772963,3.014128402461736,2.137883977460448,0.8579798306687447,0.9983987067398832,0.9779780866653038,71.07333170097876,71.2263759242266,26.992724867724867,33.654761904761905,1,0,93.80300027550143,96.29864763569614,-2.4956473601947096,47.888007054673714,51.15342118737705,-3.2654141327033344,30.8994708994709,9.774436090225558,21.125034809245342,1
Esports World Cup 2026,Playoffs,Quarterfinals,100 Thieves,MIBR,50.0,50.0,4,4,86.66666666666667,1675.2439950108992,1540.463547580177,57.692307692307686,50.0,50.0,4,4,40.0,1517.3462038242556,1499.6009697303161,40.59405940594059,1.1369831700576387,1.0783331624785053,130.82558715894243,130.4505885400003,200.09429682159947,197.10406586877176,3.2471288312077786,3.8477145512439628,0.9381580865284813,2.544983977460448,1.0472770538428433,1.0048987067398831,73.06758935022093,71.32999836764543,40.337626262626266,26.960565476190474,1,1,93.99588267410722,93.72688624520465,0.26899642890256814,54.0628736343022,48.43839143312827,5.624482201173933,17.793410293410293,29.0845010252905,-11.291090731880207,1
Esports World Cup 2026,Playoffs,Quarterfinals,Team Vitality,Nongshim RedForce,50.0,50.0,0,0,66.66666666666666,1618.291189542893,1557.1059804818483,60.57692307692308,50.0,50.0,0,0,60.0,1614.2875764536184,1574.2979798828928,81.18811881188118,1.2035781719404253,1.149417825839564,135.46034559394855,128.9330173067673,205.3345601756631,198.45270812520812,3.12374718146777,3.727371101121101,1.9111810381339793,0.591840503015503,1.0623645055380349,1.049495401820402,73.6475193107546,73.04506345506346,44.425396825396824,33.22228956228956,1,0,94.20941633271644,95.49617636624252,-1.286760033526079,54.017269921337196,56.24348055720605,-2.2262106358688527,18.31747954712014,26.139829669241443,-7.822350122121303,0
Esports World Cup 2026,Playoffs,Quarterfinals,Team Heretics,BBL Esports,60.0,60.0,5,5,60.0,1586.6705521665015,1538.3553530398108,40.59405940594059,40.0,40.0,5,5,60.0,1616.0360981489864,1504.9915445895779,59.4059405940594,1.1107639493005788,1.0048164446340437,126.23998686498686,128.59363377363377,193.93250615125618,195.3585014985015,3.2659795297295293,4.35034447034447,1.3832366753616754,2.6926289414289415,1.0225828227328226,0.9855374255374255,75.08052620456466,68.40824286824288,30.80308302808303,31.879166666666666,1,1,94.10534970937738,95.17999314324808,-1.0746434338707047,64.149025577597,55.049863724167125,9.099161853429877,14.358974358974352,16.294421952316686,-1.9354475933423334,0
Esports World Cup 2026,Playoffs,Quarterfinals,Gentle Mates,NRG,50.0,50.0,0,0,46.666666666666664,1523.2199844316144,1530.6041657059284,59.4059405940594,50.0,50.0,0,0,60.0,1645.5971395451152,1583.4068243930956,37.62376237623762,1.03137253577308,1.1020649500359387,127.61708735708736,130.89121658756332,195.5584978909979,198.4521860985019,3.7583352295852297,4.631939591196557,0.716330315055315,2.643773900632105,1.00582467994968,1.0367184420212285,71.93686757686758,73.13403263403264,32.3210582010582,36.45816326530612,1,0,96.45958142989743,97.04528704567157,-0.5857056157741454,44.672049441786285,54.372610574182985,-9.7005611323967,12.921982987772463,45.521067452013746,-32.59908446424129,0
Esports World Cup 2026,Playoffs,Semifinals,100 Thieves,Nongshim RedForce,50.0,50.0,0,0,86.66666666666667,1683.9754306967861,1553.8840433736832,57.692307692307686,50.0,50.0,0,0,66.66666666666666,1629.662723237813,1588.746458366099,81.18811881188118,1.1369831700576387,1.149417825839564,130.82558715894243,128.9330173067673,200.09429682159947,198.45270812520812,3.2471288312077786,3.727371101121101,0.9381580865284813,0.591840503015503,1.0472770538428433,1.049495401820402,73.06758935022093,73.04506345506346,40.337626262626266,33.22228956228956,1,0,93.99588267410722,95.49617636624252,-1.5002936921353012,54.00007014590348,56.69538522479699,-2.6953150788935147,17.192760942760955,29.537037037037038,-12.344276094276083,1
Esports World Cup 2026,Playoffs,Semifinals,BBL Esports,NRG,33.333333333333336,33.333333333333336,1,1,66.66666666666666,1629.954431973181,1521.6467115369705,59.4059405940594,66.66666666666666,66.66666666666666,1,1,60.0,1655.6541962796894,1596.314377444725,58.16326530612243,1.006467288554989,1.1116821607103204,129.8367106967107,131.69121658756333,197.33234765234766,199.69218609850188,4.593934213934214,4.685272924529891,3.0424494542494545,2.5371072339654384,0.9888092204092204,1.038585108687895,68.69439671439672,73.30069930069929,30.885714285714283,36.45816326530612,1,0,95.14330607387001,97.04811452516847,-1.9048084512984644,55.503742396454946,54.47690680115358,1.026835595301364,15.667641325536064,45.115270350564465,-29.4476290250284,0
Esports World Cup 2026,Playoffs,Grand Final,100 Thieves,NRG,66.66666666666666,80.0,6,5,86.66666666666667,1696.8184658439677,1570.6041449265936,78.21782178217822,33.33333333333334,20.0,6,5,60.0,1669.731900439931,1608.2971127349367,80.0,1.1369831700576387,1.094787209505072,130.82558715894243,130.27788325423,200.09429682159947,197.91885276516857,3.2471288312077786,4.831939591196557,0.9381580865284813,2.6704405672987717,1.0472770538428433,1.027785108687895,73.06758935022093,72.71736596736596,40.337626262626266,36.45816326530612,1,1,93.99588267410722,97.16617469973835,-3.1702920256311273,54.29760293890729,54.71723724735773,-0.4196343084504406,15.89170692431563,46.12147112147112,-30.22976419715549,1
Esports World Cup 2026,Playoffs,Consolation Final,Nongshim RedForce,BBL Esports,50.0,50.0,0,0,60.0,1616.8196880906314,1572.0263568131886,61.22448979591836,50.0,50.0,0,0,60.0,1615.8767278129394,1509.663976246759,61.22448979591836,1.149417825839564,1.0214938446213284,128.9330173067673,130.87671069671072,198.45270812520812,198.29012543012544,3.727371101121101,4.8517119917119915,0.591840503015503,3.36220500980501,1.049495401820402,1.0028536648536648,73.04506345506346,69.23217449217448,33.22228956228956,29.366666666666664,1,0,95.49617636624252,95.46257420987284,0.03360215636968178,55.85058661145618,54.80206927575348,1.048517335702698,30.66798941798943,13.377192982456137,17.29079643553329,1
